roi_folder,imaging_row,display_construct,display_fluorTag,display_fluorOrganelle,display_organelle,display_fluor,mount_orientation,birthday,age_tiff,n_tiffs,n_tiffs_cama,n_tiffs_camb,n_tiffs_cam2,n_tiffs_unknown_cam,mom_transgene,dad_transgene,injected_plasmid,injected_rna,linkage_class,construct_source,tg_display,display_constructs,display_fluors,display_organelle_treatment_aware,display_fluors_treatment_aware
20250123_Korra_Foundation/20250123_msg_histone,manual_20,tg(pdqm-5)301; tg(pdqm-133)324,tdmSG-2xLynk(N); tdmScarlet3-H2B(C),tdmSG-membrane; tdmScarlet3-histone,membrane; histone,sg; scarlet3,,,,605,234,21,170,180,pdqm-5(301),pdqm-133(324),,,direct_by_clue_map,manual,pdqm-5(301); pdqm-133(324),tg(pdqm-5)301; tg(pdqm-133)324,sg; scarlet3,membrane; histone,sg; scarlet3
20250123_Korra_Foundation/20250124_skittles/fish1_phic/roi1,manual_1,tg(pdqm-34)309,Electra2; mCitrine; mKOK; mKate2; mTFP1,Electra2-cytosol; mCitrine-cytosol; mKOK-cytosol; mKate2-cytosol; mTFP1-cytosol,cytosol,electra2; citrine; kok; kate2; tfp1,,,,15,9,6,0,0,pdqm-34(309),pdqm-34(309),,,direct_by_clue_map,manual,pdqm-34(309),tg(pdqm-34)309,electra2; citrine; kok; kate2; tfp1,cytosol,electra2; citrine; kok; kate2; tfp1
20250123_Korra_Foundation/20250124_skittles/fish1_phic/roi2,manual_1,tg(pdqm-34)309,Electra2; mCitrine; mKOK; mKate2; mTFP1,Electra2-cytosol; mCitrine-cytosol; mKOK-cytosol; mKate2-cytosol; mTFP1-cytosol,cytosol,electra2; citrine; kok; kate2; tfp1,,,,15,9,6,0,0,pdqm-34(309),pdqm-34(309),,,direct_by_clue_map,manual,pdqm-34(309),tg(pdqm-34)309,electra2; citrine; kok; kate2; tfp1,cytosol,electra2; citrine; kok; kate2; tfp1
20250123_Korra_Foundation/20250124_skittles/fish1_phic/roi3,manual_1,tg(pdqm-34)309,Electra2; mCitrine; mKOK; mKate2; mTFP1,Electra2-cytosol; mCitrine-cytosol; mKOK-cytosol; mKate2-cytosol; mTFP1-cytosol,cytosol,electra2; citrine; kok; kate2; tfp1,,,,15,9,6,0,0,pdqm-34(309),pdqm-34(309),,,direct_by_clue_map,manual,pdqm-34(309),tg(pdqm-34)309,electra2; citrine; kok; kate2; tfp1,cytosol,electra2; citrine; kok; kate2; tfp1
20250123_Korra_Foundation/20250124_skittles/fish2_phic+sol2/roi1,manual_1,tg(pdqm-34)309,Electra2; mCitrine; mKOK; mKate2; mTFP1,Electra2-cytosol; mCitrine-cytosol; mKOK-cytosol; mKate2-cytosol; mTFP1-cytosol,cytosol,electra2; citrine; kok; kate2; tfp1,,,,15,9,6,0,0,pdqm-34(309),pdqm-34(309),,,direct_by_clue_map,manual,pdqm-34(309),tg(pdqm-34)309,electra2; citrine; kok; kate2; tfp1,cytosol,electra2; citrine; kok; kate2; tfp1
20250123_Korra_Foundation/20250124_skittles/fish2_phic+sol2/roi2,manual_1,tg(pdqm-34)309,Electra2; mCitrine; mKOK; mKate2; mTFP1,Electra2-cytosol; mCitrine-cytosol; mKOK-cytosol; mKate2-cytosol; mTFP1-cytosol,cytosol,electra2; citrine; kok; kate2; tfp1,,,,15,9,6,0,0,pdqm-34(309),pdqm-34(309),,,direct_by_clue_map,manual,pdqm-34(309),tg(pdqm-34)309,electra2; citrine; kok; kate2; tfp1,cytosol,electra2; citrine; kok; kate2; tfp1
20250123_Korra_Foundation/20250124_skittles/fish2_phic+sol2/roi3,manual_1,tg(pdqm-34)309,Electra2; mCitrine; mKOK; mKate2; mTFP1,Electra2-cytosol; mCitrine-cytosol; mKOK-cytosol; mKate2-cytosol; mTFP1-cytosol,cytosol,electra2; citrine; kok; kate2; tfp1,,,,15,9,6,0,0,pdqm-34(309),pdqm-34(309),,,direct_by_clue_map,manual,pdqm-34(309),tg(pdqm-34)309,electra2; citrine; kok; kate2; tfp1,cytosol,electra2; citrine; kok; kate2; tfp1
Aang_Foundation/20250722_mem-halo_er-mSG/fish1_24hpf_roi1,direct_162,rna(mgco-4) > tg(pswin-1)is01,rna(mStayGold-sec61b(N)) > halo-2xLynk(N),rna(mStayGold-ER) > halo-membrane,ER; membrane,staygold; halo,,7/21/25,,60,59,1,0,0,pswin-1(is01),pswin-1(is01),,mgco-4,direct,direct,pswin-1(is01),rna(mgco-4) > tg(pswin-1)is01,staygold; halo,rna(ER) > membrane,rna(staygold) > halo
Aang_Foundation/20250722_mem-halo_er-mSG/fish1_24hpf_roi2,direct_162,rna(mgco-4) > tg(pswin-1)is01,rna(mStayGold-sec61b(N)) > halo-2xLynk(N),rna(mStayGold-ER) > halo-membrane,ER; membrane,staygold; halo,,7/21/25,,109,106,3,0,0,pswin-1(is01),pswin-1(is01),,mgco-4,direct,direct,pswin-1(is01),rna(mgco-4) > tg(pswin-1)is01,staygold; halo,rna(ER) > membrane,rna(staygold) > halo
Aang_Foundation/20250722_mem-halo_er-mSG/fish1_24hpf_roi3,direct_162,rna(mgco-4) > tg(pswin-1)is01,rna(mStayGold-sec61b(N)) > halo-2xLynk(N),rna(mStayGold-ER) > halo-membrane,ER; membrane,staygold; halo,,7/21/25,,91,90,1,0,0,pswin-1(is01),pswin-1(is01),,mgco-4,direct,direct,pswin-1(is01),rna(mgco-4) > tg(pswin-1)is01,staygold; halo,rna(ER) > membrane,rna(staygold) > halo
Aang_Foundation/20250722_mem-halo_er-mSG/fish1_24hpf_roi4,direct_162,rna(mgco-4) > tg(pswin-1)is01,rna(mStayGold-sec61b(N)) > halo-2xLynk(N),rna(mStayGold-ER) > halo-membrane,ER; membrane,staygold; halo,,7/21/25,,140,136,4,0,0,pswin-1(is01),pswin-1(is01),,mgco-4,direct,direct,pswin-1(is01),rna(mgco-4) > tg(pswin-1)is01,staygold; halo,rna(ER) > membrane,rna(staygold) > halo
Aang_Foundation/20250722_mem-halo_er-mSG/fish1_24hpf_roi5,direct_162,rna(mgco-4) > tg(pswin-1)is01,rna(mStayGold-sec61b(N)) > halo-2xLynk(N),rna(mStayGold-ER) > halo-membrane,ER; membrane,staygold; halo,,7/21/25,,48,47,1,0,0,pswin-1(is01),pswin-1(is01),,mgco-4,direct,direct,pswin-1(is01),rna(mgco-4) > tg(pswin-1)is01,staygold; halo,rna(ER) > membrane,rna(staygold) > halo
Aang_Foundation/20250722_mem-halo_er-mSG/fish2_24hpf_roi1,direct_162,rna(mgco-4) > tg(pswin-1)is01,rna(mStayGold-sec61b(N)) > halo-2xLynk(N),rna(mStayGold-ER) > halo-membrane,ER; membrane,staygold; halo,,7/21/25,,121,118,3,0,0,pswin-1(is01),pswin-1(is01),,mgco-4,direct,direct,pswin-1(is01),rna(mgco-4) > tg(pswin-1)is01,staygold; halo,rna(ER) > membrane,rna(staygold) > halo
Aang_Foundation/20250722_mem-halo_er-mSG/fish2_24hpf_roi2,direct_162,rna(mgco-4) > tg(pswin-1)is01,rna(mStayGold-sec61b(N)) > halo-2xLynk(N),rna(mStayGold-ER) > halo-membrane,ER; membrane,staygold; halo,,7/21/25,,105,102,3,0,0,pswin-1(is01),pswin-1(is01),,mgco-4,direct,direct,pswin-1(is01),rna(mgco-4) > tg(pswin-1)is01,staygold; halo,rna(ER) > membrane,rna(staygold) > halo
Aang_Foundation/20250722_mem-halo_er-mSG/fish2_24hpf_roi3,direct_162,rna(mgco-4) > tg(pswin-1)is01,rna(mStayGold-sec61b(N)) > halo-2xLynk(N),rna(mStayGold-ER) > halo-membrane,ER; membrane,staygold; halo,,7/21/25,,105,102,3,0,0,pswin-1(is01),pswin-1(is01),,mgco-4,direct,direct,pswin-1(is01),rna(mgco-4) > tg(pswin-1)is01,staygold; halo,rna(ER) > membrane,rna(staygold) > halo
Aang_Foundation/20250722_mem-halo_er-mSG/fish2_24hpf_roi4,direct_162,rna(mgco-4) > tg(pswin-1)is01,rna(mStayGold-sec61b(N)) > halo-2xLynk(N),rna(mStayGold-ER) > halo-membrane,ER; membrane,staygold; halo,,7/21/25,,35,34,1,0,0,pswin-1(is01),pswin-1(is01),,mgco-4,direct,direct,pswin-1(is01),rna(mgco-4) > tg(pswin-1)is01,staygold; halo,rna(ER) > membrane,rna(staygold) > halo
Aang_Foundation/20250722_mrna_mito-mSG_mem-mChilada,direct_163,rna(mgco-1) > tg(pdqm-82)315,rna(mStayGold-2Xcox8A(N)) > tdmChilada-2xLynk(N),rna(mStayGold-mitochondria) > tdmChilada-membrane,mitochondria; membrane,staygold; chilada,,7/21/25,,5003,4959,22,0,22,pdqm-82(315),pdqm-82(315),,mgco-1,direct,direct,pdqm-82(315),rna(mgco-1) > tg(pdqm-82)315,staygold; chilada,rna(mitochondria) > membrane,rna(staygold) > chilada
Aang_Foundation/20250722_mrna_mito-mSG_mem-mChilada/fish1_roi1,direct_163,rna(mgco-1) > tg(pdqm-82)315,rna(mStayGold-2Xcox8A(N)) > tdmChilada-2xLynk(N),rna(mStayGold-mitochondria) > tdmChilada-membrane,mitochondria; membrane,staygold; chilada,,7/21/25,,274,273,1,0,0,pdqm-82(315),pdqm-82(315),,mgco-1,direct,direct,pdqm-82(315),rna(mgco-1) > tg(pdqm-82)315,staygold; chilada,rna(mitochondria) > membrane,rna(staygold) > chilada
Aang_Foundation/20250722_mrna_mito-mSG_mem-mChilada/fish1_roi2,direct_163,rna(mgco-1) > tg(pdqm-82)315,rna(mStayGold-2Xcox8A(N)) > tdmChilada-2xLynk(N),rna(mStayGold-mitochondria) > tdmChilada-membrane,mitochondria; membrane,staygold; chilada,,7/21/25,,449,448,1,0,0,pdqm-82(315),pdqm-82(315),,mgco-1,direct,direct,pdqm-82(315),rna(mgco-1) > tg(pdqm-82)315,staygold; chilada,rna(mitochondria) > membrane,rna(staygold) > chilada
Aang_Foundation/20250722_mrna_mito-mSG_mem-mChilada/fish1_roi3,direct_163,rna(mgco-1) > tg(pdqm-82)315,rna(mStayGold-2Xcox8A(N)) > tdmChilada-2xLynk(N),rna(mStayGold-mitochondria) > tdmChilada-membrane,mitochondria; membrane,staygold; chilada,,7/21/25,,421,420,1,0,0,pdqm-82(315),pdqm-82(315),,mgco-1,direct,direct,pdqm-82(315),rna(mgco-1) > tg(pdqm-82)315,staygold; chilada,rna(mitochondria) > membrane,rna(staygold) > chilada
Aang_Foundation/20250722_mrna_mito-mSG_mem-mChilada/fish1_test,direct_163,rna(mgco-1) > tg(pdqm-82)315,rna(mStayGold-2Xcox8A(N)) > tdmChilada-2xLynk(N),rna(mStayGold-mitochondria) > tdmChilada-membrane,mitochondria; membrane,staygold; chilada,,7/21/25,,20,0,0,0,20,pdqm-82(315),pdqm-82(315),,mgco-1,direct,direct,pdqm-82(315),rna(mgco-1) > tg(pdqm-82)315,staygold; chilada,rna(mitochondria) > membrane,rna(staygold) > chilada
Aang_Foundation/20250722_mrna_mito-mSG_mem-mChilada/fish2_48hpf_roi1,direct_163,rna(mgco-1) > tg(pdqm-82)315,rna(mStayGold-2Xcox8A(N)) > tdmChilada-2xLynk(N),rna(mStayGold-mitochondria) > tdmChilada-membrane,mitochondria; membrane,staygold; chilada,,7/21/25,,98,96,2,0,0,pdqm-82(315),pdqm-82(315),,mgco-1,direct,direct,pdqm-82(315),rna(mgco-1) > tg(pdqm-82)315,staygold; chilada,rna(mitochondria) > membrane,rna(staygold) > chilada
Aang_Foundation/20250722_mrna_mito-mSG_mem-mChilada/fish2_48hpf_roi2,direct_163,rna(mgco-1) > tg(pdqm-82)315,rna(mStayGold-2Xcox8A(N)) > tdmChilada-2xLynk(N),rna(mStayGold-mitochondria) > tdmChilada-membrane,mitochondria; membrane,staygold; chilada,,7/21/25,,454,452,2,0,0,pdqm-82(315),pdqm-82(315),,mgco-1,direct,direct,pdqm-82(315),rna(mgco-1) > tg(pdqm-82)315,staygold; chilada,rna(mitochondria) > membrane,rna(staygold) > chilada
Aang_Foundation/20250722_mrna_mito-mSG_mem-mChilada/fish2_48hpf_roi3,direct_163,rna(mgco-1) > tg(pdqm-82)315,rna(mStayGold-2Xcox8A(N)) > tdmChilada-2xLynk(N),rna(mStayGold-mitochondria) > tdmChilada-membrane,mitochondria; membrane,staygold; chilada,,7/21/25,,591,588,3,0,0,pdqm-82(315),pdqm-82(315),,mgco-1,direct,direct,pdqm-82(315),rna(mgco-1) > tg(pdqm-82)315,staygold; chilada,rna(mitochondria) > membrane,rna(staygold) > chilada
Aang_Foundation/20250722_mrna_mito-mSG_mem-mChilada/fish2_48hpf_roi4,direct_163,rna(mgco-1) > tg(pdqm-82)315,rna(mStayGold-2Xcox8A(N)) > tdmChilada-2xLynk(N),rna(mStayGold-mitochondria) > tdmChilada-membrane,mitochondria; membrane,staygold; chilada,,7/21/25,,454,452,2,0,0,pdqm-82(315),pdqm-82(315),,mgco-1,direct,direct,pdqm-82(315),rna(mgco-1) > tg(pdqm-82)315,staygold; chilada,rna(mitochondria) > membrane,rna(staygold) > chilada
Aang_Foundation/20250722_mrna_mito-mSG_mem-mChilada/fish2_48hpf_roi5,direct_163,rna(mgco-1) > tg(pdqm-82)315,rna(mStayGold-2Xcox8A(N)) > tdmChilada-2xLynk(N),rna(mStayGold-mitochondria) > tdmChilada-membrane,mitochondria; membrane,staygold; chilada,,7/21/25,,433,431,2,0,0,pdqm-82(315),pdqm-82(315),,mgco-1,direct,direct,pdqm-82(315),rna(mgco-1) > tg(pdqm-82)315,staygold; chilada,rna(mitochondria) > membrane,rna(staygold) > chilada
Aang_Foundation/20250722_mrna_mito-mSG_mem-mChilada/fish3_48hpf_roi1,direct_163,rna(mgco-1) > tg(pdqm-82)315,rna(mStayGold-2Xcox8A(N)) > tdmChilada-2xLynk(N),rna(mStayGold-mitochondria) > tdmChilada-membrane,mitochondria; membrane,staygold; chilada,,7/21/25,,454,452,2,0,0,pdqm-82(315),pdqm-82(315),,mgco-1,direct,direct,pdqm-82(315),rna(mgco-1) > tg(pdqm-82)315,staygold; chilada,rna(mitochondria) > membrane,rna(staygold) > chilada
Aang_Foundation/20250722_mrna_mito-mSG_mem-mChilada/fish3_48hpf_roi2,direct_163,rna(mgco-1) > tg(pdqm-82)315,rna(mStayGold-2Xcox8A(N)) > tdmChilada-2xLynk(N),rna(mStayGold-mitochondria) > tdmChilada-membrane,mitochondria; membrane,staygold; chilada,,7/21/25,,454,452,2,0,0,pdqm-82(315),pdqm-82(315),,mgco-1,direct,direct,pdqm-82(315),rna(mgco-1) > tg(pdqm-82)315,staygold; chilada,rna(mitochondria) > membrane,rna(staygold) > chilada
Aang_Foundation/20250722_mrna_mito-mSG_mem-mChilada/fish3_48hpf_roi3,direct_163,rna(mgco-1) > tg(pdqm-82)315,rna(mStayGold-2Xcox8A(N)) > tdmChilada-2xLynk(N),rna(mStayGold-mitochondria) > tdmChilada-membrane,mitochondria; membrane,staygold; chilada,,7/21/25,,454,452,2,0,0,pdqm-82(315),pdqm-82(315),,mgco-1,direct,direct,pdqm-82(315),rna(mgco-1) > tg(pdqm-82)315,staygold; chilada,rna(mitochondria) > membrane,rna(staygold) > chilada
Aang_Foundation/20250722_mrna_mito-mSG_mem-mChilada/fish3_48hpf_roi4,direct_163,rna(mgco-1) > tg(pdqm-82)315,rna(mStayGold-2Xcox8A(N)) > tdmChilada-2xLynk(N),rna(mStayGold-mitochondria) > tdmChilada-membrane,mitochondria; membrane,staygold; chilada,,7/21/25,,442,440,2,0,0,pdqm-82(315),pdqm-82(315),,mgco-1,direct,direct,pdqm-82(315),rna(mgco-1) > tg(pdqm-82)315,staygold; chilada,rna(mitochondria) > membrane,rna(staygold) > chilada
Aang_Foundation/20250723_er-mSG_mem-mChilada/fish1_24hpf_roi1,direct_160,rna(mgco-4) > tg(pdqm-82)315,rna(mStayGold-sec61b(N)) > tdmChilada-2xLynk(N),rna(mStayGold-ER) > tdmChilada-membrane,ER; membrane,staygold; chilada,,7/23/25,,414,408,6,0,0,pdqm-82(315),pdqm-82(315),,mgco-4,direct,direct+slug_rule_memmchilada_ermsg,pdqm-82(315),rna(mgco-4) > tg(pdqm-82)315,staygold; chilada,rna(ER) > membrane,rna(staygold) > chilada
Aang_Foundation/20250805_lifeact_mem-halo/fish1_48hpf_roi1,direct_153,rna(mgco-23) > tg(pswin-1)is01,rna(mStayGold-lifeact(N)) > halo-2xLynk(N),rna(mStayGold-actin) > halo-membrane,actin; membrane,staygold; halo,,8/4/25,,402,396,6,0,0,pswin-1(is01),pswin-1(is01),,mgco-23,direct,direct,pswin-1(is01),rna(mgco-23) > tg(pswin-1)is01,staygold; halo,rna(actin) > membrane,rna(staygold) > halo
Aang_Foundation/20250805_lifeact_mem-halo/fish1_48hpf_roi2,direct_153,rna(mgco-23) > tg(pswin-1)is01,rna(mStayGold-lifeact(N)) > halo-2xLynk(N),rna(mStayGold-actin) > halo-membrane,actin; membrane,staygold; halo,,8/4/25,,402,396,6,0,0,pswin-1(is01),pswin-1(is01),,mgco-23,direct,direct,pswin-1(is01),rna(mgco-23) > tg(pswin-1)is01,staygold; halo,rna(actin) > membrane,rna(staygold) > halo
Aang_Foundation/20250805_lifeact_mem-halo/fish1_48hpf_roi3,direct_153,rna(mgco-23) > tg(pswin-1)is01,rna(mStayGold-lifeact(N)) > halo-2xLynk(N),rna(mStayGold-actin) > halo-membrane,actin; membrane,staygold; halo,,8/4/25,,402,396,6,0,0,pswin-1(is01),pswin-1(is01),,mgco-23,direct,direct,pswin-1(is01),rna(mgco-23) > tg(pswin-1)is01,staygold; halo,rna(actin) > membrane,rna(staygold) > halo
Aang_Foundation/20250805_lifeact_mem-halo/fish1_48hpf_roi4,direct_153,rna(mgco-23) > tg(pswin-1)is01,rna(mStayGold-lifeact(N)) > halo-2xLynk(N),rna(mStayGold-actin) > halo-membrane,actin; membrane,staygold; halo,,8/4/25,,402,396,6,0,0,pswin-1(is01),pswin-1(is01),,mgco-23,direct,direct,pswin-1(is01),rna(mgco-23) > tg(pswin-1)is01,staygold; halo,rna(actin) > membrane,rna(staygold) > halo
Aang_Foundation/20250805_lifeact_mem-halo/fish1_48hpf_roi5,direct_153,rna(mgco-23) > tg(pswin-1)is01,rna(mStayGold-lifeact(N)) > halo-2xLynk(N),rna(mStayGold-actin) > halo-membrane,actin; membrane,staygold; halo,,8/4/25,,402,396,6,0,0,pswin-1(is01),pswin-1(is01),,mgco-23,direct,direct,pswin-1(is01),rna(mgco-23) > tg(pswin-1)is01,staygold; halo,rna(actin) > membrane,rna(staygold) > halo
Aang_Foundation/20250805_mito_mem-halo/fish1_24hpf_roi1,direct_155,rna(mgco-1) > tg(pswin-1)is01,rna(mStayGold-2Xcox8A(N)) > halo-2xLynk(N),rna(mStayGold-mitochondria) > halo-membrane,mitochondria; membrane,staygold; halo,,8/4/25,,408,402,6,0,0,pswin-1(is01),pswin-1(is01),,mgco-1,direct,direct,pswin-1(is01),rna(mgco-1) > tg(pswin-1)is01,staygold; halo,rna(mitochondria) > membrane,rna(staygold) > halo
Aang_Foundation/20250805_mito_mem-halo/fish1_24hpf_roi2,direct_155,rna(mgco-1) > tg(pswin-1)is01,rna(mStayGold-2Xcox8A(N)) > halo-2xLynk(N),rna(mStayGold-mitochondria) > halo-membrane,mitochondria; membrane,staygold; halo,,8/4/25,,409,403,6,0,0,pswin-1(is01),pswin-1(is01),,mgco-1,direct,direct,pswin-1(is01),rna(mgco-1) > tg(pswin-1)is01,staygold; halo,rna(mitochondria) > membrane,rna(staygold) > halo
Aang_Foundation/20250805_mito_mem-halo/fish2_24hpf_roi1,direct_155,rna(mgco-1) > tg(pswin-1)is01,rna(mStayGold-2Xcox8A(N)) > halo-2xLynk(N),rna(mStayGold-mitochondria) > halo-membrane,mitochondria; membrane,staygold; halo,,8/4/25,,408,402,6,0,0,pswin-1(is01),pswin-1(is01),,mgco-1,direct,direct,pswin-1(is01),rna(mgco-1) > tg(pswin-1)is01,staygold; halo,rna(mitochondria) > membrane,rna(staygold) > halo
Aang_Foundation/20250805_mito_mem-halo/fish2_24hpf_roi2,direct_155,rna(mgco-1) > tg(pswin-1)is01,rna(mStayGold-2Xcox8A(N)) > halo-2xLynk(N),rna(mStayGold-mitochondria) > halo-membrane,mitochondria; membrane,staygold; halo,,8/4/25,,408,402,6,0,0,pswin-1(is01),pswin-1(is01),,mgco-1,direct,direct,pswin-1(is01),rna(mgco-1) > tg(pswin-1)is01,staygold; halo,rna(mitochondria) > membrane,rna(staygold) > halo
Aang_Foundation/20250805_mito_mem-halo/fish2_24hpf_roi3,direct_155,rna(mgco-1) > tg(pswin-1)is01,rna(mStayGold-2Xcox8A(N)) > halo-2xLynk(N),rna(mStayGold-mitochondria) > halo-membrane,mitochondria; membrane,staygold; halo,,8/4/25,,407,401,6,0,0,pswin-1(is01),pswin-1(is01),,mgco-1,direct,direct,pswin-1(is01),rna(mgco-1) > tg(pswin-1)is01,staygold; halo,rna(mitochondria) > membrane,rna(staygold) > halo
Aang_Foundation/20250805_mito_mem-halo/fish3_24hpf_roi1,direct_155,rna(mgco-1) > tg(pswin-1)is01,rna(mStayGold-2Xcox8A(N)) > halo-2xLynk(N),rna(mStayGold-mitochondria) > halo-membrane,mitochondria; membrane,staygold; halo,,8/4/25,,407,401,6,0,0,pswin-1(is01),pswin-1(is01),,mgco-1,direct,direct,pswin-1(is01),rna(mgco-1) > tg(pswin-1)is01,staygold; halo,rna(mitochondria) > membrane,rna(staygold) > halo
Aang_Foundation/20250805_mito_mem-halo/fish3_24hpf_roi2,direct_155,rna(mgco-1) > tg(pswin-1)is01,rna(mStayGold-2Xcox8A(N)) > halo-2xLynk(N),rna(mStayGold-mitochondria) > halo-membrane,mitochondria; membrane,staygold; halo,,8/4/25,,816,804,12,0,0,pswin-1(is01),pswin-1(is01),,mgco-1,direct,direct,pswin-1(is01),rna(mgco-1) > tg(pswin-1)is01,staygold; halo,rna(mitochondria) > membrane,rna(staygold) > halo
Aang_Foundation/20250808_mem_organelle/fish1_24hpf_mem-mchilada_lyso-mSG/roi1,direct_150,rna(mgco-15) > tg(pdqm-82)315,rna(mStayGold-LAMP1(N)) > tdmChilada-2xLynk(N),rna(mStayGold-lysosome) > tdmChilada-membrane,lysosome; membrane,staygold; chilada,DT,8/7/25,,120,106,14,0,0,pdqm-82(315),pdqm-82(315),,mgco-15,direct_by_rule_20250808_slug_mito_to_149_lyso_to_150,direct,pdqm-82(315),rna(mgco-15) > tg(pdqm-82)315,staygold; chilada,rna(lysosome) > membrane,rna(staygold) > chilada
Aang_Foundation/20250808_mem_organelle/fish1_24hpf_mem-mchilada_lyso-mSG/roi1_1,direct_150,rna(mgco-15) > tg(pdqm-82)315,rna(mStayGold-LAMP1(N)) > tdmChilada-2xLynk(N),rna(mStayGold-lysosome) > tdmChilada-membrane,lysosome; membrane,staygold; chilada,DT,8/7/25,,314,288,26,0,0,pdqm-82(315),pdqm-82(315),,mgco-15,direct_by_rule_20250808_slug_mito_to_149_lyso_to_150,direct,pdqm-82(315),rna(mgco-15) > tg(pdqm-82)315,staygold; chilada,rna(lysosome) > membrane,rna(staygold) > chilada
Aang_Foundation/20250808_mem_organelle/fish1_24hpf_mem-mchilada_lyso-mSG/roi1_test,direct_150,rna(mgco-15) > tg(pdqm-82)315,rna(mStayGold-LAMP1(N)) > tdmChilada-2xLynk(N),rna(mStayGold-lysosome) > tdmChilada-membrane,lysosome; membrane,staygold; chilada,DT,8/7/25,,6,4,2,0,0,pdqm-82(315),pdqm-82(315),,mgco-15,direct_by_rule_20250808_slug_mito_to_149_lyso_to_150,direct,pdqm-82(315),rna(mgco-15) > tg(pdqm-82)315,staygold; chilada,rna(lysosome) > membrane,rna(staygold) > chilada
Aang_Foundation/20250808_mem_organelle/fish1_24hpf_mem-mchilada_lyso-mSG/roi2,direct_150,rna(mgco-15) > tg(pdqm-82)315,rna(mStayGold-LAMP1(N)) > tdmChilada-2xLynk(N),rna(mStayGold-lysosome) > tdmChilada-membrane,lysosome; membrane,staygold; chilada,DT,8/7/25,,314,288,26,0,0,pdqm-82(315),pdqm-82(315),,mgco-15,direct_by_rule_20250808_slug_mito_to_149_lyso_to_150,direct,pdqm-82(315),rna(mgco-15) > tg(pdqm-82)315,staygold; chilada,rna(lysosome) > membrane,rna(staygold) > chilada
Aang_Foundation/20250808_mem_organelle/fish1_24hpf_mem-mchilada_lyso-mSG/roi3,direct_150,rna(mgco-15) > tg(pdqm-82)315,rna(mStayGold-LAMP1(N)) > tdmChilada-2xLynk(N),rna(mStayGold-lysosome) > tdmChilada-membrane,lysosome; membrane,staygold; chilada,DT,8/7/25,,312,288,24,0,0,pdqm-82(315),pdqm-82(315),,mgco-15,direct_by_rule_20250808_slug_mito_to_149_lyso_to_150,direct,pdqm-82(315),rna(mgco-15) > tg(pdqm-82)315,staygold; chilada,rna(lysosome) > membrane,rna(staygold) > chilada
Aang_Foundation/20250808_mem_organelle/fish2_24hpf_mem-mchilada_lyso-mSG/roi1,direct_150,rna(mgco-15) > tg(pdqm-82)315,rna(mStayGold-LAMP1(N)) > tdmChilada-2xLynk(N),rna(mStayGold-lysosome) > tdmChilada-membrane,lysosome; membrane,staygold; chilada,DT,8/7/25,,312,288,24,0,0,pdqm-82(315),pdqm-82(315),,mgco-15,direct_by_rule_20250808_slug_mito_to_149_lyso_to_150,direct,pdqm-82(315),rna(mgco-15) > tg(pdqm-82)315,staygold; chilada,rna(lysosome) > membrane,rna(staygold) > chilada
Aang_Foundation/20250808_mem_organelle/fish2_24hpf_mem-mchilada_lyso-mSG/roi2,direct_150,rna(mgco-15) > tg(pdqm-82)315,rna(mStayGold-LAMP1(N)) > tdmChilada-2xLynk(N),rna(mStayGold-lysosome) > tdmChilada-membrane,lysosome; membrane,staygold; chilada,DT,8/7/25,,312,288,24,0,0,pdqm-82(315),pdqm-82(315),,mgco-15,direct_by_rule_20250808_slug_mito_to_149_lyso_to_150,direct,pdqm-82(315),rna(mgco-15) > tg(pdqm-82)315,staygold; chilada,rna(lysosome) > membrane,rna(staygold) > chilada
Aang_Foundation/20250808_mem_organelle/fish2_24hpf_mem-mchilada_lyso-mSG/roi3,direct_150,rna(mgco-15) > tg(pdqm-82)315,rna(mStayGold-LAMP1(N)) > tdmChilada-2xLynk(N),rna(mStayGold-lysosome) > tdmChilada-membrane,lysosome; membrane,staygold; chilada,DT,8/7/25,,312,288,24,0,0,pdqm-82(315),pdqm-82(315),,mgco-15,direct_by_rule_20250808_slug_mito_to_149_lyso_to_150,direct,pdqm-82(315),rna(mgco-15) > tg(pdqm-82)315,staygold; chilada,rna(lysosome) > membrane,rna(staygold) > chilada
Aang_Foundation/20250808_mem_organelle/fish3_24hpf_mem-mchilada_mito-mSG/roi1,direct_149,rna(mgco-1) > tg(pdqm-82)315,rna(mStayGold-2Xcox8A(N)) > tdmChilada-2xLynk(N),rna(mStayGold-mitochondria) > tdmChilada-membrane,mitochondria; membrane,staygold; chilada,DT,8/7/25,,318,294,24,0,0,pdqm-82(315),pdqm-82(315),,mgco-1,direct_by_rule_20250808_slug_mito_to_149_lyso_to_150,direct,pdqm-82(315),rna(mgco-1) > tg(pdqm-82)315,staygold; chilada,rna(mitochondria) > membrane,rna(staygold) > chilada
Aang_Foundation/20250808_mem_organelle/fish3_24hpf_mem-mchilada_mito-mSG/roi2,direct_149,rna(mgco-1) > tg(pdqm-82)315,rna(mStayGold-2Xcox8A(N)) > tdmChilada-2xLynk(N),rna(mStayGold-mitochondria) > tdmChilada-membrane,mitochondria; membrane,staygold; chilada,DT,8/7/25,,318,294,24,0,0,pdqm-82(315),pdqm-82(315),,mgco-1,direct_by_rule_20250808_slug_mito_to_149_lyso_to_150,direct,pdqm-82(315),rna(mgco-1) > tg(pdqm-82)315,staygold; chilada,rna(mitochondria) > membrane,rna(staygold) > chilada
Aang_Foundation/20250808_mem_organelle/fish3_24hpf_mem-mchilada_mito-mSG/roi3,direct_149,rna(mgco-1) > tg(pdqm-82)315,rna(mStayGold-2Xcox8A(N)) > tdmChilada-2xLynk(N),rna(mStayGold-mitochondria) > tdmChilada-membrane,mitochondria; membrane,staygold; chilada,DT,8/7/25,,318,294,24,0,0,pdqm-82(315),pdqm-82(315),,mgco-1,direct_by_rule_20250808_slug_mito_to_149_lyso_to_150,direct,pdqm-82(315),rna(mgco-1) > tg(pdqm-82)315,staygold; chilada,rna(mitochondria) > membrane,rna(staygold) > chilada
Aang_Foundation/20250808_mem_organelle/fish3_24hpf_mem-mchilada_mito-mSG/roi4,direct_149,rna(mgco-1) > tg(pdqm-82)315,rna(mStayGold-2Xcox8A(N)) > tdmChilada-2xLynk(N),rna(mStayGold-mitochondria) > tdmChilada-membrane,mitochondria; membrane,staygold; chilada,DT,8/7/25,,318,294,24,0,0,pdqm-82(315),pdqm-82(315),,mgco-1,direct_by_rule_20250808_slug_mito_to_149_lyso_to_150,direct,pdqm-82(315),rna(mgco-1) > tg(pdqm-82)315,staygold; chilada,rna(mitochondria) > membrane,rna(staygold) > chilada
Aang_Foundation/20250808_mem_organelle/fish4_24hpf_mem-mchilada_mito-mSG/roi1,direct_149,rna(mgco-1) > tg(pdqm-82)315,rna(mStayGold-2Xcox8A(N)) > tdmChilada-2xLynk(N),rna(mStayGold-mitochondria) > tdmChilada-membrane,mitochondria; membrane,staygold; chilada,DT,8/7/25,,318,294,24,0,0,pdqm-82(315),pdqm-82(315),,mgco-1,direct_by_rule_20250808_slug_mito_to_149_lyso_to_150,direct,pdqm-82(315),rna(mgco-1) > tg(pdqm-82)315,staygold; chilada,rna(mitochondria) > membrane,rna(staygold) > chilada
Aang_Foundation/20250808_mem_organelle/fish4_24hpf_mem-mchilada_mito-mSG/roi2,direct_149,rna(mgco-1) > tg(pdqm-82)315,rna(mStayGold-2Xcox8A(N)) > tdmChilada-2xLynk(N),rna(mStayGold-mitochondria) > tdmChilada-membrane,mitochondria; membrane,staygold; chilada,DT,8/7/25,,318,294,24,0,0,pdqm-82(315),pdqm-82(315),,mgco-1,direct_by_rule_20250808_slug_mito_to_149_lyso_to_150,direct,pdqm-82(315),rna(mgco-1) > tg(pdqm-82)315,staygold; chilada,rna(mitochondria) > membrane,rna(staygold) > chilada
Aang_Foundation/20250808_mem_organelle/fish4_24hpf_mem-mchilada_mito-mSG/roi3,direct_149,rna(mgco-1) > tg(pdqm-82)315,rna(mStayGold-2Xcox8A(N)) > tdmChilada-2xLynk(N),rna(mStayGold-mitochondria) > tdmChilada-membrane,mitochondria; membrane,staygold; chilada,DT,8/7/25,,318,294,24,0,0,pdqm-82(315),pdqm-82(315),,mgco-1,direct_by_rule_20250808_slug_mito_to_149_lyso_to_150,direct,pdqm-82(315),rna(mgco-1) > tg(pdqm-82)315,staygold; chilada,rna(mitochondria) > membrane,rna(staygold) > chilada
Aang_Foundation/20250808_mem_organelle/fish4_24hpf_mem-mchilada_mito-mSG/roi4,direct_149,rna(mgco-1) > tg(pdqm-82)315,rna(mStayGold-2Xcox8A(N)) > tdmChilada-2xLynk(N),rna(mStayGold-mitochondria) > tdmChilada-membrane,mitochondria; membrane,staygold; chilada,DT,8/7/25,,318,294,24,0,0,pdqm-82(315),pdqm-82(315),,mgco-1,direct_by_rule_20250808_slug_mito_to_149_lyso_to_150,direct,pdqm-82(315),rna(mgco-1) > tg(pdqm-82)315,staygold; chilada,rna(mitochondria) > membrane,rna(staygold) > chilada
Aang_Foundation/20250808_mem_organelle/fish4_24hpf_mem-mchilada_mito-mSG/roi5,direct_149,rna(mgco-1) > tg(pdqm-82)315,rna(mStayGold-2Xcox8A(N)) > tdmChilada-2xLynk(N),rna(mStayGold-mitochondria) > tdmChilada-membrane,mitochondria; membrane,staygold; chilada,DT,8/7/25,,318,294,24,0,0,pdqm-82(315),pdqm-82(315),,mgco-1,direct_by_rule_20250808_slug_mito_to_149_lyso_to_150,direct,pdqm-82(315),rna(mgco-1) > tg(pdqm-82)315,staygold; chilada,rna(mitochondria) > membrane,rna(staygold) > chilada
Aang_Foundation/20250808_mem_organelle/fish4_24hpf_mem-mchilada_mito-mSG/roi6,direct_149,rna(mgco-1) > tg(pdqm-82)315,rna(mStayGold-2Xcox8A(N)) > tdmChilada-2xLynk(N),rna(mStayGold-mitochondria) > tdmChilada-membrane,mitochondria; membrane,staygold; chilada,DT,8/7/25,,318,294,24,0,0,pdqm-82(315),pdqm-82(315),,mgco-1,direct_by_rule_20250808_slug_mito_to_149_lyso_to_150,direct,pdqm-82(315),rna(mgco-1) > tg(pdqm-82)315,staygold; chilada,rna(mitochondria) > membrane,rna(staygold) > chilada
Aang_Foundation/20250808_mem_organelle/fish4_24hpf_mem-mchilada_mito-mSG/roi7,direct_149,rna(mgco-1) > tg(pdqm-82)315,rna(mStayGold-2Xcox8A(N)) > tdmChilada-2xLynk(N),rna(mStayGold-mitochondria) > tdmChilada-membrane,mitochondria; membrane,staygold; chilada,DT,8/7/25,,318,294,24,0,0,pdqm-82(315),pdqm-82(315),,mgco-1,direct_by_rule_20250808_slug_mito_to_149_lyso_to_150,direct,pdqm-82(315),rna(mgco-1) > tg(pdqm-82)315,staygold; chilada,rna(mitochondria) > membrane,rna(staygold) > chilada
Aang_Foundation/20250808_mem_organelle/fish4_24hpf_mem-mchilada_mito-mSG/roi8,direct_149,rna(mgco-1) > tg(pdqm-82)315,rna(mStayGold-2Xcox8A(N)) > tdmChilada-2xLynk(N),rna(mStayGold-mitochondria) > tdmChilada-membrane,mitochondria; membrane,staygold; chilada,DT,8/7/25,,318,294,24,0,0,pdqm-82(315),pdqm-82(315),,mgco-1,direct_by_rule_20250808_slug_mito_to_149_lyso_to_150,direct,pdqm-82(315),rna(mgco-1) > tg(pdqm-82)315,staygold; chilada,rna(mitochondria) > membrane,rna(staygold) > chilada
Aang_Foundation/20250808_mem_organelle/fish4_24hpf_mem-mchilada_mito-mSG/roi9,direct_149,rna(mgco-1) > tg(pdqm-82)315,rna(mStayGold-2Xcox8A(N)) > tdmChilada-2xLynk(N),rna(mStayGold-mitochondria) > tdmChilada-membrane,mitochondria; membrane,staygold; chilada,DT,8/7/25,,312,288,24,0,0,pdqm-82(315),pdqm-82(315),,mgco-1,direct_by_rule_20250808_slug_mito_to_149_lyso_to_150,direct,pdqm-82(315),rna(mgco-1) > tg(pdqm-82)315,staygold; chilada,rna(mitochondria) > membrane,rna(staygold) > chilada
Aang_Foundation/20250819_mem_ER,direct_134,rna(mgco-4) > tg(pdqm-82)315,rna(mStayGold-sec61b(N)) > tdmChilada-2xLynk(N),rna(mStayGold-ER) > tdmChilada-membrane,ER; membrane,staygold; chilada,DH,8/18/25,,2949,2798,151,0,0,,pdqm-82(315),,mgco-4,direct,direct,pdqm-82(315),rna(mgco-4) > tg(pdqm-82)315,staygold; chilada,rna(ER) > membrane,rna(staygold) > chilada
Aang_Foundation/20250819_mem_ER/fish1_24hpf_roi2,direct_134,rna(mgco-4) > tg(pdqm-82)315,rna(mStayGold-sec61b(N)) > tdmChilada-2xLynk(N),rna(mStayGold-ER) > tdmChilada-membrane,ER; membrane,staygold; chilada,DH,8/18/25,,428,412,16,0,0,,pdqm-82(315),,mgco-4,direct,direct,pdqm-82(315),rna(mgco-4) > tg(pdqm-82)315,staygold; chilada,rna(ER) > membrane,rna(staygold) > chilada
Aang_Foundation/20250819_mem_ER/fish1_24hpf_roi3,direct_134,rna(mgco-4) > tg(pdqm-82)315,rna(mStayGold-sec61b(N)) > tdmChilada-2xLynk(N),rna(mStayGold-ER) > tdmChilada-membrane,ER; membrane,staygold; chilada,DH,8/18/25,,519,501,18,0,0,,pdqm-82(315),,mgco-4,direct,direct,pdqm-82(315),rna(mgco-4) > tg(pdqm-82)315,staygold; chilada,rna(ER) > membrane,rna(staygold) > chilada
Aang_Foundation/20250819_mem_ER/fish1_24hpf_roi4,direct_134,rna(mgco-4) > tg(pdqm-82)315,rna(mStayGold-sec61b(N)) > tdmChilada-2xLynk(N),rna(mStayGold-ER) > tdmChilada-membrane,ER; membrane,staygold; chilada,DH,8/18/25,,333,315,18,0,0,,pdqm-82(315),,mgco-4,direct,direct,pdqm-82(315),rna(mgco-4) > tg(pdqm-82)315,staygold; chilada,rna(ER) > membrane,rna(staygold) > chilada
Aang_Foundation/20250819_mem_ER/fish1_24hpf_roi5,direct_134,rna(mgco-4) > tg(pdqm-82)315,rna(mStayGold-sec61b(N)) > tdmChilada-2xLynk(N),rna(mStayGold-ER) > tdmChilada-membrane,ER; membrane,staygold; chilada,DH,8/18/25,,337,319,18,0,0,,pdqm-82(315),,mgco-4,direct,direct,pdqm-82(315),rna(mgco-4) > tg(pdqm-82)315,staygold; chilada,rna(ER) > membrane,rna(staygold) > chilada
Aang_Foundation/20250819_mem_ER/fish2_24hpf_roi1,direct_134,rna(mgco-4) > tg(pdqm-82)315,rna(mStayGold-sec61b(N)) > tdmChilada-2xLynk(N),rna(mStayGold-ER) > tdmChilada-membrane,ER; membrane,staygold; chilada,DH,8/18/25,,444,420,24,0,0,,pdqm-82(315),,mgco-4,direct,direct,pdqm-82(315),rna(mgco-4) > tg(pdqm-82)315,staygold; chilada,rna(ER) > membrane,rna(staygold) > chilada
Aang_Foundation/20250819_mem_ER/fish2_24hpf_roi2,direct_134,rna(mgco-4) > tg(pdqm-82)315,rna(mStayGold-sec61b(N)) > tdmChilada-2xLynk(N),rna(mStayGold-ER) > tdmChilada-membrane,ER; membrane,staygold; chilada,DH,8/18/25,,420,396,24,0,0,,pdqm-82(315),,mgco-4,direct,direct,pdqm-82(315),rna(mgco-4) > tg(pdqm-82)315,staygold; chilada,rna(ER) > membrane,rna(staygold) > chilada
Aang_Foundation/20250819_mem_ER/fish2_24hpf_roi3,direct_134,rna(mgco-4) > tg(pdqm-82)315,rna(mStayGold-sec61b(N)) > tdmChilada-2xLynk(N),rna(mStayGold-ER) > tdmChilada-membrane,ER; membrane,staygold; chilada,DH,8/18/25,,420,396,24,0,0,,pdqm-82(315),,mgco-4,direct,direct,pdqm-82(315),rna(mgco-4) > tg(pdqm-82)315,staygold; chilada,rna(ER) > membrane,rna(staygold) > chilada
Aang_Foundation/20250819_mem_ER/roi1_newscripttest,direct_134,rna(mgco-4) > tg(pdqm-82)315,rna(mStayGold-sec61b(N)) > tdmChilada-2xLynk(N),rna(mStayGold-ER) > tdmChilada-membrane,ER; membrane,staygold; chilada,DH,8/18/25,,34,28,6,0,0,,pdqm-82(315),,mgco-4,direct,direct,pdqm-82(315),rna(mgco-4) > tg(pdqm-82)315,staygold; chilada,rna(ER) > membrane,rna(staygold) > chilada
Aang_Foundation/20250819_mem_mito/fish1_24hpf_roi1,direct_132,rna(mgco-1) > tg(pdqm-82)315,rna(mStayGold-2Xcox8A(N)) > tdmChilada-2xLynk(N),rna(mStayGold-mitochondria) > tdmChilada-membrane,mitochondria; membrane,staygold; chilada,DH,8/18/25,,612,588,24,0,0,,pdqm-82(315),,mgco-1,direct_by_rule_20250819_force_min_132,direct,pdqm-82(315),rna(mgco-1) > tg(pdqm-82)315,staygold; chilada,rna(mitochondria) > membrane,rna(staygold) > chilada
Aang_Foundation/20250819_mem_mito/fish1_24hpf_roi2,direct_132,rna(mgco-1) > tg(pdqm-82)315,rna(mStayGold-2Xcox8A(N)) > tdmChilada-2xLynk(N),rna(mStayGold-mitochondria) > tdmChilada-membrane,mitochondria; membrane,staygold; chilada,DH,8/18/25,,612,588,24,0,0,,pdqm-82(315),,mgco-1,direct_by_rule_20250819_force_min_132,direct,pdqm-82(315),rna(mgco-1) > tg(pdqm-82)315,staygold; chilada,rna(mitochondria) > membrane,rna(staygold) > chilada
Aang_Foundation/20250819_mem_mito/fish1_24hpf_roi3,direct_132,rna(mgco-1) > tg(pdqm-82)315,rna(mStayGold-2Xcox8A(N)) > tdmChilada-2xLynk(N),rna(mStayGold-mitochondria) > tdmChilada-membrane,mitochondria; membrane,staygold; chilada,DH,8/18/25,,612,588,24,0,0,,pdqm-82(315),,mgco-1,direct_by_rule_20250819_force_min_132,direct,pdqm-82(315),rna(mgco-1) > tg(pdqm-82)315,staygold; chilada,rna(mitochondria) > membrane,rna(staygold) > chilada
Aang_Foundation/20250819_mem_mito/fish1_24hpf_roi4,direct_132,rna(mgco-1) > tg(pdqm-82)315,rna(mStayGold-2Xcox8A(N)) > tdmChilada-2xLynk(N),rna(mStayGold-mitochondria) > tdmChilada-membrane,mitochondria; membrane,staygold; chilada,DH,8/18/25,,612,588,24,0,0,,pdqm-82(315),,mgco-1,direct_by_rule_20250819_force_min_132,direct,pdqm-82(315),rna(mgco-1) > tg(pdqm-82)315,staygold; chilada,rna(mitochondria) > membrane,rna(staygold) > chilada
Aang_Foundation/20250819_mem_mito/fish1_24hpf_roi5,direct_132,rna(mgco-1) > tg(pdqm-82)315,rna(mStayGold-2Xcox8A(N)) > tdmChilada-2xLynk(N),rna(mStayGold-mitochondria) > tdmChilada-membrane,mitochondria; membrane,staygold; chilada,DH,8/18/25,,612,588,24,0,0,,pdqm-82(315),,mgco-1,direct_by_rule_20250819_force_min_132,direct,pdqm-82(315),rna(mgco-1) > tg(pdqm-82)315,staygold; chilada,rna(mitochondria) > membrane,rna(staygold) > chilada
Aang_Foundation/20250819_mem_mito/fish1_24hpf_roi6,direct_132,rna(mgco-1) > tg(pdqm-82)315,rna(mStayGold-2Xcox8A(N)) > tdmChilada-2xLynk(N),rna(mStayGold-mitochondria) > tdmChilada-membrane,mitochondria; membrane,staygold; chilada,DH,8/18/25,,612,588,24,0,0,,pdqm-82(315),,mgco-1,direct_by_rule_20250819_force_min_132,direct,pdqm-82(315),rna(mgco-1) > tg(pdqm-82)315,staygold; chilada,rna(mitochondria) > membrane,rna(staygold) > chilada
Aang_Foundation/20250819_mem_mito/fish1_24hpf_roi7,direct_132,rna(mgco-1) > tg(pdqm-82)315,rna(mStayGold-2Xcox8A(N)) > tdmChilada-2xLynk(N),rna(mStayGold-mitochondria) > tdmChilada-membrane,mitochondria; membrane,staygold; chilada,DH,8/18/25,,612,588,24,0,0,,pdqm-82(315),,mgco-1,direct_by_rule_20250819_force_min_132,direct,pdqm-82(315),rna(mgco-1) > tg(pdqm-82)315,staygold; chilada,rna(mitochondria) > membrane,rna(staygold) > chilada
Aang_Foundation/20250819_mem_mito/fish1_24hpf_roi8,direct_132,rna(mgco-1) > tg(pdqm-82)315,rna(mStayGold-2Xcox8A(N)) > tdmChilada-2xLynk(N),rna(mStayGold-mitochondria) > tdmChilada-membrane,mitochondria; membrane,staygold; chilada,DH,8/18/25,,612,588,24,0,0,,pdqm-82(315),,mgco-1,direct_by_rule_20250819_force_min_132,direct,pdqm-82(315),rna(mgco-1) > tg(pdqm-82)315,staygold; chilada,rna(mitochondria) > membrane,rna(staygold) > chilada
Aang_Foundation/20250819_mem_mito/fish2_24hpf_roi1,direct_132,rna(mgco-1) > tg(pdqm-82)315,rna(mStayGold-2Xcox8A(N)) > tdmChilada-2xLynk(N),rna(mStayGold-mitochondria) > tdmChilada-membrane,mitochondria; membrane,staygold; chilada,DH,8/18/25,,612,588,24,0,0,,pdqm-82(315),,mgco-1,direct_by_rule_20250819_force_min_132,direct,pdqm-82(315),rna(mgco-1) > tg(pdqm-82)315,staygold; chilada,rna(mitochondria) > membrane,rna(staygold) > chilada
Aang_Foundation/20250819_mem_mito/fish2_24hpf_roi2,direct_132,rna(mgco-1) > tg(pdqm-82)315,rna(mStayGold-2Xcox8A(N)) > tdmChilada-2xLynk(N),rna(mStayGold-mitochondria) > tdmChilada-membrane,mitochondria; membrane,staygold; chilada,DH,8/18/25,,612,588,24,0,0,,pdqm-82(315),,mgco-1,direct_by_rule_20250819_force_min_132,direct,pdqm-82(315),rna(mgco-1) > tg(pdqm-82)315,staygold; chilada,rna(mitochondria) > membrane,rna(staygold) > chilada
Aang_Foundation/20250819_mem_mito/fish3_24hpf_roi1,direct_132,rna(mgco-1) > tg(pdqm-82)315,rna(mStayGold-2Xcox8A(N)) > tdmChilada-2xLynk(N),rna(mStayGold-mitochondria) > tdmChilada-membrane,mitochondria; membrane,staygold; chilada,DH,8/18/25,,612,588,24,0,0,,pdqm-82(315),,mgco-1,direct_by_rule_20250819_force_min_132,direct,pdqm-82(315),rna(mgco-1) > tg(pdqm-82)315,staygold; chilada,rna(mitochondria) > membrane,rna(staygold) > chilada
Aang_Foundation/20250819_mem_mito/fish4_48hpf_roi1,direct_132,rna(mgco-1) > tg(pdqm-82)315,rna(mStayGold-2Xcox8A(N)) > tdmChilada-2xLynk(N),rna(mStayGold-mitochondria) > tdmChilada-membrane,mitochondria; membrane,staygold; chilada,DH,8/18/25,,810,681,24,0,105,,pdqm-82(315),,mgco-1,direct_by_rule_20250819_force_min_132,direct,pdqm-82(315),rna(mgco-1) > tg(pdqm-82)315,staygold; chilada,rna(mitochondria) > membrane,rna(staygold) > chilada
Aang_Foundation/20250819_mem_mito/fish4_48hpf_roi3,direct_132,rna(mgco-1) > tg(pdqm-82)315,rna(mStayGold-2Xcox8A(N)) > tdmChilada-2xLynk(N),rna(mStayGold-mitochondria) > tdmChilada-membrane,mitochondria; membrane,staygold; chilada,DH,8/18/25,,696,624,24,0,48,,pdqm-82(315),,mgco-1,direct_by_rule_20250819_force_min_132,direct,pdqm-82(315),rna(mgco-1) > tg(pdqm-82)315,staygold; chilada,rna(mitochondria) > membrane,rna(staygold) > chilada
Aang_Foundation/20250819_mem_mito/fish4_48hpf_roi4,direct_132,rna(mgco-1) > tg(pdqm-82)315,rna(mStayGold-2Xcox8A(N)) > tdmChilada-2xLynk(N),rna(mStayGold-mitochondria) > tdmChilada-membrane,mitochondria; membrane,staygold; chilada,DH,8/18/25,,696,624,24,0,48,,pdqm-82(315),,mgco-1,direct_by_rule_20250819_force_min_132,direct,pdqm-82(315),rna(mgco-1) > tg(pdqm-82)315,staygold; chilada,rna(mitochondria) > membrane,rna(staygold) > chilada
Aang_Foundation/20250819_mem_mito/fish4_48hpf_roi5,direct_132,rna(mgco-1) > tg(pdqm-82)315,rna(mStayGold-2Xcox8A(N)) > tdmChilada-2xLynk(N),rna(mStayGold-mitochondria) > tdmChilada-membrane,mitochondria; membrane,staygold; chilada,DH,8/18/25,,696,624,24,0,48,,pdqm-82(315),,mgco-1,direct_by_rule_20250819_force_min_132,direct,pdqm-82(315),rna(mgco-1) > tg(pdqm-82)315,staygold; chilada,rna(mitochondria) > membrane,rna(staygold) > chilada
Aang_Foundation/20250819_mem_mito/fish4_48hpf_roi6,direct_132,rna(mgco-1) > tg(pdqm-82)315,rna(mStayGold-2Xcox8A(N)) > tdmChilada-2xLynk(N),rna(mStayGold-mitochondria) > tdmChilada-membrane,mitochondria; membrane,staygold; chilada,DH,8/18/25,,699,624,24,0,51,,pdqm-82(315),,mgco-1,direct_by_rule_20250819_force_min_132,direct,pdqm-82(315),rna(mgco-1) > tg(pdqm-82)315,staygold; chilada,rna(mitochondria) > membrane,rna(staygold) > chilada
Aang_Foundation/20250819_mem_mito/fish4_48hpf_roi7,direct_132,rna(mgco-1) > tg(pdqm-82)315,rna(mStayGold-2Xcox8A(N)) > tdmChilada-2xLynk(N),rna(mStayGold-mitochondria) > tdmChilada-membrane,mitochondria; membrane,staygold; chilada,DH,8/18/25,,696,624,24,0,48,,pdqm-82(315),,mgco-1,direct_by_rule_20250819_force_min_132,direct,pdqm-82(315),rna(mgco-1) > tg(pdqm-82)315,staygold; chilada,rna(mitochondria) > membrane,rna(staygold) > chilada
Aang_Foundation/20250819_mem_mito/fish4_48hpf_roi8,direct_132,rna(mgco-1) > tg(pdqm-82)315,rna(mStayGold-2Xcox8A(N)) > tdmChilada-2xLynk(N),rna(mStayGold-mitochondria) > tdmChilada-membrane,mitochondria; membrane,staygold; chilada,DH,8/18/25,,696,624,24,0,48,,pdqm-82(315),,mgco-1,direct_by_rule_20250819_force_min_132,direct,pdqm-82(315),rna(mgco-1) > tg(pdqm-82)315,staygold; chilada,rna(mitochondria) > membrane,rna(staygold) > chilada
Aang_Foundation/20250819_mem_mito/fish5_48hpf_roi11,direct_132,rna(mgco-1) > tg(pdqm-82)315,rna(mStayGold-2Xcox8A(N)) > tdmChilada-2xLynk(N),rna(mStayGold-mitochondria) > tdmChilada-membrane,mitochondria; membrane,staygold; chilada,DH,8/18/25,,1044,936,36,0,72,,pdqm-82(315),,mgco-1,direct_by_rule_20250819_force_min_132,direct,pdqm-82(315),rna(mgco-1) > tg(pdqm-82)315,staygold; chilada,rna(mitochondria) > membrane,rna(staygold) > chilada
Aang_Foundation/20250819_mem_mito/fish5_48hpf_roi12,direct_132,rna(mgco-1) > tg(pdqm-82)315,rna(mStayGold-2Xcox8A(N)) > tdmChilada-2xLynk(N),rna(mStayGold-mitochondria) > tdmChilada-membrane,mitochondria; membrane,staygold; chilada,DH,8/18/25,,1044,936,36,0,72,,pdqm-82(315),,mgco-1,direct_by_rule_20250819_force_min_132,direct,pdqm-82(315),rna(mgco-1) > tg(pdqm-82)315,staygold; chilada,rna(mitochondria) > membrane,rna(staygold) > chilada
Aang_Foundation/20250819_mem_mito/fish5_48hpf_roi3,direct_132,rna(mgco-1) > tg(pdqm-82)315,rna(mStayGold-2Xcox8A(N)) > tdmChilada-2xLynk(N),rna(mStayGold-mitochondria) > tdmChilada-membrane,mitochondria; membrane,staygold; chilada,DH,8/18/25,,8,4,0,0,4,,pdqm-82(315),,mgco-1,direct_by_rule_20250819_force_min_132,direct,pdqm-82(315),rna(mgco-1) > tg(pdqm-82)315,staygold; chilada,rna(mitochondria) > membrane,rna(staygold) > chilada
Aang_Foundation/20250819_mem_mito/fish6_48hpf_roi1,direct_132,rna(mgco-1) > tg(pdqm-82)315,rna(mStayGold-2Xcox8A(N)) > tdmChilada-2xLynk(N),rna(mStayGold-mitochondria) > tdmChilada-membrane,mitochondria; membrane,staygold; chilada,DH,8/18/25,,1044,936,36,0,72,,pdqm-82(315),,mgco-1,direct_by_rule_20250819_force_min_132,direct,pdqm-82(315),rna(mgco-1) > tg(pdqm-82)315,staygold; chilada,rna(mitochondria) > membrane,rna(staygold) > chilada
Aang_Foundation/20250819_mem_mito/fish6_48hpf_roi2,direct_132,rna(mgco-1) > tg(pdqm-82)315,rna(mStayGold-2Xcox8A(N)) > tdmChilada-2xLynk(N),rna(mStayGold-mitochondria) > tdmChilada-membrane,mitochondria; membrane,staygold; chilada,DH,8/18/25,,1044,936,36,0,72,,pdqm-82(315),,mgco-1,direct_by_rule_20250819_force_min_132,direct,pdqm-82(315),rna(mgco-1) > tg(pdqm-82)315,staygold; chilada,rna(mitochondria) > membrane,rna(staygold) > chilada
Aang_Foundation/20250819_mem_mito/fish6_48hpf_roi3,direct_132,rna(mgco-1) > tg(pdqm-82)315,rna(mStayGold-2Xcox8A(N)) > tdmChilada-2xLynk(N),rna(mStayGold-mitochondria) > tdmChilada-membrane,mitochondria; membrane,staygold; chilada,DH,8/18/25,,1044,936,36,0,72,,pdqm-82(315),,mgco-1,direct_by_rule_20250819_force_min_132,direct,pdqm-82(315),rna(mgco-1) > tg(pdqm-82)315,staygold; chilada,rna(mitochondria) > membrane,rna(staygold) > chilada
Aang_Foundation/20250819_mem_mito/fish6_48hpf_roi4,direct_132,rna(mgco-1) > tg(pdqm-82)315,rna(mStayGold-2Xcox8A(N)) > tdmChilada-2xLynk(N),rna(mStayGold-mitochondria) > tdmChilada-membrane,mitochondria; membrane,staygold; chilada,DH,8/18/25,,1044,936,36,0,72,,pdqm-82(315),,mgco-1,direct_by_rule_20250819_force_min_132,direct,pdqm-82(315),rna(mgco-1) > tg(pdqm-82)315,staygold; chilada,rna(mitochondria) > membrane,rna(staygold) > chilada
Aang_Foundation/20250819_mem_mito/fish6_48hpf_roi5,direct_132,rna(mgco-1) > tg(pdqm-82)315,rna(mStayGold-2Xcox8A(N)) > tdmChilada-2xLynk(N),rna(mStayGold-mitochondria) > tdmChilada-membrane,mitochondria; membrane,staygold; chilada,DH,8/18/25,,1044,936,36,0,72,,pdqm-82(315),,mgco-1,direct_by_rule_20250819_force_min_132,direct,pdqm-82(315),rna(mgco-1) > tg(pdqm-82)315,staygold; chilada,rna(mitochondria) > membrane,rna(staygold) > chilada
Aang_Foundation/20250821_mem_mito/fish1_24hpf_roi1,direct_126,rna(mgco-1) > tg(pdqm-82)315,rna(mStayGold-2Xcox8A(N)) > tdmChilada-2xLynk(N),rna(mStayGold-mitochondria) > tdmChilada-membrane,mitochondria; membrane,staygold; chilada,,8/20/25,,1747,1564,60,0,123,,pdqm-82(315),,mgco-1,direct_by_rule_20250821_force_126,direct,pdqm-82(315),rna(mgco-1) > tg(pdqm-82)315,staygold; chilada,rna(mitochondria) > membrane,rna(staygold) > chilada
Aang_Foundation/20250821_mem_mito/fish1_24hpf_roi2,direct_126,rna(mgco-1) > tg(pdqm-82)315,rna(mStayGold-2Xcox8A(N)) > tdmChilada-2xLynk(N),rna(mStayGold-mitochondria) > tdmChilada-membrane,mitochondria; membrane,staygold; chilada,,8/20/25,,1740,1560,60,0,120,,pdqm-82(315),,mgco-1,direct_by_rule_20250821_force_126,direct,pdqm-82(315),rna(mgco-1) > tg(pdqm-82)315,staygold; chilada,rna(mitochondria) > membrane,rna(staygold) > chilada
Aang_Foundation/20250821_mem_mito/fish2_24hpf_roi1,direct_126,rna(mgco-1) > tg(pdqm-82)315,rna(mStayGold-2Xcox8A(N)) > tdmChilada-2xLynk(N),rna(mStayGold-mitochondria) > tdmChilada-membrane,mitochondria; membrane,staygold; chilada,,8/20/25,,1044,936,36,0,72,,pdqm-82(315),,mgco-1,direct_by_rule_20250821_force_126,direct,pdqm-82(315),rna(mgco-1) > tg(pdqm-82)315,staygold; chilada,rna(mitochondria) > membrane,rna(staygold) > chilada
Aang_Foundation/20250821_mem_mito/fish2_24hpf_roi2,direct_126,rna(mgco-1) > tg(pdqm-82)315,rna(mStayGold-2Xcox8A(N)) > tdmChilada-2xLynk(N),rna(mStayGold-mitochondria) > tdmChilada-membrane,mitochondria; membrane,staygold; chilada,,8/20/25,,1044,936,36,0,72,,pdqm-82(315),,mgco-1,direct_by_rule_20250821_force_126,direct,pdqm-82(315),rna(mgco-1) > tg(pdqm-82)315,staygold; chilada,rna(mitochondria) > membrane,rna(staygold) > chilada
Aang_Foundation/20250821_mem_mito/fish3_24hpf_roi1,direct_126,rna(mgco-1) > tg(pdqm-82)315,rna(mStayGold-2Xcox8A(N)) > tdmChilada-2xLynk(N),rna(mStayGold-mitochondria) > tdmChilada-membrane,mitochondria; membrane,staygold; chilada,,8/20/25,,1740,1560,60,0,120,,pdqm-82(315),,mgco-1,direct_by_rule_20250821_force_126,direct,pdqm-82(315),rna(mgco-1) > tg(pdqm-82)315,staygold; chilada,rna(mitochondria) > membrane,rna(staygold) > chilada
Aang_Foundation/20250821_mem_mito/fish3_24hpf_roi2,direct_126,rna(mgco-1) > tg(pdqm-82)315,rna(mStayGold-2Xcox8A(N)) > tdmChilada-2xLynk(N),rna(mStayGold-mitochondria) > tdmChilada-membrane,mitochondria; membrane,staygold; chilada,,8/20/25,,1740,1560,60,0,120,,pdqm-82(315),,mgco-1,direct_by_rule_20250821_force_126,direct,pdqm-82(315),rna(mgco-1) > tg(pdqm-82)315,staygold; chilada,rna(mitochondria) > membrane,rna(staygold) > chilada
Aang_Foundation/20250821_mem_mito/fish4_24hpf_roi1,direct_126,rna(mgco-1) > tg(pdqm-82)315,rna(mStayGold-2Xcox8A(N)) > tdmChilada-2xLynk(N),rna(mStayGold-mitochondria) > tdmChilada-membrane,mitochondria; membrane,staygold; chilada,,8/20/25,,1740,1560,60,0,120,,pdqm-82(315),,mgco-1,direct_by_rule_20250821_force_126,direct,pdqm-82(315),rna(mgco-1) > tg(pdqm-82)315,staygold; chilada,rna(mitochondria) > membrane,rna(staygold) > chilada
Aang_Foundation/20250821_mem_mito/fish4_24hpf_roi2,direct_126,rna(mgco-1) > tg(pdqm-82)315,rna(mStayGold-2Xcox8A(N)) > tdmChilada-2xLynk(N),rna(mStayGold-mitochondria) > tdmChilada-membrane,mitochondria; membrane,staygold; chilada,,8/20/25,,1740,1560,60,0,120,,pdqm-82(315),,mgco-1,direct_by_rule_20250821_force_126,direct,pdqm-82(315),rna(mgco-1) > tg(pdqm-82)315,staygold; chilada,rna(mitochondria) > membrane,rna(staygold) > chilada
Aang_Foundation/20250821_mem_mito/fish5_24hpf_roi1,direct_126,rna(mgco-1) > tg(pdqm-82)315,rna(mStayGold-2Xcox8A(N)) > tdmChilada-2xLynk(N),rna(mStayGold-mitochondria) > tdmChilada-membrane,mitochondria; membrane,staygold; chilada,,8/20/25,,13,7,0,0,6,,pdqm-82(315),,mgco-1,direct_by_rule_20250821_force_126,direct,pdqm-82(315),rna(mgco-1) > tg(pdqm-82)315,staygold; chilada,rna(mitochondria) > membrane,rna(staygold) > chilada
Aang_Foundation/20250821_mem_mito/fish6_24hpf_roi1,direct_126,rna(mgco-1) > tg(pdqm-82)315,rna(mStayGold-2Xcox8A(N)) > tdmChilada-2xLynk(N),rna(mStayGold-mitochondria) > tdmChilada-membrane,mitochondria; membrane,staygold; chilada,,8/20/25,,1740,1560,60,0,120,,pdqm-82(315),,mgco-1,direct_by_rule_20250821_force_126,direct,pdqm-82(315),rna(mgco-1) > tg(pdqm-82)315,staygold; chilada,rna(mitochondria) > membrane,rna(staygold) > chilada
Aang_Foundation/20250821_mem_mito/fish6_24hpf_roi2,direct_126,rna(mgco-1) > tg(pdqm-82)315,rna(mStayGold-2Xcox8A(N)) > tdmChilada-2xLynk(N),rna(mStayGold-mitochondria) > tdmChilada-membrane,mitochondria; membrane,staygold; chilada,,8/20/25,,1711,1532,59,0,120,,pdqm-82(315),,mgco-1,direct_by_rule_20250821_force_126,direct,pdqm-82(315),rna(mgco-1) > tg(pdqm-82)315,staygold; chilada,rna(mitochondria) > membrane,rna(staygold) > chilada
Aang_Foundation/20250821_mem_mito/fish7_48hpf_roi1,direct_126,rna(mgco-1) > tg(pdqm-82)315,rna(mStayGold-2Xcox8A(N)) > tdmChilada-2xLynk(N),rna(mStayGold-mitochondria) > tdmChilada-membrane,mitochondria; membrane,staygold; chilada,,8/20/25,,1740,1560,60,0,120,,pdqm-82(315),,mgco-1,direct_by_rule_20250821_force_126,direct,pdqm-82(315),rna(mgco-1) > tg(pdqm-82)315,staygold; chilada,rna(mitochondria) > membrane,rna(staygold) > chilada
Aang_Foundation/20250821_mem_mito/fish7_48hpf_roi2,direct_126,rna(mgco-1) > tg(pdqm-82)315,rna(mStayGold-2Xcox8A(N)) > tdmChilada-2xLynk(N),rna(mStayGold-mitochondria) > tdmChilada-membrane,mitochondria; membrane,staygold; chilada,,8/20/25,,1740,1560,60,0,120,,pdqm-82(315),,mgco-1,direct_by_rule_20250821_force_126,direct,pdqm-82(315),rna(mgco-1) > tg(pdqm-82)315,staygold; chilada,rna(mitochondria) > membrane,rna(staygold) > chilada
Aang_Foundation/20250821_mem_mito/fish8_48hpf_roi1,direct_126,rna(mgco-1) > tg(pdqm-82)315,rna(mStayGold-2Xcox8A(N)) > tdmChilada-2xLynk(N),rna(mStayGold-mitochondria) > tdmChilada-membrane,mitochondria; membrane,staygold; chilada,,8/20/25,,1740,1560,60,0,120,,pdqm-82(315),,mgco-1,direct_by_rule_20250821_force_126,direct,pdqm-82(315),rna(mgco-1) > tg(pdqm-82)315,staygold; chilada,rna(mitochondria) > membrane,rna(staygold) > chilada
Aang_Foundation/20250821_mem_mito/fish8_48hpf_roi2,direct_126,rna(mgco-1) > tg(pdqm-82)315,rna(mStayGold-2Xcox8A(N)) > tdmChilada-2xLynk(N),rna(mStayGold-mitochondria) > tdmChilada-membrane,mitochondria; membrane,staygold; chilada,,8/20/25,,1740,1560,60,0,120,,pdqm-82(315),,mgco-1,direct_by_rule_20250821_force_126,direct,pdqm-82(315),rna(mgco-1) > tg(pdqm-82)315,staygold; chilada,rna(mitochondria) > membrane,rna(staygold) > chilada
Aang_Foundation/20250821_mem_mito/fish8_48hpf_roi3,direct_126,rna(mgco-1) > tg(pdqm-82)315,rna(mStayGold-2Xcox8A(N)) > tdmChilada-2xLynk(N),rna(mStayGold-mitochondria) > tdmChilada-membrane,mitochondria; membrane,staygold; chilada,,8/20/25,,1500,1440,60,0,0,,pdqm-82(315),,mgco-1,direct_by_rule_20250821_force_126,direct,pdqm-82(315),rna(mgco-1) > tg(pdqm-82)315,staygold; chilada,rna(mitochondria) > membrane,rna(staygold) > chilada
Aang_Foundation/20250826_mem_actin/fish1_24hpf_roi1,direct_121,rna(mgco-23) > tg(pdqm-82)315,rna(mStayGold-lifeact(N)) > tdmChilada-2xLynk(N),rna(mStayGold-actin) > tdmChilada-membrane,actin; membrane,staygold; chilada,DH,8/25/25,,2250,1976,74,0,200,,pdqm-82(315),,mgco-23,direct,direct,pdqm-82(315),rna(mgco-23) > tg(pdqm-82)315,staygold; chilada,rna(actin) > membrane,rna(staygold) > chilada
Aang_Foundation/20250826_mem_actin/fish1_24hpf_roi2,direct_121,rna(mgco-23) > tg(pdqm-82)315,rna(mStayGold-lifeact(N)) > tdmChilada-2xLynk(N),rna(mStayGold-actin) > tdmChilada-membrane,actin; membrane,staygold; chilada,DH,8/25/25,,1392,1248,48,0,96,,pdqm-82(315),,mgco-23,direct,direct,pdqm-82(315),rna(mgco-23) > tg(pdqm-82)315,staygold; chilada,rna(actin) > membrane,rna(staygold) > chilada
Aang_Foundation/20250826_mem_actin/fish2_24hpf_roi1,direct_121,rna(mgco-23) > tg(pdqm-82)315,rna(mStayGold-lifeact(N)) > tdmChilada-2xLynk(N),rna(mStayGold-actin) > tdmChilada-membrane,actin; membrane,staygold; chilada,DH,8/25/25,,1008,864,48,0,96,,pdqm-82(315),,mgco-23,direct,direct,pdqm-82(315),rna(mgco-23) > tg(pdqm-82)315,staygold; chilada,rna(actin) > membrane,rna(staygold) > chilada
Aang_Foundation/20250826_mem_actin/fish3_24hpf_roi1,direct_121,rna(mgco-23) > tg(pdqm-82)315,rna(mStayGold-lifeact(N)) > tdmChilada-2xLynk(N),rna(mStayGold-actin) > tdmChilada-membrane,actin; membrane,staygold; chilada,DH,8/25/25,,1008,864,48,0,96,,pdqm-82(315),,mgco-23,direct,direct,pdqm-82(315),rna(mgco-23) > tg(pdqm-82)315,staygold; chilada,rna(actin) > membrane,rna(staygold) > chilada
Aang_Foundation/20250826_mem_actin/fish3_24hpf_roi2,direct_121,rna(mgco-23) > tg(pdqm-82)315,rna(mStayGold-lifeact(N)) > tdmChilada-2xLynk(N),rna(mStayGold-actin) > tdmChilada-membrane,actin; membrane,staygold; chilada,DH,8/25/25,,1010,865,49,0,96,,pdqm-82(315),,mgco-23,direct,direct,pdqm-82(315),rna(mgco-23) > tg(pdqm-82)315,staygold; chilada,rna(actin) > membrane,rna(staygold) > chilada
Aang_Foundation/20250826_mem_actin/fish5_24hpf_roi1,direct_121,rna(mgco-23) > tg(pdqm-82)315,rna(mStayGold-lifeact(N)) > tdmChilada-2xLynk(N),rna(mStayGold-actin) > tdmChilada-membrane,actin; membrane,staygold; chilada,DH,8/25/25,,1008,864,48,0,96,,pdqm-82(315),,mgco-23,direct,direct,pdqm-82(315),rna(mgco-23) > tg(pdqm-82)315,staygold; chilada,rna(actin) > membrane,rna(staygold) > chilada
Aang_Foundation/20250826_mem_actin/fish5_24hpf_roi2,direct_121,rna(mgco-23) > tg(pdqm-82)315,rna(mStayGold-lifeact(N)) > tdmChilada-2xLynk(N),rna(mStayGold-actin) > tdmChilada-membrane,actin; membrane,staygold; chilada,DH,8/25/25,,1008,864,48,0,96,,pdqm-82(315),,mgco-23,direct,direct,pdqm-82(315),rna(mgco-23) > tg(pdqm-82)315,staygold; chilada,rna(actin) > membrane,rna(staygold) > chilada
Aang_Foundation/20250826_mem_actin/fish6_24hpf_roi1,direct_121,rna(mgco-23) > tg(pdqm-82)315,rna(mStayGold-lifeact(N)) > tdmChilada-2xLynk(N),rna(mStayGold-actin) > tdmChilada-membrane,actin; membrane,staygold; chilada,DH,8/25/25,,1008,864,48,0,96,,pdqm-82(315),,mgco-23,direct,direct,pdqm-82(315),rna(mgco-23) > tg(pdqm-82)315,staygold; chilada,rna(actin) > membrane,rna(staygold) > chilada
Aang_Foundation/20250827_mem_actin/fish3_48hpf_roi1,direct_117,rna(mgco-23) > tg(pdqm-82)315,rna(mStayGold-lifeact(N)) > tdmChilada-2xLynk(N),rna(mStayGold-actin) > tdmChilada-membrane,actin; membrane,staygold; chilada,DH,8/25/25,,504,432,24,0,48,,pdqm-82(315),,mgco-23,direct,direct,pdqm-82(315),rna(mgco-23) > tg(pdqm-82)315,staygold; chilada,rna(actin) > membrane,rna(staygold) > chilada
Aang_Foundation/20250827_mem_actin/fish3_48hpf_roi2,direct_117,rna(mgco-23) > tg(pdqm-82)315,rna(mStayGold-lifeact(N)) > tdmChilada-2xLynk(N),rna(mStayGold-actin) > tdmChilada-membrane,actin; membrane,staygold; chilada,DH,8/25/25,,504,432,24,0,48,,pdqm-82(315),,mgco-23,direct,direct,pdqm-82(315),rna(mgco-23) > tg(pdqm-82)315,staygold; chilada,rna(actin) > membrane,rna(staygold) > chilada
Aang_Foundation/20250827_mem_actin/fish5_48hpf_roi1,direct_117,rna(mgco-23) > tg(pdqm-82)315,rna(mStayGold-lifeact(N)) > tdmChilada-2xLynk(N),rna(mStayGold-actin) > tdmChilada-membrane,actin; membrane,staygold; chilada,DH,8/25/25,,168,144,8,0,16,,pdqm-82(315),,mgco-23,direct,direct,pdqm-82(315),rna(mgco-23) > tg(pdqm-82)315,staygold; chilada,rna(actin) > membrane,rna(staygold) > chilada
Aang_Foundation/20250827_mem_actin/fish5_48hpf_roi2,direct_117,rna(mgco-23) > tg(pdqm-82)315,rna(mStayGold-lifeact(N)) > tdmChilada-2xLynk(N),rna(mStayGold-actin) > tdmChilada-membrane,actin; membrane,staygold; chilada,DH,8/25/25,,168,144,8,0,16,,pdqm-82(315),,mgco-23,direct,direct,pdqm-82(315),rna(mgco-23) > tg(pdqm-82)315,staygold; chilada,rna(actin) > membrane,rna(staygold) > chilada
Aang_Foundation/20250827_mem_actin/fish5_48hpf_roi3,direct_117,rna(mgco-23) > tg(pdqm-82)315,rna(mStayGold-lifeact(N)) > tdmChilada-2xLynk(N),rna(mStayGold-actin) > tdmChilada-membrane,actin; membrane,staygold; chilada,DH,8/25/25,,168,144,8,0,16,,pdqm-82(315),,mgco-23,direct,direct,pdqm-82(315),rna(mgco-23) > tg(pdqm-82)315,staygold; chilada,rna(actin) > membrane,rna(staygold) > chilada
Aang_Foundation/20250828_mem_actin/fish1_24hpf_roi1,direct_116,rna(mgco-23) > tg(pdqm-82)315,rna(mStayGold-lifeact(N)) > tdmChilada-2xLynk(N),rna(mStayGold-actin) > tdmChilada-membrane,actin; membrane,staygold; chilada,DH,8/27/25,,344,196,2,0,146,,pdqm-82(315),,mgco-23,direct,direct,pdqm-82(315),rna(mgco-23) > tg(pdqm-82)315,staygold; chilada,rna(actin) > membrane,rna(staygold) > chilada
Aang_Foundation/20250828_mem_actin/fish1_24hpf_roi1-2,direct_116,rna(mgco-23) > tg(pdqm-82)315,rna(mStayGold-lifeact(N)) > tdmChilada-2xLynk(N),rna(mStayGold-actin) > tdmChilada-membrane,actin; membrane,staygold; chilada,DH,8/27/25,,1620,1512,36,0,72,,pdqm-82(315),,mgco-23,direct,direct,pdqm-82(315),rna(mgco-23) > tg(pdqm-82)315,staygold; chilada,rna(actin) > membrane,rna(staygold) > chilada
Aang_Foundation/20250828_mem_actin/fish1_24hpf_roi2,direct_116,rna(mgco-23) > tg(pdqm-82)315,rna(mStayGold-lifeact(N)) > tdmChilada-2xLynk(N),rna(mStayGold-actin) > tdmChilada-membrane,actin; membrane,staygold; chilada,DH,8/27/25,,720,672,16,0,32,,pdqm-82(315),,mgco-23,direct,direct,pdqm-82(315),rna(mgco-23) > tg(pdqm-82)315,staygold; chilada,rna(actin) > membrane,rna(staygold) > chilada
Aang_Foundation/20250828_mem_actin/fish1_24hpf_roi3,direct_116,rna(mgco-23) > tg(pdqm-82)315,rna(mStayGold-lifeact(N)) > tdmChilada-2xLynk(N),rna(mStayGold-actin) > tdmChilada-membrane,actin; membrane,staygold; chilada,DH,8/27/25,,720,672,16,0,32,,pdqm-82(315),,mgco-23,direct,direct,pdqm-82(315),rna(mgco-23) > tg(pdqm-82)315,staygold; chilada,rna(actin) > membrane,rna(staygold) > chilada
Aang_Foundation/20250828_mem_actin/fish2_24hpf_roi1,direct_116,rna(mgco-23) > tg(pdqm-82)315,rna(mStayGold-lifeact(N)) > tdmChilada-2xLynk(N),rna(mStayGold-actin) > tdmChilada-membrane,actin; membrane,staygold; chilada,DH,8/27/25,,2117,1974,47,0,96,,pdqm-82(315),,mgco-23,direct,direct,pdqm-82(315),rna(mgco-23) > tg(pdqm-82)315,staygold; chilada,rna(actin) > membrane,rna(staygold) > chilada
Aang_Foundation/20250828_mem_actin/fish2_24hpf_roi2,direct_116,rna(mgco-23) > tg(pdqm-82)315,rna(mStayGold-lifeact(N)) > tdmChilada-2xLynk(N),rna(mStayGold-actin) > tdmChilada-membrane,actin; membrane,staygold; chilada,DH,8/27/25,,2062,1851,43,0,168,,pdqm-82(315),,mgco-23,direct,direct,pdqm-82(315),rna(mgco-23) > tg(pdqm-82)315,staygold; chilada,rna(actin) > membrane,rna(staygold) > chilada
Aang_Foundation/20250828_mem_actin/fish2_24hpf_roi2-2,direct_116,rna(mgco-23) > tg(pdqm-82)315,rna(mStayGold-lifeact(N)) > tdmChilada-2xLynk(N),rna(mStayGold-actin) > tdmChilada-membrane,actin; membrane,staygold; chilada,DH,8/27/25,,2160,2016,48,0,96,,pdqm-82(315),,mgco-23,direct,direct,pdqm-82(315),rna(mgco-23) > tg(pdqm-82)315,staygold; chilada,rna(actin) > membrane,rna(staygold) > chilada
Aang_Foundation/20250828_mem_actin/fish4_24hpf_roi1,direct_116,rna(mgco-23) > tg(pdqm-82)315,rna(mStayGold-lifeact(N)) > tdmChilada-2xLynk(N),rna(mStayGold-actin) > tdmChilada-membrane,actin; membrane,staygold; chilada,DH,8/27/25,,2160,2016,48,0,96,,pdqm-82(315),,mgco-23,direct,direct,pdqm-82(315),rna(mgco-23) > tg(pdqm-82)315,staygold; chilada,rna(actin) > membrane,rna(staygold) > chilada
Aang_Foundation/20250828_mem_actin/fish4_24hpf_roi2,direct_116,rna(mgco-23) > tg(pdqm-82)315,rna(mStayGold-lifeact(N)) > tdmChilada-2xLynk(N),rna(mStayGold-actin) > tdmChilada-membrane,actin; membrane,staygold; chilada,DH,8/27/25,,2160,2016,48,0,96,,pdqm-82(315),,mgco-23,direct,direct,pdqm-82(315),rna(mgco-23) > tg(pdqm-82)315,staygold; chilada,rna(actin) > membrane,rna(staygold) > chilada
Aang_Foundation/20250828_mem_actin/fish5_24hpf_roi1,direct_116,rna(mgco-23) > tg(pdqm-82)315,rna(mStayGold-lifeact(N)) > tdmChilada-2xLynk(N),rna(mStayGold-actin) > tdmChilada-membrane,actin; membrane,staygold; chilada,DH,8/27/25,,720,672,16,0,32,,pdqm-82(315),,mgco-23,direct,direct,pdqm-82(315),rna(mgco-23) > tg(pdqm-82)315,staygold; chilada,rna(actin) > membrane,rna(staygold) > chilada
Aang_Foundation/20250828_mem_actin/fish5_24hpf_roi2,direct_116,rna(mgco-23) > tg(pdqm-82)315,rna(mStayGold-lifeact(N)) > tdmChilada-2xLynk(N),rna(mStayGold-actin) > tdmChilada-membrane,actin; membrane,staygold; chilada,DH,8/27/25,,720,672,16,0,32,,pdqm-82(315),,mgco-23,direct,direct,pdqm-82(315),rna(mgco-23) > tg(pdqm-82)315,staygold; chilada,rna(actin) > membrane,rna(staygold) > chilada
Aang_Foundation/20250828_mem_actin/fish5_24hpf_roi3,direct_116,rna(mgco-23) > tg(pdqm-82)315,rna(mStayGold-lifeact(N)) > tdmChilada-2xLynk(N),rna(mStayGold-actin) > tdmChilada-membrane,actin; membrane,staygold; chilada,DH,8/27/25,,720,672,16,0,32,,pdqm-82(315),,mgco-23,direct,direct,pdqm-82(315),rna(mgco-23) > tg(pdqm-82)315,staygold; chilada,rna(actin) > membrane,rna(staygold) > chilada
Aang_Foundation/20250828_mem_actin/fish6_24hpf_roi1,direct_116,rna(mgco-23) > tg(pdqm-82)315,rna(mStayGold-lifeact(N)) > tdmChilada-2xLynk(N),rna(mStayGold-actin) > tdmChilada-membrane,actin; membrane,staygold; chilada,DH,8/27/25,,2160,2016,48,0,96,,pdqm-82(315),,mgco-23,direct,direct,pdqm-82(315),rna(mgco-23) > tg(pdqm-82)315,staygold; chilada,rna(actin) > membrane,rna(staygold) > chilada
Aang_Foundation/20250828_mem_actin/fish6_24hpf_roi2,direct_116,rna(mgco-23) > tg(pdqm-82)315,rna(mStayGold-lifeact(N)) > tdmChilada-2xLynk(N),rna(mStayGold-actin) > tdmChilada-membrane,actin; membrane,staygold; chilada,DH,8/27/25,,2160,2016,48,0,96,,pdqm-82(315),,mgco-23,direct,direct,pdqm-82(315),rna(mgco-23) > tg(pdqm-82)315,staygold; chilada,rna(actin) > membrane,rna(staygold) > chilada
Aang_Foundation/20250903_lifeact-mSG/fish1_24hpf_roi1,direct_113,rna(hc-9) > tg(pdqm-82)315,rna(mStayGold-lifeact(N)) > tdmChilada-2xLynk(N),rna(mStayGold-actin) > tdmChilada-membrane,actin; membrane,staygold; chilada,DH,9/2/25,,464,416,16,0,32,,pdqm-82(315),,hc-9,direct,direct,pdqm-82(315),rna(hc-9) > tg(pdqm-82)315,staygold; chilada,rna(actin) > membrane,rna(staygold) > chilada
Aang_Foundation/20250903_lifeact-mSG/fish1_24hpf_roi2,direct_113,rna(hc-9) > tg(pdqm-82)315,rna(mStayGold-lifeact(N)) > tdmChilada-2xLynk(N),rna(mStayGold-actin) > tdmChilada-membrane,actin; membrane,staygold; chilada,DH,9/2/25,,720,672,16,0,32,,pdqm-82(315),,hc-9,direct,direct,pdqm-82(315),rna(hc-9) > tg(pdqm-82)315,staygold; chilada,rna(actin) > membrane,rna(staygold) > chilada
Aang_Foundation/20250903_lifeact-mSG/fish1_24hpf_roi3,direct_113,rna(hc-9) > tg(pdqm-82)315,rna(mStayGold-lifeact(N)) > tdmChilada-2xLynk(N),rna(mStayGold-actin) > tdmChilada-membrane,actin; membrane,staygold; chilada,DH,9/2/25,,146,112,2,0,32,,pdqm-82(315),,hc-9,direct,direct,pdqm-82(315),rna(hc-9) > tg(pdqm-82)315,staygold; chilada,rna(actin) > membrane,rna(staygold) > chilada
Aang_Foundation/20250903_lifeact-mSG/fish1_24hpf_roi3_2,direct_113,rna(hc-9) > tg(pdqm-82)315,rna(mStayGold-lifeact(N)) > tdmChilada-2xLynk(N),rna(mStayGold-actin) > tdmChilada-membrane,actin; membrane,staygold; chilada,DH,9/2/25,,1504,1376,32,0,96,,pdqm-82(315),,hc-9,direct,direct,pdqm-82(315),rna(hc-9) > tg(pdqm-82)315,staygold; chilada,rna(actin) > membrane,rna(staygold) > chilada
Aang_Foundation/20250903_lifeact-mSG/fish2_24hpf_roi1,direct_113,rna(hc-9) > tg(pdqm-82)315,rna(mStayGold-lifeact(N)) > tdmChilada-2xLynk(N),rna(mStayGold-actin) > tdmChilada-membrane,actin; membrane,staygold; chilada,DH,9/2/25,,720,672,16,0,32,,pdqm-82(315),,hc-9,direct,direct,pdqm-82(315),rna(hc-9) > tg(pdqm-82)315,staygold; chilada,rna(actin) > membrane,rna(staygold) > chilada
Aang_Foundation/20250903_lifeact-mSG/fish2_24hpf_roi2,direct_113,rna(hc-9) > tg(pdqm-82)315,rna(mStayGold-lifeact(N)) > tdmChilada-2xLynk(N),rna(mStayGold-actin) > tdmChilada-membrane,actin; membrane,staygold; chilada,DH,9/2/25,,720,672,16,0,32,,pdqm-82(315),,hc-9,direct,direct,pdqm-82(315),rna(hc-9) > tg(pdqm-82)315,staygold; chilada,rna(actin) > membrane,rna(staygold) > chilada
Aang_Foundation/20250904_lifeact-mSG/fish1_24hpf_roi1,direct_112,rna(hc-9) > tg(pdqm-136)325,rna(mStayGold-lifeact(N)) > tdmScarlet3-2xLynk(N),rna(mStayGold-actin) > tdmScarlet3-membrane,actin; membrane,staygold; scarlet3,DH,9/3/25,,784,704,16,0,64,,pdqm-136(325),,hc-9,direct,direct,pdqm-136(325),rna(hc-9) > tg(pdqm-136)325,staygold; scarlet3,rna(actin) > membrane,rna(staygold) > scarlet3
Aang_Foundation/20250904_lifeact-mSG/fish1_24hpf_roi2,direct_112,rna(hc-9) > tg(pdqm-136)325,rna(mStayGold-lifeact(N)) > tdmScarlet3-2xLynk(N),rna(mStayGold-actin) > tdmScarlet3-membrane,actin; membrane,staygold; scarlet3,DH,9/3/25,,100,62,1,0,37,,pdqm-136(325),,hc-9,direct,direct,pdqm-136(325),rna(hc-9) > tg(pdqm-136)325,staygold; scarlet3,rna(actin) > membrane,rna(staygold) > scarlet3
Aang_Foundation/20250904_lifeact-mSG/fish1_24hpf_roi3,direct_112,rna(hc-9) > tg(pdqm-136)325,rna(mStayGold-lifeact(N)) > tdmScarlet3-2xLynk(N),rna(mStayGold-actin) > tdmScarlet3-membrane,actin; membrane,staygold; scarlet3,DH,9/3/25,,720,672,16,0,32,,pdqm-136(325),,hc-9,direct,direct,pdqm-136(325),rna(hc-9) > tg(pdqm-136)325,staygold; scarlet3,rna(actin) > membrane,rna(staygold) > scarlet3
Aang_Foundation/20250904_lifeact-mSG/fish1_24hpf_roi4,direct_112,rna(hc-9) > tg(pdqm-136)325,rna(mStayGold-lifeact(N)) > tdmScarlet3-2xLynk(N),rna(mStayGold-actin) > tdmScarlet3-membrane,actin; membrane,staygold; scarlet3,DH,9/3/25,,720,672,16,0,32,,pdqm-136(325),,hc-9,direct,direct,pdqm-136(325),rna(hc-9) > tg(pdqm-136)325,staygold; scarlet3,rna(actin) > membrane,rna(staygold) > scarlet3
Aang_Foundation/20250904_lifeact-mSG/fish1_24hpf_roi5,direct_112,rna(hc-9) > tg(pdqm-136)325,rna(mStayGold-lifeact(N)) > tdmScarlet3-2xLynk(N),rna(mStayGold-actin) > tdmScarlet3-membrane,actin; membrane,staygold; scarlet3,DH,9/3/25,,720,672,16,0,32,,pdqm-136(325),,hc-9,direct,direct,pdqm-136(325),rna(hc-9) > tg(pdqm-136)325,staygold; scarlet3,rna(actin) > membrane,rna(staygold) > scarlet3
Aang_Foundation/20250905_lifeact-mSG/fish2_72hpf_roi1,direct_111,rna(hc-9) > tg(pdqm-82)315,rna(mStayGold-lifeact(N)) > tdmChilada-2xLynk(N),rna(mStayGold-actin) > tdmChilada-membrane,actin; membrane,staygold; chilada,DH,9/2/25,,730,677,16,0,37,,pdqm-82(315),,hc-9,direct,direct,pdqm-82(315),rna(hc-9) > tg(pdqm-82)315,staygold; chilada,rna(actin) > membrane,rna(staygold) > chilada
Aang_Foundation/20250905_lifeact-mSG/fish2_72hpf_roi2,direct_111,rna(hc-9) > tg(pdqm-82)315,rna(mStayGold-lifeact(N)) > tdmChilada-2xLynk(N),rna(mStayGold-actin) > tdmChilada-membrane,actin; membrane,staygold; chilada,DH,9/2/25,,321,274,15,0,32,,pdqm-82(315),,hc-9,direct,direct,pdqm-82(315),rna(hc-9) > tg(pdqm-82)315,staygold; chilada,rna(actin) > membrane,rna(staygold) > chilada
Aang_Foundation/20250905_lifeact-mSG/fish2_72hpf_roi3,direct_111,rna(hc-9) > tg(pdqm-82)315,rna(mStayGold-lifeact(N)) > tdmChilada-2xLynk(N),rna(mStayGold-actin) > tdmChilada-membrane,actin; membrane,staygold; chilada,DH,9/2/25,,1008,864,48,0,96,,pdqm-82(315),,hc-9,direct,direct,pdqm-82(315),rna(hc-9) > tg(pdqm-82)315,staygold; chilada,rna(actin) > membrane,rna(staygold) > chilada
Aang_Foundation/20250905_lifeact-mSG/fish2_72hpf_roi4,direct_111,rna(hc-9) > tg(pdqm-82)315,rna(mStayGold-lifeact(N)) > tdmChilada-2xLynk(N),rna(mStayGold-actin) > tdmChilada-membrane,actin; membrane,staygold; chilada,DH,9/2/25,,1008,864,48,0,96,,pdqm-82(315),,hc-9,direct,direct,pdqm-82(315),rna(hc-9) > tg(pdqm-82)315,staygold; chilada,rna(actin) > membrane,rna(staygold) > chilada
Aang_Foundation/20250908_mem-mito/fish1_24hpf_roi1,direct_106,rna(mgco-1) > tg(pdqm-82)315,rna(mStayGold-2Xcox8A(N)) > tdmChilada-2xLynk(N),rna(mStayGold-mitochondria) > tdmChilada-membrane,mitochondria; membrane,staygold; chilada,DH,9/9/25,,547,429,11,0,107,pdqm-82(315),pdqm-82(315),,mgco-1,direct_by_rule_20250908_hpf_24_to_106_72_to_109,direct,pdqm-82(315),rna(mgco-1) > tg(pdqm-82)315,staygold; chilada,rna(mitochondria) > membrane,rna(staygold) > chilada
Aang_Foundation/20250908_mem-mito/fish1_24hpf_roi2,direct_106,rna(mgco-1) > tg(pdqm-82)315,rna(mStayGold-2Xcox8A(N)) > tdmChilada-2xLynk(N),rna(mStayGold-mitochondria) > tdmChilada-membrane,mitochondria; membrane,staygold; chilada,DH,9/9/25,,1332,1224,36,0,72,pdqm-82(315),pdqm-82(315),,mgco-1,direct_by_rule_20250908_hpf_24_to_106_72_to_109,direct,pdqm-82(315),rna(mgco-1) > tg(pdqm-82)315,staygold; chilada,rna(mitochondria) > membrane,rna(staygold) > chilada
Aang_Foundation/20250908_mem-mito/fish1_24hpf_roi3,direct_106,rna(mgco-1) > tg(pdqm-82)315,rna(mStayGold-2Xcox8A(N)) > tdmChilada-2xLynk(N),rna(mStayGold-mitochondria) > tdmChilada-membrane,mitochondria; membrane,staygold; chilada,DH,9/9/25,,522,468,18,0,36,pdqm-82(315),pdqm-82(315),,mgco-1,direct_by_rule_20250908_hpf_24_to_106_72_to_109,direct,pdqm-82(315),rna(mgco-1) > tg(pdqm-82)315,staygold; chilada,rna(mitochondria) > membrane,rna(staygold) > chilada
Aang_Foundation/20250908_mem-mito/fish1_24hpf_roi4,direct_106,rna(mgco-1) > tg(pdqm-82)315,rna(mStayGold-2Xcox8A(N)) > tdmChilada-2xLynk(N),rna(mStayGold-mitochondria) > tdmChilada-membrane,mitochondria; membrane,staygold; chilada,DH,9/9/25,,522,468,18,0,36,pdqm-82(315),pdqm-82(315),,mgco-1,direct_by_rule_20250908_hpf_24_to_106_72_to_109,direct,pdqm-82(315),rna(mgco-1) > tg(pdqm-82)315,staygold; chilada,rna(mitochondria) > membrane,rna(staygold) > chilada
Aang_Foundation/20250908_mem-mito/fish2_24hpf_roi1,direct_106,rna(mgco-1) > tg(pdqm-82)315,rna(mStayGold-2Xcox8A(N)) > tdmChilada-2xLynk(N),rna(mStayGold-mitochondria) > tdmChilada-membrane,mitochondria; membrane,staygold; chilada,DH,9/9/25,,522,468,18,0,36,pdqm-82(315),pdqm-82(315),,mgco-1,direct_by_rule_20250908_hpf_24_to_106_72_to_109,direct,pdqm-82(315),rna(mgco-1) > tg(pdqm-82)315,staygold; chilada,rna(mitochondria) > membrane,rna(staygold) > chilada
Aang_Foundation/20250908_mem-mito/fish2_24hpf_roi2,direct_106,rna(mgco-1) > tg(pdqm-82)315,rna(mStayGold-2Xcox8A(N)) > tdmChilada-2xLynk(N),rna(mStayGold-mitochondria) > tdmChilada-membrane,mitochondria; membrane,staygold; chilada,DH,9/9/25,,348,312,12,0,24,pdqm-82(315),pdqm-82(315),,mgco-1,direct_by_rule_20250908_hpf_24_to_106_72_to_109,direct,pdqm-82(315),rna(mgco-1) > tg(pdqm-82)315,staygold; chilada,rna(mitochondria) > membrane,rna(staygold) > chilada
Aang_Foundation/20250908_mem-mito/fish2_24hpf_roi3,direct_106,rna(mgco-1) > tg(pdqm-82)315,rna(mStayGold-2Xcox8A(N)) > tdmChilada-2xLynk(N),rna(mStayGold-mitochondria) > tdmChilada-membrane,mitochondria; membrane,staygold; chilada,DH,9/9/25,,52,27,1,0,24,pdqm-82(315),pdqm-82(315),,mgco-1,direct_by_rule_20250908_hpf_24_to_106_72_to_109,direct,pdqm-82(315),rna(mgco-1) > tg(pdqm-82)315,staygold; chilada,rna(mitochondria) > membrane,rna(staygold) > chilada
Aang_Foundation/20250908_mem-mito/fish2_72hpf_roi1,direct_109,rna(mgco-1) > tg(pdqm-82)315,rna(mStayGold-2Xcox8A(N)) > tdmChilada-2xLynk(N),rna(mStayGold-mitochondria) > tdmChilada-membrane,mitochondria; membrane,staygold; chilada,DH,9/5/25,,2342,2091,80,0,171,pdqm-82(315),pdqm-82(315),,mgco-1,direct_by_rule_20250908_hpf_24_to_106_72_to_109,direct,pdqm-82(315),rna(mgco-1) > tg(pdqm-82)315,staygold; chilada,rna(mitochondria) > membrane,rna(staygold) > chilada
Aang_Foundation/20250908_mem-mito/fish2_72hpf_roi2,direct_109,rna(mgco-1) > tg(pdqm-82)315,rna(mStayGold-2Xcox8A(N)) > tdmChilada-2xLynk(N),rna(mStayGold-mitochondria) > tdmChilada-membrane,mitochondria; membrane,staygold; chilada,DH,9/5/25,,1392,1248,48,0,96,pdqm-82(315),pdqm-82(315),,mgco-1,direct_by_rule_20250908_hpf_24_to_106_72_to_109,direct,pdqm-82(315),rna(mgco-1) > tg(pdqm-82)315,staygold; chilada,rna(mitochondria) > membrane,rna(staygold) > chilada
Aang_Foundation/20250908_mem-mito/fish2_72hpf_roi3,direct_109,rna(mgco-1) > tg(pdqm-82)315,rna(mStayGold-2Xcox8A(N)) > tdmChilada-2xLynk(N),rna(mStayGold-mitochondria) > tdmChilada-membrane,mitochondria; membrane,staygold; chilada,DH,9/5/25,,1392,1248,48,0,96,pdqm-82(315),pdqm-82(315),,mgco-1,direct_by_rule_20250908_hpf_24_to_106_72_to_109,direct,pdqm-82(315),rna(mgco-1) > tg(pdqm-82)315,staygold; chilada,rna(mitochondria) > membrane,rna(staygold) > chilada
Aang_Foundation/20250908_mem-mito/fish2_72hpf_roi4,direct_109,rna(mgco-1) > tg(pdqm-82)315,rna(mStayGold-2Xcox8A(N)) > tdmChilada-2xLynk(N),rna(mStayGold-mitochondria) > tdmChilada-membrane,mitochondria; membrane,staygold; chilada,DH,9/5/25,,1392,1248,48,0,96,pdqm-82(315),pdqm-82(315),,mgco-1,direct_by_rule_20250908_hpf_24_to_106_72_to_109,direct,pdqm-82(315),rna(mgco-1) > tg(pdqm-82)315,staygold; chilada,rna(mitochondria) > membrane,rna(staygold) > chilada
Aang_Foundation/20250908_mem-mito/fish2_72hpf_roi5,direct_109,rna(mgco-1) > tg(pdqm-82)315,rna(mStayGold-2Xcox8A(N)) > tdmChilada-2xLynk(N),rna(mStayGold-mitochondria) > tdmChilada-membrane,mitochondria; membrane,staygold; chilada,DH,9/5/25,,1392,1248,48,0,96,pdqm-82(315),pdqm-82(315),,mgco-1,direct_by_rule_20250908_hpf_24_to_106_72_to_109,direct,pdqm-82(315),rna(mgco-1) > tg(pdqm-82)315,staygold; chilada,rna(mitochondria) > membrane,rna(staygold) > chilada
Aang_Foundation/20250908_mem-mito/fish4_24hpf_roi1,direct_106,rna(mgco-1) > tg(pdqm-82)315,rna(mStayGold-2Xcox8A(N)) > tdmChilada-2xLynk(N),rna(mStayGold-mitochondria) > tdmChilada-membrane,mitochondria; membrane,staygold; chilada,DH,9/9/25,,348,312,12,0,24,pdqm-82(315),pdqm-82(315),,mgco-1,direct_by_rule_20250908_hpf_24_to_106_72_to_109,direct,pdqm-82(315),rna(mgco-1) > tg(pdqm-82)315,staygold; chilada,rna(mitochondria) > membrane,rna(staygold) > chilada
Aang_Foundation/20250908_mem-mito/fish4_24hpf_roi2,direct_106,rna(mgco-1) > tg(pdqm-82)315,rna(mStayGold-2Xcox8A(N)) > tdmChilada-2xLynk(N),rna(mStayGold-mitochondria) > tdmChilada-membrane,mitochondria; membrane,staygold; chilada,DH,9/9/25,,348,312,12,0,24,pdqm-82(315),pdqm-82(315),,mgco-1,direct_by_rule_20250908_hpf_24_to_106_72_to_109,direct,pdqm-82(315),rna(mgco-1) > tg(pdqm-82)315,staygold; chilada,rna(mitochondria) > membrane,rna(staygold) > chilada
Aang_Foundation/20250908_mem-mito/fish4_24hpf_roi3,direct_106,rna(mgco-1) > tg(pdqm-82)315,rna(mStayGold-2Xcox8A(N)) > tdmChilada-2xLynk(N),rna(mStayGold-mitochondria) > tdmChilada-membrane,mitochondria; membrane,staygold; chilada,DH,9/9/25,,348,312,12,0,24,pdqm-82(315),pdqm-82(315),,mgco-1,direct_by_rule_20250908_hpf_24_to_106_72_to_109,direct,pdqm-82(315),rna(mgco-1) > tg(pdqm-82)315,staygold; chilada,rna(mitochondria) > membrane,rna(staygold) > chilada
Aang_Foundation/20250908_mem-mito/fish5_24hpf_roi1,direct_106,rna(mgco-1) > tg(pdqm-82)315,rna(mStayGold-2Xcox8A(N)) > tdmChilada-2xLynk(N),rna(mStayGold-mitochondria) > tdmChilada-membrane,mitochondria; membrane,staygold; chilada,DH,9/9/25,,348,312,12,0,24,pdqm-82(315),pdqm-82(315),,mgco-1,direct_by_rule_20250908_hpf_24_to_106_72_to_109,direct,pdqm-82(315),rna(mgco-1) > tg(pdqm-82)315,staygold; chilada,rna(mitochondria) > membrane,rna(staygold) > chilada
Aang_Foundation/20250908_mem-mito/fish5_24hpf_roi2,direct_106,rna(mgco-1) > tg(pdqm-82)315,rna(mStayGold-2Xcox8A(N)) > tdmChilada-2xLynk(N),rna(mStayGold-mitochondria) > tdmChilada-membrane,mitochondria; membrane,staygold; chilada,DH,9/9/25,,348,312,12,0,24,pdqm-82(315),pdqm-82(315),,mgco-1,direct_by_rule_20250908_hpf_24_to_106_72_to_109,direct,pdqm-82(315),rna(mgco-1) > tg(pdqm-82)315,staygold; chilada,rna(mitochondria) > membrane,rna(staygold) > chilada
Aang_Foundation/20250908_mem-mito/fish5_24hpf_roi3,direct_106,rna(mgco-1) > tg(pdqm-82)315,rna(mStayGold-2Xcox8A(N)) > tdmChilada-2xLynk(N),rna(mStayGold-mitochondria) > tdmChilada-membrane,mitochondria; membrane,staygold; chilada,DH,9/9/25,,348,312,12,0,24,pdqm-82(315),pdqm-82(315),,mgco-1,direct_by_rule_20250908_hpf_24_to_106_72_to_109,direct,pdqm-82(315),rna(mgco-1) > tg(pdqm-82)315,staygold; chilada,rna(mitochondria) > membrane,rna(staygold) > chilada
Aang_Foundation/20250908_mem-mito/fish5_24hpf_roi4,direct_106,rna(mgco-1) > tg(pdqm-82)315,rna(mStayGold-2Xcox8A(N)) > tdmChilada-2xLynk(N),rna(mStayGold-mitochondria) > tdmChilada-membrane,mitochondria; membrane,staygold; chilada,DH,9/9/25,,348,312,12,0,24,pdqm-82(315),pdqm-82(315),,mgco-1,direct_by_rule_20250908_hpf_24_to_106_72_to_109,direct,pdqm-82(315),rna(mgco-1) > tg(pdqm-82)315,staygold; chilada,rna(mitochondria) > membrane,rna(staygold) > chilada
Aang_Foundation/20250908_mem-mito/fish6_24hpf_roi1,direct_106,rna(mgco-1) > tg(pdqm-82)315,rna(mStayGold-2Xcox8A(N)) > tdmChilada-2xLynk(N),rna(mStayGold-mitochondria) > tdmChilada-membrane,mitochondria; membrane,staygold; chilada,DH,9/9/25,,348,312,12,0,24,pdqm-82(315),pdqm-82(315),,mgco-1,direct_by_rule_20250908_hpf_24_to_106_72_to_109,direct,pdqm-82(315),rna(mgco-1) > tg(pdqm-82)315,staygold; chilada,rna(mitochondria) > membrane,rna(staygold) > chilada
Aang_Foundation/20250908_mem-mito/fish6_24hpf_roi2,direct_106,rna(mgco-1) > tg(pdqm-82)315,rna(mStayGold-2Xcox8A(N)) > tdmChilada-2xLynk(N),rna(mStayGold-mitochondria) > tdmChilada-membrane,mitochondria; membrane,staygold; chilada,DH,9/9/25,,348,312,12,0,24,pdqm-82(315),pdqm-82(315),,mgco-1,direct_by_rule_20250908_hpf_24_to_106_72_to_109,direct,pdqm-82(315),rna(mgco-1) > tg(pdqm-82)315,staygold; chilada,rna(mitochondria) > membrane,rna(staygold) > chilada
Aang_Foundation/20250908_mem-mito/fish6_24hpf_roi3,direct_106,rna(mgco-1) > tg(pdqm-82)315,rna(mStayGold-2Xcox8A(N)) > tdmChilada-2xLynk(N),rna(mStayGold-mitochondria) > tdmChilada-membrane,mitochondria; membrane,staygold; chilada,DH,9/9/25,,348,312,12,0,24,pdqm-82(315),pdqm-82(315),,mgco-1,direct_by_rule_20250908_hpf_24_to_106_72_to_109,direct,pdqm-82(315),rna(mgco-1) > tg(pdqm-82)315,staygold; chilada,rna(mitochondria) > membrane,rna(staygold) > chilada
Aang_Foundation/20250911_mem-mito/fish1_48hpf_roi1,direct_105,rna(mgco-1) > tg(pdqm-82)315,rna(mStayGold-2Xcox8A(N)) > tdmChilada-2xLynk(N),rna(mStayGold-mitochondria) > tdmChilada-membrane,mitochondria; membrane,staygold; chilada,DH,9/9/25,,464,416,16,0,32,pdqm-82(315),pdqm-82(315),,mgco-1,direct,direct,pdqm-82(315),rna(mgco-1) > tg(pdqm-82)315,staygold; chilada,rna(mitochondria) > membrane,rna(staygold) > chilada
Aang_Foundation/20250911_mem-mito/fish1_48hpf_roi2,direct_105,rna(mgco-1) > tg(pdqm-82)315,rna(mStayGold-2Xcox8A(N)) > tdmChilada-2xLynk(N),rna(mStayGold-mitochondria) > tdmChilada-membrane,mitochondria; membrane,staygold; chilada,DH,9/9/25,,464,416,16,0,32,pdqm-82(315),pdqm-82(315),,mgco-1,direct,direct,pdqm-82(315),rna(mgco-1) > tg(pdqm-82)315,staygold; chilada,rna(mitochondria) > membrane,rna(staygold) > chilada
Aang_Foundation/20250911_mem-mito/fish1_48hpf_roi3,direct_105,rna(mgco-1) > tg(pdqm-82)315,rna(mStayGold-2Xcox8A(N)) > tdmChilada-2xLynk(N),rna(mStayGold-mitochondria) > tdmChilada-membrane,mitochondria; membrane,staygold; chilada,DH,9/9/25,,464,416,16,0,32,pdqm-82(315),pdqm-82(315),,mgco-1,direct,direct,pdqm-82(315),rna(mgco-1) > tg(pdqm-82)315,staygold; chilada,rna(mitochondria) > membrane,rna(staygold) > chilada
Aang_Foundation/20250911_mem-mito/fish1_48hpf_roi4,direct_105,rna(mgco-1) > tg(pdqm-82)315,rna(mStayGold-2Xcox8A(N)) > tdmChilada-2xLynk(N),rna(mStayGold-mitochondria) > tdmChilada-membrane,mitochondria; membrane,staygold; chilada,DH,9/9/25,,464,416,16,0,32,pdqm-82(315),pdqm-82(315),,mgco-1,direct,direct,pdqm-82(315),rna(mgco-1) > tg(pdqm-82)315,staygold; chilada,rna(mitochondria) > membrane,rna(staygold) > chilada
Aang_Foundation/20250911_mem-mito/fish1_48hpf_roi5,direct_105,rna(mgco-1) > tg(pdqm-82)315,rna(mStayGold-2Xcox8A(N)) > tdmChilada-2xLynk(N),rna(mStayGold-mitochondria) > tdmChilada-membrane,mitochondria; membrane,staygold; chilada,DH,9/9/25,,464,416,16,0,32,pdqm-82(315),pdqm-82(315),,mgco-1,direct,direct,pdqm-82(315),rna(mgco-1) > tg(pdqm-82)315,staygold; chilada,rna(mitochondria) > membrane,rna(staygold) > chilada
Aang_Foundation/20250911_mem-mito/fish2_48hpf_roi1,direct_105,rna(mgco-1) > tg(pdqm-82)315,rna(mStayGold-2Xcox8A(N)) > tdmChilada-2xLynk(N),rna(mStayGold-mitochondria) > tdmChilada-membrane,mitochondria; membrane,staygold; chilada,DH,9/9/25,,464,416,16,0,32,pdqm-82(315),pdqm-82(315),,mgco-1,direct,direct,pdqm-82(315),rna(mgco-1) > tg(pdqm-82)315,staygold; chilada,rna(mitochondria) > membrane,rna(staygold) > chilada
Aang_Foundation/20250911_mem-mito/fish2_48hpf_roi2,direct_105,rna(mgco-1) > tg(pdqm-82)315,rna(mStayGold-2Xcox8A(N)) > tdmChilada-2xLynk(N),rna(mStayGold-mitochondria) > tdmChilada-membrane,mitochondria; membrane,staygold; chilada,DH,9/9/25,,464,416,16,0,32,pdqm-82(315),pdqm-82(315),,mgco-1,direct,direct,pdqm-82(315),rna(mgco-1) > tg(pdqm-82)315,staygold; chilada,rna(mitochondria) > membrane,rna(staygold) > chilada
Aang_Foundation/20250911_mem-mito/fish2_48hpf_roi3,direct_105,rna(mgco-1) > tg(pdqm-82)315,rna(mStayGold-2Xcox8A(N)) > tdmChilada-2xLynk(N),rna(mStayGold-mitochondria) > tdmChilada-membrane,mitochondria; membrane,staygold; chilada,DH,9/9/25,,464,416,16,0,32,pdqm-82(315),pdqm-82(315),,mgco-1,direct,direct,pdqm-82(315),rna(mgco-1) > tg(pdqm-82)315,staygold; chilada,rna(mitochondria) > membrane,rna(staygold) > chilada
Aang_Foundation/20250912_mem-mito/fish1_72hpf_roi1,direct_104,rna(mgco-1) > tg(pdqm-82)315,rna(mStayGold-2Xcox8A(N)) > tdmChilada-2xLynk(N),rna(mStayGold-mitochondria) > tdmChilada-membrane,mitochondria; membrane,staygold; chilada,DH,9/9/25,,464,416,16,0,32,pdqm-82(315),pdqm-82(315),,mgco-1,direct,direct,pdqm-82(315),rna(mgco-1) > tg(pdqm-82)315,staygold; chilada,rna(mitochondria) > membrane,rna(staygold) > chilada
Aang_Foundation/20250912_mem-mito/fish1_72hpf_roi2,direct_104,rna(mgco-1) > tg(pdqm-82)315,rna(mStayGold-2Xcox8A(N)) > tdmChilada-2xLynk(N),rna(mStayGold-mitochondria) > tdmChilada-membrane,mitochondria; membrane,staygold; chilada,DH,9/9/25,,248,208,8,0,32,pdqm-82(315),pdqm-82(315),,mgco-1,direct,direct,pdqm-82(315),rna(mgco-1) > tg(pdqm-82)315,staygold; chilada,rna(mitochondria) > membrane,rna(staygold) > chilada
Aang_Foundation/20250912_mem-mito/fish1_72hpf_roi3,direct_104,rna(mgco-1) > tg(pdqm-82)315,rna(mStayGold-2Xcox8A(N)) > tdmChilada-2xLynk(N),rna(mStayGold-mitochondria) > tdmChilada-membrane,mitochondria; membrane,staygold; chilada,DH,9/9/25,,410,364,14,0,32,pdqm-82(315),pdqm-82(315),,mgco-1,direct,direct,pdqm-82(315),rna(mgco-1) > tg(pdqm-82)315,staygold; chilada,rna(mitochondria) > membrane,rna(staygold) > chilada
Aang_Foundation/20250912_mem-mito/fish1_72hpf_roi4,direct_104,rna(mgco-1) > tg(pdqm-82)315,rna(mStayGold-2Xcox8A(N)) > tdmChilada-2xLynk(N),rna(mStayGold-mitochondria) > tdmChilada-membrane,mitochondria; membrane,staygold; chilada,DH,9/9/25,,410,364,14,0,32,pdqm-82(315),pdqm-82(315),,mgco-1,direct,direct,pdqm-82(315),rna(mgco-1) > tg(pdqm-82)315,staygold; chilada,rna(mitochondria) > membrane,rna(staygold) > chilada
Aang_Foundation/20250912_mem-mito/fish2_72hpf_roi1,direct_104,rna(mgco-1) > tg(pdqm-82)315,rna(mStayGold-2Xcox8A(N)) > tdmChilada-2xLynk(N),rna(mStayGold-mitochondria) > tdmChilada-membrane,mitochondria; membrane,staygold; chilada,DH,9/9/25,,410,364,14,0,32,pdqm-82(315),pdqm-82(315),,mgco-1,direct,direct,pdqm-82(315),rna(mgco-1) > tg(pdqm-82)315,staygold; chilada,rna(mitochondria) > membrane,rna(staygold) > chilada
Aang_Foundation/20250912_mem-mito/fish2_72hpf_roi2,direct_104,rna(mgco-1) > tg(pdqm-82)315,rna(mStayGold-2Xcox8A(N)) > tdmChilada-2xLynk(N),rna(mStayGold-mitochondria) > tdmChilada-membrane,mitochondria; membrane,staygold; chilada,DH,9/9/25,,248,208,8,0,32,pdqm-82(315),pdqm-82(315),,mgco-1,direct,direct,pdqm-82(315),rna(mgco-1) > tg(pdqm-82)315,staygold; chilada,rna(mitochondria) > membrane,rna(staygold) > chilada
Aang_Foundation/20250912_mem-mito/fish2_72hpf_roi3,direct_104,rna(mgco-1) > tg(pdqm-82)315,rna(mStayGold-2Xcox8A(N)) > tdmChilada-2xLynk(N),rna(mStayGold-mitochondria) > tdmChilada-membrane,mitochondria; membrane,staygold; chilada,DH,9/9/25,,464,416,16,0,32,pdqm-82(315),pdqm-82(315),,mgco-1,direct,direct,pdqm-82(315),rna(mgco-1) > tg(pdqm-82)315,staygold; chilada,rna(mitochondria) > membrane,rna(staygold) > chilada
Aang_Foundation/20250912_mem-mito/fish2_72hpf_roi4,direct_104,rna(mgco-1) > tg(pdqm-82)315,rna(mStayGold-2Xcox8A(N)) > tdmChilada-2xLynk(N),rna(mStayGold-mitochondria) > tdmChilada-membrane,mitochondria; membrane,staygold; chilada,DH,9/9/25,,410,364,14,0,32,pdqm-82(315),pdqm-82(315),,mgco-1,direct,direct,pdqm-82(315),rna(mgco-1) > tg(pdqm-82)315,staygold; chilada,rna(mitochondria) > membrane,rna(staygold) > chilada
Aang_Foundation/20250912_mem-mito/fish3_72hpf_roi1,direct_104,rna(mgco-1) > tg(pdqm-82)315,rna(mStayGold-2Xcox8A(N)) > tdmChilada-2xLynk(N),rna(mStayGold-mitochondria) > tdmChilada-membrane,mitochondria; membrane,staygold; chilada,DH,9/9/25,,464,416,16,0,32,pdqm-82(315),pdqm-82(315),,mgco-1,direct,direct,pdqm-82(315),rna(mgco-1) > tg(pdqm-82)315,staygold; chilada,rna(mitochondria) > membrane,rna(staygold) > chilada
Aang_Foundation/20250912_mem-mito/fish3_72hpf_roi10,direct_104,rna(mgco-1) > tg(pdqm-82)315,rna(mStayGold-2Xcox8A(N)) > tdmChilada-2xLynk(N),rna(mStayGold-mitochondria) > tdmChilada-membrane,mitochondria; membrane,staygold; chilada,DH,9/9/25,,356,312,12,0,32,pdqm-82(315),pdqm-82(315),,mgco-1,direct,direct,pdqm-82(315),rna(mgco-1) > tg(pdqm-82)315,staygold; chilada,rna(mitochondria) > membrane,rna(staygold) > chilada
Aang_Foundation/20250912_mem-mito/fish3_72hpf_roi11,direct_104,rna(mgco-1) > tg(pdqm-82)315,rna(mStayGold-2Xcox8A(N)) > tdmChilada-2xLynk(N),rna(mStayGold-mitochondria) > tdmChilada-membrane,mitochondria; membrane,staygold; chilada,DH,9/9/25,,464,416,16,0,32,pdqm-82(315),pdqm-82(315),,mgco-1,direct,direct,pdqm-82(315),rna(mgco-1) > tg(pdqm-82)315,staygold; chilada,rna(mitochondria) > membrane,rna(staygold) > chilada
Aang_Foundation/20250912_mem-mito/fish3_72hpf_roi12,direct_104,rna(mgco-1) > tg(pdqm-82)315,rna(mStayGold-2Xcox8A(N)) > tdmChilada-2xLynk(N),rna(mStayGold-mitochondria) > tdmChilada-membrane,mitochondria; membrane,staygold; chilada,DH,9/9/25,,464,416,16,0,32,pdqm-82(315),pdqm-82(315),,mgco-1,direct,direct,pdqm-82(315),rna(mgco-1) > tg(pdqm-82)315,staygold; chilada,rna(mitochondria) > membrane,rna(staygold) > chilada
Aang_Foundation/20250912_mem-mito/fish3_72hpf_roi2,direct_104,rna(mgco-1) > tg(pdqm-82)315,rna(mStayGold-2Xcox8A(N)) > tdmChilada-2xLynk(N),rna(mStayGold-mitochondria) > tdmChilada-membrane,mitochondria; membrane,staygold; chilada,DH,9/9/25,,410,364,14,0,32,pdqm-82(315),pdqm-82(315),,mgco-1,direct,direct,pdqm-82(315),rna(mgco-1) > tg(pdqm-82)315,staygold; chilada,rna(mitochondria) > membrane,rna(staygold) > chilada
Aang_Foundation/20250912_mem-mito/fish3_72hpf_roi3,direct_104,rna(mgco-1) > tg(pdqm-82)315,rna(mStayGold-2Xcox8A(N)) > tdmChilada-2xLynk(N),rna(mStayGold-mitochondria) > tdmChilada-membrane,mitochondria; membrane,staygold; chilada,DH,9/9/25,,464,416,16,0,32,pdqm-82(315),pdqm-82(315),,mgco-1,direct,direct,pdqm-82(315),rna(mgco-1) > tg(pdqm-82)315,staygold; chilada,rna(mitochondria) > membrane,rna(staygold) > chilada
Aang_Foundation/20250912_mem-mito/fish3_72hpf_roi4,direct_104,rna(mgco-1) > tg(pdqm-82)315,rna(mStayGold-2Xcox8A(N)) > tdmChilada-2xLynk(N),rna(mStayGold-mitochondria) > tdmChilada-membrane,mitochondria; membrane,staygold; chilada,DH,9/9/25,,464,416,16,0,32,pdqm-82(315),pdqm-82(315),,mgco-1,direct,direct,pdqm-82(315),rna(mgco-1) > tg(pdqm-82)315,staygold; chilada,rna(mitochondria) > membrane,rna(staygold) > chilada
Aang_Foundation/20250912_mem-mito/fish3_72hpf_roi5,direct_104,rna(mgco-1) > tg(pdqm-82)315,rna(mStayGold-2Xcox8A(N)) > tdmChilada-2xLynk(N),rna(mStayGold-mitochondria) > tdmChilada-membrane,mitochondria; membrane,staygold; chilada,DH,9/9/25,,464,416,16,0,32,pdqm-82(315),pdqm-82(315),,mgco-1,direct,direct,pdqm-82(315),rna(mgco-1) > tg(pdqm-82)315,staygold; chilada,rna(mitochondria) > membrane,rna(staygold) > chilada
Aang_Foundation/20250912_mem-mito/fish3_72hpf_roi6,direct_104,rna(mgco-1) > tg(pdqm-82)315,rna(mStayGold-2Xcox8A(N)) > tdmChilada-2xLynk(N),rna(mStayGold-mitochondria) > tdmChilada-membrane,mitochondria; membrane,staygold; chilada,DH,9/9/25,,464,416,16,0,32,pdqm-82(315),pdqm-82(315),,mgco-1,direct,direct,pdqm-82(315),rna(mgco-1) > tg(pdqm-82)315,staygold; chilada,rna(mitochondria) > membrane,rna(staygold) > chilada
Aang_Foundation/20250912_mem-mito/fish3_72hpf_roi7,direct_104,rna(mgco-1) > tg(pdqm-82)315,rna(mStayGold-2Xcox8A(N)) > tdmChilada-2xLynk(N),rna(mStayGold-mitochondria) > tdmChilada-membrane,mitochondria; membrane,staygold; chilada,DH,9/9/25,,464,416,16,0,32,pdqm-82(315),pdqm-82(315),,mgco-1,direct,direct,pdqm-82(315),rna(mgco-1) > tg(pdqm-82)315,staygold; chilada,rna(mitochondria) > membrane,rna(staygold) > chilada
Aang_Foundation/20250912_mem-mito/fish3_72hpf_roi8,direct_104,rna(mgco-1) > tg(pdqm-82)315,rna(mStayGold-2Xcox8A(N)) > tdmChilada-2xLynk(N),rna(mStayGold-mitochondria) > tdmChilada-membrane,mitochondria; membrane,staygold; chilada,DH,9/9/25,,464,416,16,0,32,pdqm-82(315),pdqm-82(315),,mgco-1,direct,direct,pdqm-82(315),rna(mgco-1) > tg(pdqm-82)315,staygold; chilada,rna(mitochondria) > membrane,rna(staygold) > chilada
Aang_Foundation/20250912_mem-mito/fish3_72hpf_roi9,direct_104,rna(mgco-1) > tg(pdqm-82)315,rna(mStayGold-2Xcox8A(N)) > tdmChilada-2xLynk(N),rna(mStayGold-mitochondria) > tdmChilada-membrane,mitochondria; membrane,staygold; chilada,DH,9/9/25,,410,364,14,0,32,pdqm-82(315),pdqm-82(315),,mgco-1,direct,direct,pdqm-82(315),rna(mgco-1) > tg(pdqm-82)315,staygold; chilada,rna(mitochondria) > membrane,rna(staygold) > chilada
Aang_Foundation/20250912_mem-mito/fish4_72hpf_roi1,direct_104,rna(mgco-1) > tg(pdqm-82)315,rna(mStayGold-2Xcox8A(N)) > tdmChilada-2xLynk(N),rna(mStayGold-mitochondria) > tdmChilada-membrane,mitochondria; membrane,staygold; chilada,DH,9/9/25,,464,416,16,0,32,pdqm-82(315),pdqm-82(315),,mgco-1,direct,direct,pdqm-82(315),rna(mgco-1) > tg(pdqm-82)315,staygold; chilada,rna(mitochondria) > membrane,rna(staygold) > chilada
Aang_Foundation/20250912_mem-mito/fish4_72hpf_roi2,direct_104,rna(mgco-1) > tg(pdqm-82)315,rna(mStayGold-2Xcox8A(N)) > tdmChilada-2xLynk(N),rna(mStayGold-mitochondria) > tdmChilada-membrane,mitochondria; membrane,staygold; chilada,DH,9/9/25,,356,312,12,0,32,pdqm-82(315),pdqm-82(315),,mgco-1,direct,direct,pdqm-82(315),rna(mgco-1) > tg(pdqm-82)315,staygold; chilada,rna(mitochondria) > membrane,rna(staygold) > chilada
Aang_Foundation/20250912_mem-mito/fish4_72hpf_roi3,direct_104,rna(mgco-1) > tg(pdqm-82)315,rna(mStayGold-2Xcox8A(N)) > tdmChilada-2xLynk(N),rna(mStayGold-mitochondria) > tdmChilada-membrane,mitochondria; membrane,staygold; chilada,DH,9/9/25,,248,208,8,0,32,pdqm-82(315),pdqm-82(315),,mgco-1,direct,direct,pdqm-82(315),rna(mgco-1) > tg(pdqm-82)315,staygold; chilada,rna(mitochondria) > membrane,rna(staygold) > chilada
Aang_Foundation/20250912_mem-mito/fish4_72hpf_roi4,direct_104,rna(mgco-1) > tg(pdqm-82)315,rna(mStayGold-2Xcox8A(N)) > tdmChilada-2xLynk(N),rna(mStayGold-mitochondria) > tdmChilada-membrane,mitochondria; membrane,staygold; chilada,DH,9/9/25,,248,208,8,0,32,pdqm-82(315),pdqm-82(315),,mgco-1,direct,direct,pdqm-82(315),rna(mgco-1) > tg(pdqm-82)315,staygold; chilada,rna(mitochondria) > membrane,rna(staygold) > chilada
Aang_Foundation/20250912_mem-mito/fish4_72hpf_roi5,direct_104,rna(mgco-1) > tg(pdqm-82)315,rna(mStayGold-2Xcox8A(N)) > tdmChilada-2xLynk(N),rna(mStayGold-mitochondria) > tdmChilada-membrane,mitochondria; membrane,staygold; chilada,DH,9/9/25,,356,312,12,0,32,pdqm-82(315),pdqm-82(315),,mgco-1,direct,direct,pdqm-82(315),rna(mgco-1) > tg(pdqm-82)315,staygold; chilada,rna(mitochondria) > membrane,rna(staygold) > chilada
Aang_Foundation/20250912_mem-mito/fish4_72hpf_roi6,direct_104,rna(mgco-1) > tg(pdqm-82)315,rna(mStayGold-2Xcox8A(N)) > tdmChilada-2xLynk(N),rna(mStayGold-mitochondria) > tdmChilada-membrane,mitochondria; membrane,staygold; chilada,DH,9/9/25,,410,364,14,0,32,pdqm-82(315),pdqm-82(315),,mgco-1,direct,direct,pdqm-82(315),rna(mgco-1) > tg(pdqm-82)315,staygold; chilada,rna(mitochondria) > membrane,rna(staygold) > chilada
Aang_Foundation/20250915_mem-mito/fish1_72hpf_roi1,direct_103,rna(mgco-1) > tg(pswin-1)is01,rna(mStayGold-2Xcox8A(N)) > halo-2xLynk(N),rna(mStayGold-mitochondria) > halo-membrane,mitochondria; membrane,staygold; halo,DH,9/12/25,,302,260,10,0,32,,pswin-1(is01),,mgco-1,direct,direct,pswin-1(is01),rna(mgco-1) > tg(pswin-1)is01,staygold; halo,rna(mitochondria) > membrane,rna(staygold) > halo
Aang_Foundation/20250915_mem-mito/fish1_72hpf_roi2,direct_103,rna(mgco-1) > tg(pswin-1)is01,rna(mStayGold-2Xcox8A(N)) > halo-2xLynk(N),rna(mStayGold-mitochondria) > halo-membrane,mitochondria; membrane,staygold; halo,DH,9/12/25,,302,260,10,0,32,,pswin-1(is01),,mgco-1,direct,direct,pswin-1(is01),rna(mgco-1) > tg(pswin-1)is01,staygold; halo,rna(mitochondria) > membrane,rna(staygold) > halo
Aang_Foundation/20250915_mem-mito/fish1_72hpf_roi3,direct_103,rna(mgco-1) > tg(pswin-1)is01,rna(mStayGold-2Xcox8A(N)) > halo-2xLynk(N),rna(mStayGold-mitochondria) > halo-membrane,mitochondria; membrane,staygold; halo,DH,9/12/25,,248,208,8,0,32,,pswin-1(is01),,mgco-1,direct,direct,pswin-1(is01),rna(mgco-1) > tg(pswin-1)is01,staygold; halo,rna(mitochondria) > membrane,rna(staygold) > halo
Aang_Foundation/20250915_mem-mito/fish1_72hpf_roi4,direct_103,rna(mgco-1) > tg(pswin-1)is01,rna(mStayGold-2Xcox8A(N)) > halo-2xLynk(N),rna(mStayGold-mitochondria) > halo-membrane,mitochondria; membrane,staygold; halo,DH,9/12/25,,410,364,14,0,32,,pswin-1(is01),,mgco-1,direct,direct,pswin-1(is01),rna(mgco-1) > tg(pswin-1)is01,staygold; halo,rna(mitochondria) > membrane,rna(staygold) > halo
Aang_Foundation/20250915_mem-mito/fish1_72hpf_roi5,direct_103,rna(mgco-1) > tg(pswin-1)is01,rna(mStayGold-2Xcox8A(N)) > halo-2xLynk(N),rna(mStayGold-mitochondria) > halo-membrane,mitochondria; membrane,staygold; halo,DH,9/12/25,,248,208,8,0,32,,pswin-1(is01),,mgco-1,direct,direct,pswin-1(is01),rna(mgco-1) > tg(pswin-1)is01,staygold; halo,rna(mitochondria) > membrane,rna(staygold) > halo
Aang_Foundation/20250915_mem-mito/fish2_72hpf_roi1,direct_103,rna(mgco-1) > tg(pswin-1)is01,rna(mStayGold-2Xcox8A(N)) > halo-2xLynk(N),rna(mStayGold-mitochondria) > halo-membrane,mitochondria; membrane,staygold; halo,DH,9/12/25,,410,364,14,0,32,,pswin-1(is01),,mgco-1,direct,direct,pswin-1(is01),rna(mgco-1) > tg(pswin-1)is01,staygold; halo,rna(mitochondria) > membrane,rna(staygold) > halo
Aang_Foundation/20250915_mem-mito/fish2_72hpf_roi2,direct_103,rna(mgco-1) > tg(pswin-1)is01,rna(mStayGold-2Xcox8A(N)) > halo-2xLynk(N),rna(mStayGold-mitochondria) > halo-membrane,mitochondria; membrane,staygold; halo,DH,9/12/25,,302,260,10,0,32,,pswin-1(is01),,mgco-1,direct,direct,pswin-1(is01),rna(mgco-1) > tg(pswin-1)is01,staygold; halo,rna(mitochondria) > membrane,rna(staygold) > halo
Aang_Foundation/20250915_mem-mito/fish2_72hpf_roi3,direct_103,rna(mgco-1) > tg(pswin-1)is01,rna(mStayGold-2Xcox8A(N)) > halo-2xLynk(N),rna(mStayGold-mitochondria) > halo-membrane,mitochondria; membrane,staygold; halo,DH,9/12/25,,264,224,8,0,32,,pswin-1(is01),,mgco-1,direct,direct,pswin-1(is01),rna(mgco-1) > tg(pswin-1)is01,staygold; halo,rna(mitochondria) > membrane,rna(staygold) > halo
Aang_Foundation/20250915_mem-mito/fish3_72hpf_roi1,direct_103,rna(mgco-1) > tg(pswin-1)is01,rna(mStayGold-2Xcox8A(N)) > halo-2xLynk(N),rna(mStayGold-mitochondria) > halo-membrane,mitochondria; membrane,staygold; halo,DH,9/12/25,,302,260,10,0,32,,pswin-1(is01),,mgco-1,direct,direct,pswin-1(is01),rna(mgco-1) > tg(pswin-1)is01,staygold; halo,rna(mitochondria) > membrane,rna(staygold) > halo
Aang_Foundation/20250915_mem-mito/fish3_72hpf_roi2,direct_103,rna(mgco-1) > tg(pswin-1)is01,rna(mStayGold-2Xcox8A(N)) > halo-2xLynk(N),rna(mStayGold-mitochondria) > halo-membrane,mitochondria; membrane,staygold; halo,DH,9/12/25,,464,416,16,0,32,,pswin-1(is01),,mgco-1,direct,direct,pswin-1(is01),rna(mgco-1) > tg(pswin-1)is01,staygold; halo,rna(mitochondria) > membrane,rna(staygold) > halo
Aang_Foundation/20250915_mem-mito/fish3_72hpf_roi3,direct_103,rna(mgco-1) > tg(pswin-1)is01,rna(mStayGold-2Xcox8A(N)) > halo-2xLynk(N),rna(mStayGold-mitochondria) > halo-membrane,mitochondria; membrane,staygold; halo,DH,9/12/25,,356,312,12,0,32,,pswin-1(is01),,mgco-1,direct,direct,pswin-1(is01),rna(mgco-1) > tg(pswin-1)is01,staygold; halo,rna(mitochondria) > membrane,rna(staygold) > halo
Aang_Foundation/20250915_mem-mito/fish3_72hpf_roi4,direct_103,rna(mgco-1) > tg(pswin-1)is01,rna(mStayGold-2Xcox8A(N)) > halo-2xLynk(N),rna(mStayGold-mitochondria) > halo-membrane,mitochondria; membrane,staygold; halo,DH,9/12/25,,464,416,16,0,32,,pswin-1(is01),,mgco-1,direct,direct,pswin-1(is01),rna(mgco-1) > tg(pswin-1)is01,staygold; halo,rna(mitochondria) > membrane,rna(staygold) > halo
Aang_Foundation/20250915_mem-mito/fish3_72hpf_roi5,direct_103,rna(mgco-1) > tg(pswin-1)is01,rna(mStayGold-2Xcox8A(N)) > halo-2xLynk(N),rna(mStayGold-mitochondria) > halo-membrane,mitochondria; membrane,staygold; halo,DH,9/12/25,,302,260,10,0,32,,pswin-1(is01),,mgco-1,direct,direct,pswin-1(is01),rna(mgco-1) > tg(pswin-1)is01,staygold; halo,rna(mitochondria) > membrane,rna(staygold) > halo
Aang_Foundation/20250915_mem-mito/fish3_72hpf_roi6,direct_103,rna(mgco-1) > tg(pswin-1)is01,rna(mStayGold-2Xcox8A(N)) > halo-2xLynk(N),rna(mStayGold-mitochondria) > halo-membrane,mitochondria; membrane,staygold; halo,DH,9/12/25,,464,416,16,0,32,,pswin-1(is01),,mgco-1,direct,direct,pswin-1(is01),rna(mgco-1) > tg(pswin-1)is01,staygold; halo,rna(mitochondria) > membrane,rna(staygold) > halo
Aang_Foundation/20250915_mem-mito/fish3_72hpf_roi7,direct_103,rna(mgco-1) > tg(pswin-1)is01,rna(mStayGold-2Xcox8A(N)) > halo-2xLynk(N),rna(mStayGold-mitochondria) > halo-membrane,mitochondria; membrane,staygold; halo,DH,9/12/25,,248,208,8,0,32,,pswin-1(is01),,mgco-1,direct,direct,pswin-1(is01),rna(mgco-1) > tg(pswin-1)is01,staygold; halo,rna(mitochondria) > membrane,rna(staygold) > halo
Aang_Foundation/20250915_mem-mito/fish5_72hpf_roi1,direct_103,rna(mgco-1) > tg(pswin-1)is01,rna(mStayGold-2Xcox8A(N)) > halo-2xLynk(N),rna(mStayGold-mitochondria) > halo-membrane,mitochondria; membrane,staygold; halo,DH,9/12/25,,285,224,8,0,53,,pswin-1(is01),,mgco-1,direct,direct,pswin-1(is01),rna(mgco-1) > tg(pswin-1)is01,staygold; halo,rna(mitochondria) > membrane,rna(staygold) > halo
Aang_Foundation/20250915_mem-mito/fish5_72hpf_roi2,direct_103,rna(mgco-1) > tg(pswin-1)is01,rna(mStayGold-2Xcox8A(N)) > halo-2xLynk(N),rna(mStayGold-mitochondria) > halo-membrane,mitochondria; membrane,staygold; halo,DH,9/12/25,,356,312,12,0,32,,pswin-1(is01),,mgco-1,direct,direct,pswin-1(is01),rna(mgco-1) > tg(pswin-1)is01,staygold; halo,rna(mitochondria) > membrane,rna(staygold) > halo
Aang_Foundation/20250915_mem-mito/fish5_72hpf_roi3,direct_103,rna(mgco-1) > tg(pswin-1)is01,rna(mStayGold-2Xcox8A(N)) > halo-2xLynk(N),rna(mStayGold-mitochondria) > halo-membrane,mitochondria; membrane,staygold; halo,DH,9/12/25,,410,364,14,0,32,,pswin-1(is01),,mgco-1,direct,direct,pswin-1(is01),rna(mgco-1) > tg(pswin-1)is01,staygold; halo,rna(mitochondria) > membrane,rna(staygold) > halo
Aang_Foundation/20250917_mem-mito/fish1_48hpf_roi1,direct_101,rna(mgco-1) > tg(pdqm-82)315,rna(mStayGold-2Xcox8A(N)) > tdmChilada-2xLynk(N),rna(mStayGold-mitochondria) > tdmChilada-membrane,mitochondria; membrane,staygold; chilada,DH,9/15/25,,359,314,12,0,33,pdqm-82(315),pdqm-82(315),,mgco-1,direct_by_rule_20250917_force_101,direct,pdqm-82(315),rna(mgco-1) > tg(pdqm-82)315,staygold; chilada,rna(mitochondria) > membrane,rna(staygold) > chilada
Aang_Foundation/20250917_mem-mito/fish1_48hpf_roi2,direct_101,rna(mgco-1) > tg(pdqm-82)315,rna(mStayGold-2Xcox8A(N)) > tdmChilada-2xLynk(N),rna(mStayGold-mitochondria) > tdmChilada-membrane,mitochondria; membrane,staygold; chilada,DH,9/15/25,,252,212,8,0,32,pdqm-82(315),pdqm-82(315),,mgco-1,direct_by_rule_20250917_force_101,direct,pdqm-82(315),rna(mgco-1) > tg(pdqm-82)315,staygold; chilada,rna(mitochondria) > membrane,rna(staygold) > chilada
Aang_Foundation/20250917_mem-mito/fish2_48hpf_roi1,direct_101,rna(mgco-1) > tg(pdqm-82)315,rna(mStayGold-2Xcox8A(N)) > tdmChilada-2xLynk(N),rna(mStayGold-mitochondria) > tdmChilada-membrane,mitochondria; membrane,staygold; chilada,DH,9/15/25,,356,312,12,0,32,pdqm-82(315),pdqm-82(315),,mgco-1,direct_by_rule_20250917_force_101,direct,pdqm-82(315),rna(mgco-1) > tg(pdqm-82)315,staygold; chilada,rna(mitochondria) > membrane,rna(staygold) > chilada
Aang_Foundation/20250917_mem-mito/fish2_48hpf_roi2,direct_101,rna(mgco-1) > tg(pdqm-82)315,rna(mStayGold-2Xcox8A(N)) > tdmChilada-2xLynk(N),rna(mStayGold-mitochondria) > tdmChilada-membrane,mitochondria; membrane,staygold; chilada,DH,9/15/25,,302,260,10,0,32,pdqm-82(315),pdqm-82(315),,mgco-1,direct_by_rule_20250917_force_101,direct,pdqm-82(315),rna(mgco-1) > tg(pdqm-82)315,staygold; chilada,rna(mitochondria) > membrane,rna(staygold) > chilada
Aang_Foundation/20250917_mem-mito/fish3_48hpf_roi1,direct_101,rna(mgco-1) > tg(pdqm-82)315,rna(mStayGold-2Xcox8A(N)) > tdmChilada-2xLynk(N),rna(mStayGold-mitochondria) > tdmChilada-membrane,mitochondria; membrane,staygold; chilada,DH,9/15/25,,464,416,16,0,32,pdqm-82(315),pdqm-82(315),,mgco-1,direct_by_rule_20250917_force_101,direct,pdqm-82(315),rna(mgco-1) > tg(pdqm-82)315,staygold; chilada,rna(mitochondria) > membrane,rna(staygold) > chilada
Aang_Foundation/20250917_mem-mito/fish3_48hpf_roi2,direct_101,rna(mgco-1) > tg(pdqm-82)315,rna(mStayGold-2Xcox8A(N)) > tdmChilada-2xLynk(N),rna(mStayGold-mitochondria) > tdmChilada-membrane,mitochondria; membrane,staygold; chilada,DH,9/15/25,,464,416,16,0,32,pdqm-82(315),pdqm-82(315),,mgco-1,direct_by_rule_20250917_force_101,direct,pdqm-82(315),rna(mgco-1) > tg(pdqm-82)315,staygold; chilada,rna(mitochondria) > membrane,rna(staygold) > chilada
Aang_Foundation/20250917_mem-mito/fish3_48hpf_roi3,direct_101,rna(mgco-1) > tg(pdqm-82)315,rna(mStayGold-2Xcox8A(N)) > tdmChilada-2xLynk(N),rna(mStayGold-mitochondria) > tdmChilada-membrane,mitochondria; membrane,staygold; chilada,DH,9/15/25,,410,364,14,0,32,pdqm-82(315),pdqm-82(315),,mgco-1,direct_by_rule_20250917_force_101,direct,pdqm-82(315),rna(mgco-1) > tg(pdqm-82)315,staygold; chilada,rna(mitochondria) > membrane,rna(staygold) > chilada
Aang_Foundation/20250917_mem-mito/fish3_48hpf_roi4,direct_101,rna(mgco-1) > tg(pdqm-82)315,rna(mStayGold-2Xcox8A(N)) > tdmChilada-2xLynk(N),rna(mStayGold-mitochondria) > tdmChilada-membrane,mitochondria; membrane,staygold; chilada,DH,9/15/25,,356,312,12,0,32,pdqm-82(315),pdqm-82(315),,mgco-1,direct_by_rule_20250917_force_101,direct,pdqm-82(315),rna(mgco-1) > tg(pdqm-82)315,staygold; chilada,rna(mitochondria) > membrane,rna(staygold) > chilada
Aang_Foundation/20250917_mem-mito/fish4_48hpf_roi1,direct_101,rna(mgco-1) > tg(pdqm-82)315,rna(mStayGold-2Xcox8A(N)) > tdmChilada-2xLynk(N),rna(mStayGold-mitochondria) > tdmChilada-membrane,mitochondria; membrane,staygold; chilada,DH,9/15/25,,302,260,10,0,32,pdqm-82(315),pdqm-82(315),,mgco-1,direct_by_rule_20250917_force_101,direct,pdqm-82(315),rna(mgco-1) > tg(pdqm-82)315,staygold; chilada,rna(mitochondria) > membrane,rna(staygold) > chilada
Aang_Foundation/20250917_mem-mito/fish4_48hpf_roi2,direct_101,rna(mgco-1) > tg(pdqm-82)315,rna(mStayGold-2Xcox8A(N)) > tdmChilada-2xLynk(N),rna(mStayGold-mitochondria) > tdmChilada-membrane,mitochondria; membrane,staygold; chilada,DH,9/15/25,,302,260,10,0,32,pdqm-82(315),pdqm-82(315),,mgco-1,direct_by_rule_20250917_force_101,direct,pdqm-82(315),rna(mgco-1) > tg(pdqm-82)315,staygold; chilada,rna(mitochondria) > membrane,rna(staygold) > chilada
Aang_Foundation/20250917_mem-mito/fish4_48hpf_roi3,direct_101,rna(mgco-1) > tg(pdqm-82)315,rna(mStayGold-2Xcox8A(N)) > tdmChilada-2xLynk(N),rna(mStayGold-mitochondria) > tdmChilada-membrane,mitochondria; membrane,staygold; chilada,DH,9/15/25,,356,312,12,0,32,pdqm-82(315),pdqm-82(315),,mgco-1,direct_by_rule_20250917_force_101,direct,pdqm-82(315),rna(mgco-1) > tg(pdqm-82)315,staygold; chilada,rna(mitochondria) > membrane,rna(staygold) > chilada
Aang_Foundation/20250917_mem-mito/fish4_48hpf_roi4,direct_101,rna(mgco-1) > tg(pdqm-82)315,rna(mStayGold-2Xcox8A(N)) > tdmChilada-2xLynk(N),rna(mStayGold-mitochondria) > tdmChilada-membrane,mitochondria; membrane,staygold; chilada,DH,9/15/25,,248,208,8,0,32,pdqm-82(315),pdqm-82(315),,mgco-1,direct_by_rule_20250917_force_101,direct,pdqm-82(315),rna(mgco-1) > tg(pdqm-82)315,staygold; chilada,rna(mitochondria) > membrane,rna(staygold) > chilada
Aang_Foundation/20250917_mem-mito/fish4_48hpf_roi5,direct_101,rna(mgco-1) > tg(pdqm-82)315,rna(mStayGold-2Xcox8A(N)) > tdmChilada-2xLynk(N),rna(mStayGold-mitochondria) > tdmChilada-membrane,mitochondria; membrane,staygold; chilada,DH,9/15/25,,464,416,16,0,32,pdqm-82(315),pdqm-82(315),,mgco-1,direct_by_rule_20250917_force_101,direct,pdqm-82(315),rna(mgco-1) > tg(pdqm-82)315,staygold; chilada,rna(mitochondria) > membrane,rna(staygold) > chilada
Aang_Foundation/20250917_mem-mito/fish4_48hpf_roi6,direct_101,rna(mgco-1) > tg(pdqm-82)315,rna(mStayGold-2Xcox8A(N)) > tdmChilada-2xLynk(N),rna(mStayGold-mitochondria) > tdmChilada-membrane,mitochondria; membrane,staygold; chilada,DH,9/15/25,,464,416,16,0,32,pdqm-82(315),pdqm-82(315),,mgco-1,direct_by_rule_20250917_force_101,direct,pdqm-82(315),rna(mgco-1) > tg(pdqm-82)315,staygold; chilada,rna(mitochondria) > membrane,rna(staygold) > chilada
Aang_Foundation/20250917_mem-mito/fish5_48hpf_roi1,direct_101,rna(mgco-1) > tg(pdqm-82)315,rna(mStayGold-2Xcox8A(N)) > tdmChilada-2xLynk(N),rna(mStayGold-mitochondria) > tdmChilada-membrane,mitochondria; membrane,staygold; chilada,DH,9/15/25,,356,312,12,0,32,pdqm-82(315),pdqm-82(315),,mgco-1,direct_by_rule_20250917_force_101,direct,pdqm-82(315),rna(mgco-1) > tg(pdqm-82)315,staygold; chilada,rna(mitochondria) > membrane,rna(staygold) > chilada
Aang_Foundation/20250917_mem-mito/fish5_48hpf_roi2,direct_101,rna(mgco-1) > tg(pdqm-82)315,rna(mStayGold-2Xcox8A(N)) > tdmChilada-2xLynk(N),rna(mStayGold-mitochondria) > tdmChilada-membrane,mitochondria; membrane,staygold; chilada,DH,9/15/25,,194,156,6,0,32,pdqm-82(315),pdqm-82(315),,mgco-1,direct_by_rule_20250917_force_101,direct,pdqm-82(315),rna(mgco-1) > tg(pdqm-82)315,staygold; chilada,rna(mitochondria) > membrane,rna(staygold) > chilada
Aang_Foundation/20250917_mem-mito/fish5_48hpf_roi3,direct_101,rna(mgco-1) > tg(pdqm-82)315,rna(mStayGold-2Xcox8A(N)) > tdmChilada-2xLynk(N),rna(mStayGold-mitochondria) > tdmChilada-membrane,mitochondria; membrane,staygold; chilada,DH,9/15/25,,194,156,6,0,32,pdqm-82(315),pdqm-82(315),,mgco-1,direct_by_rule_20250917_force_101,direct,pdqm-82(315),rna(mgco-1) > tg(pdqm-82)315,staygold; chilada,rna(mitochondria) > membrane,rna(staygold) > chilada
Aang_Foundation/20250917_mem-mito/fish5_48hpf_roi4,direct_101,rna(mgco-1) > tg(pdqm-82)315,rna(mStayGold-2Xcox8A(N)) > tdmChilada-2xLynk(N),rna(mStayGold-mitochondria) > tdmChilada-membrane,mitochondria; membrane,staygold; chilada,DH,9/15/25,,464,416,16,0,32,pdqm-82(315),pdqm-82(315),,mgco-1,direct_by_rule_20250917_force_101,direct,pdqm-82(315),rna(mgco-1) > tg(pdqm-82)315,staygold; chilada,rna(mitochondria) > membrane,rna(staygold) > chilada
Aang_Foundation/20250917_mem-mito/fish5_48hpf_roi5,direct_101,rna(mgco-1) > tg(pdqm-82)315,rna(mStayGold-2Xcox8A(N)) > tdmChilada-2xLynk(N),rna(mStayGold-mitochondria) > tdmChilada-membrane,mitochondria; membrane,staygold; chilada,DH,9/15/25,,248,208,8,0,32,pdqm-82(315),pdqm-82(315),,mgco-1,direct_by_rule_20250917_force_101,direct,pdqm-82(315),rna(mgco-1) > tg(pdqm-82)315,staygold; chilada,rna(mitochondria) > membrane,rna(staygold) > chilada
Aang_Foundation/20250917_mem-mito/fish6_48hpf_roi1,direct_101,rna(mgco-1) > tg(pdqm-82)315,rna(mStayGold-2Xcox8A(N)) > tdmChilada-2xLynk(N),rna(mStayGold-mitochondria) > tdmChilada-membrane,mitochondria; membrane,staygold; chilada,DH,9/15/25,,464,416,16,0,32,pdqm-82(315),pdqm-82(315),,mgco-1,direct_by_rule_20250917_force_101,direct,pdqm-82(315),rna(mgco-1) > tg(pdqm-82)315,staygold; chilada,rna(mitochondria) > membrane,rna(staygold) > chilada
Aang_Foundation/20250917_mem-mito/fish6_48hpf_roi2,direct_101,rna(mgco-1) > tg(pdqm-82)315,rna(mStayGold-2Xcox8A(N)) > tdmChilada-2xLynk(N),rna(mStayGold-mitochondria) > tdmChilada-membrane,mitochondria; membrane,staygold; chilada,DH,9/15/25,,410,364,14,0,32,pdqm-82(315),pdqm-82(315),,mgco-1,direct_by_rule_20250917_force_101,direct,pdqm-82(315),rna(mgco-1) > tg(pdqm-82)315,staygold; chilada,rna(mitochondria) > membrane,rna(staygold) > chilada
Aang_Foundation/20250918_mem-mito/fish1_72hpf_roi1,direct_100,rna(mgco-1) > tg(pdqm-82)315,rna(mStayGold-2Xcox8A(N)) > tdmChilada-2xLynk(N),rna(mStayGold-mitochondria) > tdmChilada-membrane,mitochondria; membrane,staygold; chilada,DH,9/15/25,,464,416,16,0,32,pdqm-82(315),pdqm-82(315),,mgco-1,direct,direct,pdqm-82(315),rna(mgco-1) > tg(pdqm-82)315,staygold; chilada,rna(mitochondria) > membrane,rna(staygold) > chilada
Aang_Foundation/20250918_mem-mito/fish1_72hpf_roi2,direct_100,rna(mgco-1) > tg(pdqm-82)315,rna(mStayGold-2Xcox8A(N)) > tdmChilada-2xLynk(N),rna(mStayGold-mitochondria) > tdmChilada-membrane,mitochondria; membrane,staygold; chilada,DH,9/15/25,,410,364,14,0,32,pdqm-82(315),pdqm-82(315),,mgco-1,direct,direct,pdqm-82(315),rna(mgco-1) > tg(pdqm-82)315,staygold; chilada,rna(mitochondria) > membrane,rna(staygold) > chilada
Aang_Foundation/20250918_mem-mito/fish1_72hpf_roi3,direct_100,rna(mgco-1) > tg(pdqm-82)315,rna(mStayGold-2Xcox8A(N)) > tdmChilada-2xLynk(N),rna(mStayGold-mitochondria) > tdmChilada-membrane,mitochondria; membrane,staygold; chilada,DH,9/15/25,,410,364,14,0,32,pdqm-82(315),pdqm-82(315),,mgco-1,direct,direct,pdqm-82(315),rna(mgco-1) > tg(pdqm-82)315,staygold; chilada,rna(mitochondria) > membrane,rna(staygold) > chilada
Aang_Foundation/20250918_mem-mito/fish1_72hpf_roi4,direct_100,rna(mgco-1) > tg(pdqm-82)315,rna(mStayGold-2Xcox8A(N)) > tdmChilada-2xLynk(N),rna(mStayGold-mitochondria) > tdmChilada-membrane,mitochondria; membrane,staygold; chilada,DH,9/15/25,,302,260,10,0,32,pdqm-82(315),pdqm-82(315),,mgco-1,direct,direct,pdqm-82(315),rna(mgco-1) > tg(pdqm-82)315,staygold; chilada,rna(mitochondria) > membrane,rna(staygold) > chilada
Aang_Foundation/20250918_mem-mito/fish1_72hpf_roi5,direct_100,rna(mgco-1) > tg(pdqm-82)315,rna(mStayGold-2Xcox8A(N)) > tdmChilada-2xLynk(N),rna(mStayGold-mitochondria) > tdmChilada-membrane,mitochondria; membrane,staygold; chilada,DH,9/15/25,,248,208,8,0,32,pdqm-82(315),pdqm-82(315),,mgco-1,direct,direct,pdqm-82(315),rna(mgco-1) > tg(pdqm-82)315,staygold; chilada,rna(mitochondria) > membrane,rna(staygold) > chilada
Aang_Foundation/20250918_mem-mito/fish1_72hpf_roi6,direct_100,rna(mgco-1) > tg(pdqm-82)315,rna(mStayGold-2Xcox8A(N)) > tdmChilada-2xLynk(N),rna(mStayGold-mitochondria) > tdmChilada-membrane,mitochondria; membrane,staygold; chilada,DH,9/15/25,,464,416,16,0,32,pdqm-82(315),pdqm-82(315),,mgco-1,direct,direct,pdqm-82(315),rna(mgco-1) > tg(pdqm-82)315,staygold; chilada,rna(mitochondria) > membrane,rna(staygold) > chilada
Aang_Foundation/20250918_mem-mito/fish2_72hpf_roi1,direct_100,rna(mgco-1) > tg(pdqm-82)315,rna(mStayGold-2Xcox8A(N)) > tdmChilada-2xLynk(N),rna(mStayGold-mitochondria) > tdmChilada-membrane,mitochondria; membrane,staygold; chilada,DH,9/15/25,,410,364,14,0,32,pdqm-82(315),pdqm-82(315),,mgco-1,direct,direct,pdqm-82(315),rna(mgco-1) > tg(pdqm-82)315,staygold; chilada,rna(mitochondria) > membrane,rna(staygold) > chilada
Aang_Foundation/20250918_mem-mito/fish2_72hpf_roi2,direct_100,rna(mgco-1) > tg(pdqm-82)315,rna(mStayGold-2Xcox8A(N)) > tdmChilada-2xLynk(N),rna(mStayGold-mitochondria) > tdmChilada-membrane,mitochondria; membrane,staygold; chilada,DH,9/15/25,,410,364,14,0,32,pdqm-82(315),pdqm-82(315),,mgco-1,direct,direct,pdqm-82(315),rna(mgco-1) > tg(pdqm-82)315,staygold; chilada,rna(mitochondria) > membrane,rna(staygold) > chilada
Aang_Foundation/20250918_mem-mito/fish2_72hpf_roi3,direct_100,rna(mgco-1) > tg(pdqm-82)315,rna(mStayGold-2Xcox8A(N)) > tdmChilada-2xLynk(N),rna(mStayGold-mitochondria) > tdmChilada-membrane,mitochondria; membrane,staygold; chilada,DH,9/15/25,,302,260,10,0,32,pdqm-82(315),pdqm-82(315),,mgco-1,direct,direct,pdqm-82(315),rna(mgco-1) > tg(pdqm-82)315,staygold; chilada,rna(mitochondria) > membrane,rna(staygold) > chilada
Aang_Foundation/20250918_mem-mito/fish2_72hpf_roi4,direct_100,rna(mgco-1) > tg(pdqm-82)315,rna(mStayGold-2Xcox8A(N)) > tdmChilada-2xLynk(N),rna(mStayGold-mitochondria) > tdmChilada-membrane,mitochondria; membrane,staygold; chilada,DH,9/15/25,,356,312,12,0,32,pdqm-82(315),pdqm-82(315),,mgco-1,direct,direct,pdqm-82(315),rna(mgco-1) > tg(pdqm-82)315,staygold; chilada,rna(mitochondria) > membrane,rna(staygold) > chilada
Aang_Foundation/20250918_mem-mito/fish3_72hpf_roi1,direct_100,rna(mgco-1) > tg(pdqm-82)315,rna(mStayGold-2Xcox8A(N)) > tdmChilada-2xLynk(N),rna(mStayGold-mitochondria) > tdmChilada-membrane,mitochondria; membrane,staygold; chilada,DH,9/15/25,,464,416,16,0,32,pdqm-82(315),pdqm-82(315),,mgco-1,direct,direct,pdqm-82(315),rna(mgco-1) > tg(pdqm-82)315,staygold; chilada,rna(mitochondria) > membrane,rna(staygold) > chilada
Aang_Foundation/20250918_mem-mito/fish3_72hpf_roi10,direct_100,rna(mgco-1) > tg(pdqm-82)315,rna(mStayGold-2Xcox8A(N)) > tdmChilada-2xLynk(N),rna(mStayGold-mitochondria) > tdmChilada-membrane,mitochondria; membrane,staygold; chilada,DH,9/15/25,,464,416,16,0,32,pdqm-82(315),pdqm-82(315),,mgco-1,direct,direct,pdqm-82(315),rna(mgco-1) > tg(pdqm-82)315,staygold; chilada,rna(mitochondria) > membrane,rna(staygold) > chilada
Aang_Foundation/20250918_mem-mito/fish3_72hpf_roi11,direct_100,rna(mgco-1) > tg(pdqm-82)315,rna(mStayGold-2Xcox8A(N)) > tdmChilada-2xLynk(N),rna(mStayGold-mitochondria) > tdmChilada-membrane,mitochondria; membrane,staygold; chilada,DH,9/15/25,,464,416,16,0,32,pdqm-82(315),pdqm-82(315),,mgco-1,direct,direct,pdqm-82(315),rna(mgco-1) > tg(pdqm-82)315,staygold; chilada,rna(mitochondria) > membrane,rna(staygold) > chilada
Aang_Foundation/20250918_mem-mito/fish3_72hpf_roi2,direct_100,rna(mgco-1) > tg(pdqm-82)315,rna(mStayGold-2Xcox8A(N)) > tdmChilada-2xLynk(N),rna(mStayGold-mitochondria) > tdmChilada-membrane,mitochondria; membrane,staygold; chilada,DH,9/15/25,,248,208,8,0,32,pdqm-82(315),pdqm-82(315),,mgco-1,direct,direct,pdqm-82(315),rna(mgco-1) > tg(pdqm-82)315,staygold; chilada,rna(mitochondria) > membrane,rna(staygold) > chilada
Aang_Foundation/20250918_mem-mito/fish3_72hpf_roi3,direct_100,rna(mgco-1) > tg(pdqm-82)315,rna(mStayGold-2Xcox8A(N)) > tdmChilada-2xLynk(N),rna(mStayGold-mitochondria) > tdmChilada-membrane,mitochondria; membrane,staygold; chilada,DH,9/15/25,,356,312,12,0,32,pdqm-82(315),pdqm-82(315),,mgco-1,direct,direct,pdqm-82(315),rna(mgco-1) > tg(pdqm-82)315,staygold; chilada,rna(mitochondria) > membrane,rna(staygold) > chilada
Aang_Foundation/20250918_mem-mito/fish3_72hpf_roi4,direct_100,rna(mgco-1) > tg(pdqm-82)315,rna(mStayGold-2Xcox8A(N)) > tdmChilada-2xLynk(N),rna(mStayGold-mitochondria) > tdmChilada-membrane,mitochondria; membrane,staygold; chilada,DH,9/15/25,,248,208,8,0,32,pdqm-82(315),pdqm-82(315),,mgco-1,direct,direct,pdqm-82(315),rna(mgco-1) > tg(pdqm-82)315,staygold; chilada,rna(mitochondria) > membrane,rna(staygold) > chilada
Aang_Foundation/20250918_mem-mito/fish3_72hpf_roi5,direct_100,rna(mgco-1) > tg(pdqm-82)315,rna(mStayGold-2Xcox8A(N)) > tdmChilada-2xLynk(N),rna(mStayGold-mitochondria) > tdmChilada-membrane,mitochondria; membrane,staygold; chilada,DH,9/15/25,,464,416,16,0,32,pdqm-82(315),pdqm-82(315),,mgco-1,direct,direct,pdqm-82(315),rna(mgco-1) > tg(pdqm-82)315,staygold; chilada,rna(mitochondria) > membrane,rna(staygold) > chilada
Aang_Foundation/20250918_mem-mito/fish3_72hpf_roi6,direct_100,rna(mgco-1) > tg(pdqm-82)315,rna(mStayGold-2Xcox8A(N)) > tdmChilada-2xLynk(N),rna(mStayGold-mitochondria) > tdmChilada-membrane,mitochondria; membrane,staygold; chilada,DH,9/15/25,,302,260,10,0,32,pdqm-82(315),pdqm-82(315),,mgco-1,direct,direct,pdqm-82(315),rna(mgco-1) > tg(pdqm-82)315,staygold; chilada,rna(mitochondria) > membrane,rna(staygold) > chilada
Aang_Foundation/20250918_mem-mito/fish3_72hpf_roi7,direct_100,rna(mgco-1) > tg(pdqm-82)315,rna(mStayGold-2Xcox8A(N)) > tdmChilada-2xLynk(N),rna(mStayGold-mitochondria) > tdmChilada-membrane,mitochondria; membrane,staygold; chilada,DH,9/15/25,,464,416,16,0,32,pdqm-82(315),pdqm-82(315),,mgco-1,direct,direct,pdqm-82(315),rna(mgco-1) > tg(pdqm-82)315,staygold; chilada,rna(mitochondria) > membrane,rna(staygold) > chilada
Aang_Foundation/20250918_mem-mito/fish3_72hpf_roi8,direct_100,rna(mgco-1) > tg(pdqm-82)315,rna(mStayGold-2Xcox8A(N)) > tdmChilada-2xLynk(N),rna(mStayGold-mitochondria) > tdmChilada-membrane,mitochondria; membrane,staygold; chilada,DH,9/15/25,,410,364,14,0,32,pdqm-82(315),pdqm-82(315),,mgco-1,direct,direct,pdqm-82(315),rna(mgco-1) > tg(pdqm-82)315,staygold; chilada,rna(mitochondria) > membrane,rna(staygold) > chilada
Aang_Foundation/20250918_mem-mito/fish3_72hpf_roi9,direct_100,rna(mgco-1) > tg(pdqm-82)315,rna(mStayGold-2Xcox8A(N)) > tdmChilada-2xLynk(N),rna(mStayGold-mitochondria) > tdmChilada-membrane,mitochondria; membrane,staygold; chilada,DH,9/15/25,,464,416,16,0,32,pdqm-82(315),pdqm-82(315),,mgco-1,direct,direct,pdqm-82(315),rna(mgco-1) > tg(pdqm-82)315,staygold; chilada,rna(mitochondria) > membrane,rna(staygold) > chilada
Aang_Foundation/20250918_mem-mito/fish5_72hpf_roi1,direct_100,rna(mgco-1) > tg(pdqm-82)315,rna(mStayGold-2Xcox8A(N)) > tdmChilada-2xLynk(N),rna(mStayGold-mitochondria) > tdmChilada-membrane,mitochondria; membrane,staygold; chilada,DH,9/15/25,,464,416,16,0,32,pdqm-82(315),pdqm-82(315),,mgco-1,direct,direct,pdqm-82(315),rna(mgco-1) > tg(pdqm-82)315,staygold; chilada,rna(mitochondria) > membrane,rna(staygold) > chilada
Aang_Foundation/20250918_mem-mito/fish5_72hpf_roi2,direct_100,rna(mgco-1) > tg(pdqm-82)315,rna(mStayGold-2Xcox8A(N)) > tdmChilada-2xLynk(N),rna(mStayGold-mitochondria) > tdmChilada-membrane,mitochondria; membrane,staygold; chilada,DH,9/15/25,,356,312,12,0,32,pdqm-82(315),pdqm-82(315),,mgco-1,direct,direct,pdqm-82(315),rna(mgco-1) > tg(pdqm-82)315,staygold; chilada,rna(mitochondria) > membrane,rna(staygold) > chilada
Aang_Foundation/20250918_mem-mito/fish5_72hpf_roi3,direct_100,rna(mgco-1) > tg(pdqm-82)315,rna(mStayGold-2Xcox8A(N)) > tdmChilada-2xLynk(N),rna(mStayGold-mitochondria) > tdmChilada-membrane,mitochondria; membrane,staygold; chilada,DH,9/15/25,,302,260,10,0,32,pdqm-82(315),pdqm-82(315),,mgco-1,direct,direct,pdqm-82(315),rna(mgco-1) > tg(pdqm-82)315,staygold; chilada,rna(mitochondria) > membrane,rna(staygold) > chilada
Aang_Foundation/20250918_mem-mito/fish5_72hpf_roi4,direct_100,rna(mgco-1) > tg(pdqm-82)315,rna(mStayGold-2Xcox8A(N)) > tdmChilada-2xLynk(N),rna(mStayGold-mitochondria) > tdmChilada-membrane,mitochondria; membrane,staygold; chilada,DH,9/15/25,,248,208,8,0,32,pdqm-82(315),pdqm-82(315),,mgco-1,direct,direct,pdqm-82(315),rna(mgco-1) > tg(pdqm-82)315,staygold; chilada,rna(mitochondria) > membrane,rna(staygold) > chilada
Aang_Foundation/20250918_mem-mito/fish6_72hpf_roi1,direct_100,rna(mgco-1) > tg(pdqm-82)315,rna(mStayGold-2Xcox8A(N)) > tdmChilada-2xLynk(N),rna(mStayGold-mitochondria) > tdmChilada-membrane,mitochondria; membrane,staygold; chilada,DH,9/15/25,,464,416,16,0,32,pdqm-82(315),pdqm-82(315),,mgco-1,direct,direct,pdqm-82(315),rna(mgco-1) > tg(pdqm-82)315,staygold; chilada,rna(mitochondria) > membrane,rna(staygold) > chilada
Aang_Foundation/20250919_mem-mito/fish1_24hpf_roi1,direct_99,rna(mgco-1) > tg(pdqm-82)315,rna(mStayGold-2Xcox8A(N)) > tdmChilada-2xLynk(N),rna(mStayGold-mitochondria) > tdmChilada-membrane,mitochondria; membrane,staygold; chilada,DH,9/17/25,,754,672,18,0,64,pdqm-82(315),pdqm-82(315),,mgco-1,direct,direct,pdqm-82(315),rna(mgco-1) > tg(pdqm-82)315,staygold; chilada,rna(mitochondria) > membrane,rna(staygold) > chilada
Aang_Foundation/20250919_mem-mito/fish1_24hpf_roi2,direct_99,rna(mgco-1) > tg(pdqm-82)315,rna(mStayGold-2Xcox8A(N)) > tdmChilada-2xLynk(N),rna(mStayGold-mitochondria) > tdmChilada-membrane,mitochondria; membrane,staygold; chilada,DH,9/17/25,,592,544,16,0,32,pdqm-82(315),pdqm-82(315),,mgco-1,direct,direct,pdqm-82(315),rna(mgco-1) > tg(pdqm-82)315,staygold; chilada,rna(mitochondria) > membrane,rna(staygold) > chilada
Aang_Foundation/20250919_mem-mito/fish1_24hpf_roi3,direct_99,rna(mgco-1) > tg(pdqm-82)315,rna(mStayGold-2Xcox8A(N)) > tdmChilada-2xLynk(N),rna(mStayGold-mitochondria) > tdmChilada-membrane,mitochondria; membrane,staygold; chilada,DH,9/17/25,,522,476,14,0,32,pdqm-82(315),pdqm-82(315),,mgco-1,direct,direct,pdqm-82(315),rna(mgco-1) > tg(pdqm-82)315,staygold; chilada,rna(mitochondria) > membrane,rna(staygold) > chilada
Aang_Foundation/20250919_mem-mito/fish2_24hpf_roi1,direct_99,rna(mgco-1) > tg(pdqm-82)315,rna(mStayGold-2Xcox8A(N)) > tdmChilada-2xLynk(N),rna(mStayGold-mitochondria) > tdmChilada-membrane,mitochondria; membrane,staygold; chilada,DH,9/17/25,,592,544,16,0,32,pdqm-82(315),pdqm-82(315),,mgco-1,direct,direct,pdqm-82(315),rna(mgco-1) > tg(pdqm-82)315,staygold; chilada,rna(mitochondria) > membrane,rna(staygold) > chilada
Aang_Foundation/20250919_mem-mito/fish2_24hpf_roi2,direct_99,rna(mgco-1) > tg(pdqm-82)315,rna(mStayGold-2Xcox8A(N)) > tdmChilada-2xLynk(N),rna(mStayGold-mitochondria) > tdmChilada-membrane,mitochondria; membrane,staygold; chilada,DH,9/17/25,,522,476,14,0,32,pdqm-82(315),pdqm-82(315),,mgco-1,direct,direct,pdqm-82(315),rna(mgco-1) > tg(pdqm-82)315,staygold; chilada,rna(mitochondria) > membrane,rna(staygold) > chilada
Aang_Foundation/20250919_mem-mito/fish2_24hpf_roi3,direct_99,rna(mgco-1) > tg(pdqm-82)315,rna(mStayGold-2Xcox8A(N)) > tdmChilada-2xLynk(N),rna(mStayGold-mitochondria) > tdmChilada-membrane,mitochondria; membrane,staygold; chilada,DH,9/17/25,,592,544,16,0,32,pdqm-82(315),pdqm-82(315),,mgco-1,direct,direct,pdqm-82(315),rna(mgco-1) > tg(pdqm-82)315,staygold; chilada,rna(mitochondria) > membrane,rna(staygold) > chilada
Aang_Foundation/20250919_mem-mito/fish4_24hpf_roi1,direct_99,rna(mgco-1) > tg(pdqm-82)315,rna(mStayGold-2Xcox8A(N)) > tdmChilada-2xLynk(N),rna(mStayGold-mitochondria) > tdmChilada-membrane,mitochondria; membrane,staygold; chilada,DH,9/17/25,,528,512,16,0,0,pdqm-82(315),pdqm-82(315),,mgco-1,direct,direct,pdqm-82(315),rna(mgco-1) > tg(pdqm-82)315,staygold; chilada,rna(mitochondria) > membrane,rna(staygold) > chilada
Aang_Foundation/20250919_mem-mito/fish4_24hpf_roi2,direct_99,rna(mgco-1) > tg(pdqm-82)315,rna(mStayGold-2Xcox8A(N)) > tdmChilada-2xLynk(N),rna(mStayGold-mitochondria) > tdmChilada-membrane,mitochondria; membrane,staygold; chilada,DH,9/17/25,,462,448,14,0,0,pdqm-82(315),pdqm-82(315),,mgco-1,direct,direct,pdqm-82(315),rna(mgco-1) > tg(pdqm-82)315,staygold; chilada,rna(mitochondria) > membrane,rna(staygold) > chilada
Aang_Foundation/20250919_mem-mito/fish4_24hpf_roi3,direct_99,rna(mgco-1) > tg(pdqm-82)315,rna(mStayGold-2Xcox8A(N)) > tdmChilada-2xLynk(N),rna(mStayGold-mitochondria) > tdmChilada-membrane,mitochondria; membrane,staygold; chilada,DH,9/17/25,,330,320,10,0,0,pdqm-82(315),pdqm-82(315),,mgco-1,direct,direct,pdqm-82(315),rna(mgco-1) > tg(pdqm-82)315,staygold; chilada,rna(mitochondria) > membrane,rna(staygold) > chilada
Aang_Foundation/20250919_mem-mito/fish5_24hpf_roi1,direct_99,rna(mgco-1) > tg(pdqm-82)315,rna(mStayGold-2Xcox8A(N)) > tdmChilada-2xLynk(N),rna(mStayGold-mitochondria) > tdmChilada-membrane,mitochondria; membrane,staygold; chilada,DH,9/17/25,,462,448,14,0,0,pdqm-82(315),pdqm-82(315),,mgco-1,direct,direct,pdqm-82(315),rna(mgco-1) > tg(pdqm-82)315,staygold; chilada,rna(mitochondria) > membrane,rna(staygold) > chilada
Aang_Foundation/20250919_mem-mito/fish5_24hpf_roi2,direct_99,rna(mgco-1) > tg(pdqm-82)315,rna(mStayGold-2Xcox8A(N)) > tdmChilada-2xLynk(N),rna(mStayGold-mitochondria) > tdmChilada-membrane,mitochondria; membrane,staygold; chilada,DH,9/17/25,,528,512,16,0,0,pdqm-82(315),pdqm-82(315),,mgco-1,direct,direct,pdqm-82(315),rna(mgco-1) > tg(pdqm-82)315,staygold; chilada,rna(mitochondria) > membrane,rna(staygold) > chilada
Aang_Foundation/20250919_mem-mito/fish5_24hpf_roi3,direct_99,rna(mgco-1) > tg(pdqm-82)315,rna(mStayGold-2Xcox8A(N)) > tdmChilada-2xLynk(N),rna(mStayGold-mitochondria) > tdmChilada-membrane,mitochondria; membrane,staygold; chilada,DH,9/17/25,,330,320,10,0,0,pdqm-82(315),pdqm-82(315),,mgco-1,direct,direct,pdqm-82(315),rna(mgco-1) > tg(pdqm-82)315,staygold; chilada,rna(mitochondria) > membrane,rna(staygold) > chilada
Aang_Foundation/20250919_mem-mito/fish5_24hpf_roi4,direct_99,rna(mgco-1) > tg(pdqm-82)315,rna(mStayGold-2Xcox8A(N)) > tdmChilada-2xLynk(N),rna(mStayGold-mitochondria) > tdmChilada-membrane,mitochondria; membrane,staygold; chilada,DH,9/17/25,,330,320,10,0,0,pdqm-82(315),pdqm-82(315),,mgco-1,direct,direct,pdqm-82(315),rna(mgco-1) > tg(pdqm-82)315,staygold; chilada,rna(mitochondria) > membrane,rna(staygold) > chilada
Aang_Foundation/20250919_mem-mito/fish7_24hpf_roi1,direct_99,rna(mgco-1) > tg(pdqm-82)315,rna(mStayGold-2Xcox8A(N)) > tdmChilada-2xLynk(N),rna(mStayGold-mitochondria) > tdmChilada-membrane,mitochondria; membrane,staygold; chilada,DH,9/17/25,,528,512,16,0,0,pdqm-82(315),pdqm-82(315),,mgco-1,direct,direct,pdqm-82(315),rna(mgco-1) > tg(pdqm-82)315,staygold; chilada,rna(mitochondria) > membrane,rna(staygold) > chilada
Aang_Foundation/20250919_mem-mito/fish7_24hpf_roi2,direct_99,rna(mgco-1) > tg(pdqm-82)315,rna(mStayGold-2Xcox8A(N)) > tdmChilada-2xLynk(N),rna(mStayGold-mitochondria) > tdmChilada-membrane,mitochondria; membrane,staygold; chilada,DH,9/17/25,,462,448,14,0,0,pdqm-82(315),pdqm-82(315),,mgco-1,direct,direct,pdqm-82(315),rna(mgco-1) > tg(pdqm-82)315,staygold; chilada,rna(mitochondria) > membrane,rna(staygold) > chilada
Aang_Foundation/20250919_mem-mito/fish7_24hpf_roi3,direct_99,rna(mgco-1) > tg(pdqm-82)315,rna(mStayGold-2Xcox8A(N)) > tdmChilada-2xLynk(N),rna(mStayGold-mitochondria) > tdmChilada-membrane,mitochondria; membrane,staygold; chilada,DH,9/17/25,,528,512,16,0,0,pdqm-82(315),pdqm-82(315),,mgco-1,direct,direct,pdqm-82(315),rna(mgco-1) > tg(pdqm-82)315,staygold; chilada,rna(mitochondria) > membrane,rna(staygold) > chilada
Aang_Foundation/20250919_mem-mito/fish7_24hpf_roi4,direct_99,rna(mgco-1) > tg(pdqm-82)315,rna(mStayGold-2Xcox8A(N)) > tdmChilada-2xLynk(N),rna(mStayGold-mitochondria) > tdmChilada-membrane,mitochondria; membrane,staygold; chilada,DH,9/17/25,,330,320,10,0,0,pdqm-82(315),pdqm-82(315),,mgco-1,direct,direct,pdqm-82(315),rna(mgco-1) > tg(pdqm-82)315,staygold; chilada,rna(mitochondria) > membrane,rna(staygold) > chilada
Aang_Foundation/20250919_mem-mito/fish7_24hpf_roi5,direct_99,rna(mgco-1) > tg(pdqm-82)315,rna(mStayGold-2Xcox8A(N)) > tdmChilada-2xLynk(N),rna(mStayGold-mitochondria) > tdmChilada-membrane,mitochondria; membrane,staygold; chilada,DH,9/17/25,,264,256,8,0,0,pdqm-82(315),pdqm-82(315),,mgco-1,direct,direct,pdqm-82(315),rna(mgco-1) > tg(pdqm-82)315,staygold; chilada,rna(mitochondria) > membrane,rna(staygold) > chilada
Aang_Foundation/20250919_mem-mito/fish8_24hpf_roi1,direct_99,rna(mgco-1) > tg(pdqm-82)315,rna(mStayGold-2Xcox8A(N)) > tdmChilada-2xLynk(N),rna(mStayGold-mitochondria) > tdmChilada-membrane,mitochondria; membrane,staygold; chilada,DH,9/17/25,,462,448,14,0,0,pdqm-82(315),pdqm-82(315),,mgco-1,direct,direct,pdqm-82(315),rna(mgco-1) > tg(pdqm-82)315,staygold; chilada,rna(mitochondria) > membrane,rna(staygold) > chilada
Aang_Foundation/20250919_mem-mito/fish8_24hpf_roi2,direct_99,rna(mgco-1) > tg(pdqm-82)315,rna(mStayGold-2Xcox8A(N)) > tdmChilada-2xLynk(N),rna(mStayGold-mitochondria) > tdmChilada-membrane,mitochondria; membrane,staygold; chilada,DH,9/17/25,,462,448,14,0,0,pdqm-82(315),pdqm-82(315),,mgco-1,direct,direct,pdqm-82(315),rna(mgco-1) > tg(pdqm-82)315,staygold; chilada,rna(mitochondria) > membrane,rna(staygold) > chilada
Aang_Foundation/20250919_mem-mito/fish8_24hpf_roi3,direct_99,rna(mgco-1) > tg(pdqm-82)315,rna(mStayGold-2Xcox8A(N)) > tdmChilada-2xLynk(N),rna(mStayGold-mitochondria) > tdmChilada-membrane,mitochondria; membrane,staygold; chilada,DH,9/17/25,,330,320,10,0,0,pdqm-82(315),pdqm-82(315),,mgco-1,direct,direct,pdqm-82(315),rna(mgco-1) > tg(pdqm-82)315,staygold; chilada,rna(mitochondria) > membrane,rna(staygold) > chilada
Aang_Foundation/20250919_mem-mito/fish8_24hpf_roi4,direct_99,rna(mgco-1) > tg(pdqm-82)315,rna(mStayGold-2Xcox8A(N)) > tdmChilada-2xLynk(N),rna(mStayGold-mitochondria) > tdmChilada-membrane,mitochondria; membrane,staygold; chilada,DH,9/17/25,,330,320,10,0,0,pdqm-82(315),pdqm-82(315),,mgco-1,direct,direct,pdqm-82(315),rna(mgco-1) > tg(pdqm-82)315,staygold; chilada,rna(mitochondria) > membrane,rna(staygold) > chilada
Aang_Foundation/20250919_mem-mito/fish8_24hpf_roi5,direct_99,rna(mgco-1) > tg(pdqm-82)315,rna(mStayGold-2Xcox8A(N)) > tdmChilada-2xLynk(N),rna(mStayGold-mitochondria) > tdmChilada-membrane,mitochondria; membrane,staygold; chilada,DH,9/17/25,,396,384,12,0,0,pdqm-82(315),pdqm-82(315),,mgco-1,direct,direct,pdqm-82(315),rna(mgco-1) > tg(pdqm-82)315,staygold; chilada,rna(mitochondria) > membrane,rna(staygold) > chilada
Aang_Foundation/20250922_mem-mito/fish1_72hpf_roi1,direct_98,rna(mgco-1) > tg(pdqm-136)325,rna(mStayGold-2Xcox8A(N)) > tdmScarlet3-2xLynk(N),rna(mStayGold-mitochondria) > tdmScarlet3-membrane,mitochondria; membrane,staygold; scarlet3,DH,9/19/25,,472,420,16,0,36,,pdqm-136(325),,mgco-1,direct,direct,pdqm-136(325),rna(mgco-1) > tg(pdqm-136)325,staygold; scarlet3,rna(mitochondria) > membrane,rna(staygold) > scarlet3
Aang_Foundation/20250922_mem-mito/fish1_72hpf_roi2,direct_98,rna(mgco-1) > tg(pdqm-136)325,rna(mStayGold-2Xcox8A(N)) > tdmScarlet3-2xLynk(N),rna(mStayGold-mitochondria) > tdmScarlet3-membrane,mitochondria; membrane,staygold; scarlet3,DH,9/19/25,,464,416,16,0,32,,pdqm-136(325),,mgco-1,direct,direct,pdqm-136(325),rna(mgco-1) > tg(pdqm-136)325,staygold; scarlet3,rna(mitochondria) > membrane,rna(staygold) > scarlet3
Aang_Foundation/20250922_mem-mito/fish1_72hpf_roi3,direct_98,rna(mgco-1) > tg(pdqm-136)325,rna(mStayGold-2Xcox8A(N)) > tdmScarlet3-2xLynk(N),rna(mStayGold-mitochondria) > tdmScarlet3-membrane,mitochondria; membrane,staygold; scarlet3,DH,9/19/25,,464,416,16,0,32,,pdqm-136(325),,mgco-1,direct,direct,pdqm-136(325),rna(mgco-1) > tg(pdqm-136)325,staygold; scarlet3,rna(mitochondria) > membrane,rna(staygold) > scarlet3
Aang_Foundation/20250922_mem-mito/fish1_72hpf_roi4,direct_98,rna(mgco-1) > tg(pdqm-136)325,rna(mStayGold-2Xcox8A(N)) > tdmScarlet3-2xLynk(N),rna(mStayGold-mitochondria) > tdmScarlet3-membrane,mitochondria; membrane,staygold; scarlet3,DH,9/19/25,,464,416,16,0,32,,pdqm-136(325),,mgco-1,direct,direct,pdqm-136(325),rna(mgco-1) > tg(pdqm-136)325,staygold; scarlet3,rna(mitochondria) > membrane,rna(staygold) > scarlet3
Aang_Foundation/20250922_mem-mito/fish1_72hpf_roi5,direct_98,rna(mgco-1) > tg(pdqm-136)325,rna(mStayGold-2Xcox8A(N)) > tdmScarlet3-2xLynk(N),rna(mStayGold-mitochondria) > tdmScarlet3-membrane,mitochondria; membrane,staygold; scarlet3,DH,9/19/25,,164,128,4,0,32,,pdqm-136(325),,mgco-1,direct,direct,pdqm-136(325),rna(mgco-1) > tg(pdqm-136)325,staygold; scarlet3,rna(mitochondria) > membrane,rna(staygold) > scarlet3
Aang_Foundation/20250922_mem-mito/fish1_72hpf_roi6,direct_98,rna(mgco-1) > tg(pdqm-136)325,rna(mStayGold-2Xcox8A(N)) > tdmScarlet3-2xLynk(N),rna(mStayGold-mitochondria) > tdmScarlet3-membrane,mitochondria; membrane,staygold; scarlet3,DH,9/19/25,,464,416,16,0,32,,pdqm-136(325),,mgco-1,direct,direct,pdqm-136(325),rna(mgco-1) > tg(pdqm-136)325,staygold; scarlet3,rna(mitochondria) > membrane,rna(staygold) > scarlet3
Aang_Foundation/20250922_mem-mito/fish1_72hpf_roi7,direct_98,rna(mgco-1) > tg(pdqm-136)325,rna(mStayGold-2Xcox8A(N)) > tdmScarlet3-2xLynk(N),rna(mStayGold-mitochondria) > tdmScarlet3-membrane,mitochondria; membrane,staygold; scarlet3,DH,9/19/25,,464,416,16,0,32,,pdqm-136(325),,mgco-1,direct,direct,pdqm-136(325),rna(mgco-1) > tg(pdqm-136)325,staygold; scarlet3,rna(mitochondria) > membrane,rna(staygold) > scarlet3
Aang_Foundation/20250922_mem-mito/fish1_72hpf_roi8,direct_98,rna(mgco-1) > tg(pdqm-136)325,rna(mStayGold-2Xcox8A(N)) > tdmScarlet3-2xLynk(N),rna(mStayGold-mitochondria) > tdmScarlet3-membrane,mitochondria; membrane,staygold; scarlet3,DH,9/19/25,,464,416,16,0,32,,pdqm-136(325),,mgco-1,direct,direct,pdqm-136(325),rna(mgco-1) > tg(pdqm-136)325,staygold; scarlet3,rna(mitochondria) > membrane,rna(staygold) > scarlet3
Aang_Foundation/20250922_mem-mito/fish2_72hpf_roi1,direct_98,rna(mgco-1) > tg(pdqm-136)325,rna(mStayGold-2Xcox8A(N)) > tdmScarlet3-2xLynk(N),rna(mStayGold-mitochondria) > tdmScarlet3-membrane,mitochondria; membrane,staygold; scarlet3,DH,9/19/25,,400,384,16,0,0,,pdqm-136(325),,mgco-1,direct,direct,pdqm-136(325),rna(mgco-1) > tg(pdqm-136)325,staygold; scarlet3,rna(mitochondria) > membrane,rna(staygold) > scarlet3
Aang_Foundation/20250922_mem-mito/fish2_72hpf_roi2,direct_98,rna(mgco-1) > tg(pdqm-136)325,rna(mStayGold-2Xcox8A(N)) > tdmScarlet3-2xLynk(N),rna(mStayGold-mitochondria) > tdmScarlet3-membrane,mitochondria; membrane,staygold; scarlet3,DH,9/19/25,,400,384,16,0,0,,pdqm-136(325),,mgco-1,direct,direct,pdqm-136(325),rna(mgco-1) > tg(pdqm-136)325,staygold; scarlet3,rna(mitochondria) > membrane,rna(staygold) > scarlet3
Aang_Foundation/20250922_mem-mito/fish2_72hpf_roi3,direct_98,rna(mgco-1) > tg(pdqm-136)325,rna(mStayGold-2Xcox8A(N)) > tdmScarlet3-2xLynk(N),rna(mStayGold-mitochondria) > tdmScarlet3-membrane,mitochondria; membrane,staygold; scarlet3,DH,9/19/25,,400,384,16,0,0,,pdqm-136(325),,mgco-1,direct,direct,pdqm-136(325),rna(mgco-1) > tg(pdqm-136)325,staygold; scarlet3,rna(mitochondria) > membrane,rna(staygold) > scarlet3
Aang_Foundation/20250922_mem-mito/fish2_72hpf_roi4,direct_98,rna(mgco-1) > tg(pdqm-136)325,rna(mStayGold-2Xcox8A(N)) > tdmScarlet3-2xLynk(N),rna(mStayGold-mitochondria) > tdmScarlet3-membrane,mitochondria; membrane,staygold; scarlet3,DH,9/19/25,,400,384,16,0,0,,pdqm-136(325),,mgco-1,direct,direct,pdqm-136(325),rna(mgco-1) > tg(pdqm-136)325,staygold; scarlet3,rna(mitochondria) > membrane,rna(staygold) > scarlet3
Aang_Foundation/20250922_mem-mito/fish4_72hpf_roi1,direct_98,rna(mgco-1) > tg(pdqm-136)325,rna(mStayGold-2Xcox8A(N)) > tdmScarlet3-2xLynk(N),rna(mStayGold-mitochondria) > tdmScarlet3-membrane,mitochondria; membrane,staygold; scarlet3,DH,9/19/25,,400,384,16,0,0,,pdqm-136(325),,mgco-1,direct,direct,pdqm-136(325),rna(mgco-1) > tg(pdqm-136)325,staygold; scarlet3,rna(mitochondria) > membrane,rna(staygold) > scarlet3
Aang_Foundation/20250922_mem-mito/fish5_72hpf_roi1,direct_98,rna(mgco-1) > tg(pdqm-136)325,rna(mStayGold-2Xcox8A(N)) > tdmScarlet3-2xLynk(N),rna(mStayGold-mitochondria) > tdmScarlet3-membrane,mitochondria; membrane,staygold; scarlet3,DH,9/19/25,,400,384,16,0,0,,pdqm-136(325),,mgco-1,direct,direct,pdqm-136(325),rna(mgco-1) > tg(pdqm-136)325,staygold; scarlet3,rna(mitochondria) > membrane,rna(staygold) > scarlet3
Aang_Foundation/20250922_mem-mito/fish5_72hpf_roi2,direct_98,rna(mgco-1) > tg(pdqm-136)325,rna(mStayGold-2Xcox8A(N)) > tdmScarlet3-2xLynk(N),rna(mStayGold-mitochondria) > tdmScarlet3-membrane,mitochondria; membrane,staygold; scarlet3,DH,9/19/25,,400,384,16,0,0,,pdqm-136(325),,mgco-1,direct,direct,pdqm-136(325),rna(mgco-1) > tg(pdqm-136)325,staygold; scarlet3,rna(mitochondria) > membrane,rna(staygold) > scarlet3
Aang_Foundation/20250922_mem-mito/fish5_72hpf_roi3,direct_98,rna(mgco-1) > tg(pdqm-136)325,rna(mStayGold-2Xcox8A(N)) > tdmScarlet3-2xLynk(N),rna(mStayGold-mitochondria) > tdmScarlet3-membrane,mitochondria; membrane,staygold; scarlet3,DH,9/19/25,,400,384,16,0,0,,pdqm-136(325),,mgco-1,direct,direct,pdqm-136(325),rna(mgco-1) > tg(pdqm-136)325,staygold; scarlet3,rna(mitochondria) > membrane,rna(staygold) > scarlet3
Aang_Foundation/20250922_mem-mito/fish5_72hpf_roi4,direct_98,rna(mgco-1) > tg(pdqm-136)325,rna(mStayGold-2Xcox8A(N)) > tdmScarlet3-2xLynk(N),rna(mStayGold-mitochondria) > tdmScarlet3-membrane,mitochondria; membrane,staygold; scarlet3,DH,9/19/25,,400,384,16,0,0,,pdqm-136(325),,mgco-1,direct,direct,pdqm-136(325),rna(mgco-1) > tg(pdqm-136)325,staygold; scarlet3,rna(mitochondria) > membrane,rna(staygold) > scarlet3
Aang_Foundation/20250924_mem-mito,direct_97,rna(mgco-1) > tg(pswin-1)is01,rna(mStayGold-2Xcox8A(N)) > halo-2xLynk(N),rna(mStayGold-mitochondria) > halo-membrane,mitochondria; membrane,staygold; halo,DH,9/23/25,,8792,7564,263,0,965,,pswin-1(45385),,mgco-1,direct,direct,pswin-1(45385),rna(mgco-1) > tg(pswin-1)is01,staygold; halo,rna(mitochondria) > membrane,rna(staygold) > halo
Aang_Foundation/20250924_mem-mito/fish1_24hpf_roi1,direct_97,rna(mgco-1) > tg(pswin-1)is01,rna(mStayGold-2Xcox8A(N)) > halo-2xLynk(N),rna(mStayGold-mitochondria) > halo-membrane,mitochondria; membrane,staygold; halo,DH,9/23/25,,612,554,16,0,42,,pswin-1(45385),,mgco-1,direct,direct,pswin-1(45385),rna(mgco-1) > tg(pswin-1)is01,staygold; halo,rna(mitochondria) > membrane,rna(staygold) > halo
Aang_Foundation/20250924_mem-mito/fish1_24hpf_roi2,direct_97,rna(mgco-1) > tg(pswin-1)is01,rna(mStayGold-2Xcox8A(N)) > halo-2xLynk(N),rna(mStayGold-mitochondria) > halo-membrane,mitochondria; membrane,staygold; halo,DH,9/23/25,,600,548,16,0,36,,pswin-1(45385),,mgco-1,direct,direct,pswin-1(45385),rna(mgco-1) > tg(pswin-1)is01,staygold; halo,rna(mitochondria) > membrane,rna(staygold) > halo
Aang_Foundation/20250924_mem-mito/fish1_24hpf_roi3,direct_97,rna(mgco-1) > tg(pswin-1)is01,rna(mStayGold-2Xcox8A(N)) > halo-2xLynk(N),rna(mStayGold-mitochondria) > halo-membrane,mitochondria; membrane,staygold; halo,DH,9/23/25,,608,552,16,0,40,,pswin-1(45385),,mgco-1,direct,direct,pswin-1(45385),rna(mgco-1) > tg(pswin-1)is01,staygold; halo,rna(mitochondria) > membrane,rna(staygold) > halo
Aang_Foundation/20250924_mem-mito/fish1_24hpf_roi4,direct_97,rna(mgco-1) > tg(pswin-1)is01,rna(mStayGold-2Xcox8A(N)) > halo-2xLynk(N),rna(mStayGold-mitochondria) > halo-membrane,mitochondria; membrane,staygold; halo,DH,9/23/25,,482,425,16,0,41,,pswin-1(45385),,mgco-1,direct,direct,pswin-1(45385),rna(mgco-1) > tg(pswin-1)is01,staygold; halo,rna(mitochondria) > membrane,rna(staygold) > halo
Aang_Foundation/20250924_mem-mito/fish1_24hpf_roi5,direct_97,rna(mgco-1) > tg(pswin-1)is01,rna(mStayGold-2Xcox8A(N)) > halo-2xLynk(N),rna(mStayGold-mitochondria) > halo-membrane,mitochondria; membrane,staygold; halo,DH,9/23/25,,244,122,1,0,121,,pswin-1(45385),,mgco-1,direct,direct,pswin-1(45385),rna(mgco-1) > tg(pswin-1)is01,staygold; halo,rna(mitochondria) > membrane,rna(staygold) > halo
Aang_Foundation/20250924_mem-mito/fish1_24hpf_roi6,direct_97,rna(mgco-1) > tg(pswin-1)is01,rna(mStayGold-2Xcox8A(N)) > halo-2xLynk(N),rna(mStayGold-mitochondria) > halo-membrane,mitochondria; membrane,staygold; halo,DH,9/23/25,,308,160,2,0,146,,pswin-1(45385),,mgco-1,direct,direct,pswin-1(45385),rna(mgco-1) > tg(pswin-1)is01,staygold; halo,rna(mitochondria) > membrane,rna(staygold) > halo
Aang_Foundation/20250924_mem-mito/fish2_24hpf_roi1,direct_97,rna(mgco-1) > tg(pswin-1)is01,rna(mStayGold-2Xcox8A(N)) > halo-2xLynk(N),rna(mStayGold-mitochondria) > halo-membrane,mitochondria; membrane,staygold; halo,DH,9/23/25,,478,423,16,0,39,,pswin-1(45385),,mgco-1,direct,direct,pswin-1(45385),rna(mgco-1) > tg(pswin-1)is01,staygold; halo,rna(mitochondria) > membrane,rna(staygold) > halo
Aang_Foundation/20250924_mem-mito/fish2_24hpf_roi2,direct_97,rna(mgco-1) > tg(pswin-1)is01,rna(mStayGold-2Xcox8A(N)) > halo-2xLynk(N),rna(mStayGold-mitochondria) > halo-membrane,mitochondria; membrane,staygold; halo,DH,9/23/25,,480,424,16,0,40,,pswin-1(45385),,mgco-1,direct,direct,pswin-1(45385),rna(mgco-1) > tg(pswin-1)is01,staygold; halo,rna(mitochondria) > membrane,rna(staygold) > halo
Aang_Foundation/20250924_mem-mito/fish3_24hpf_roi1,direct_97,rna(mgco-1) > tg(pswin-1)is01,rna(mStayGold-2Xcox8A(N)) > halo-2xLynk(N),rna(mStayGold-mitochondria) > halo-membrane,mitochondria; membrane,staygold; halo,DH,9/23/25,,976,856,32,0,88,,pswin-1(45385),,mgco-1,direct,direct,pswin-1(45385),rna(mgco-1) > tg(pswin-1)is01,staygold; halo,rna(mitochondria) > membrane,rna(staygold) > halo
Aang_Foundation/20250924_mem-mito/fish3_24hpf_roi1_test,direct_97,rna(mgco-1) > tg(pswin-1)is01,rna(mStayGold-2Xcox8A(N)) > halo-2xLynk(N),rna(mStayGold-mitochondria) > halo-membrane,mitochondria; membrane,staygold; halo,DH,9/23/25,,16,9,1,0,6,,pswin-1(45385),,mgco-1,direct,direct,pswin-1(45385),rna(mgco-1) > tg(pswin-1)is01,staygold; halo,rna(mitochondria) > membrane,rna(staygold) > halo
Aang_Foundation/20250924_mem-mito/fish3_24hpf_roi3,direct_97,rna(mgco-1) > tg(pswin-1)is01,rna(mStayGold-2Xcox8A(N)) > halo-2xLynk(N),rna(mStayGold-mitochondria) > halo-membrane,mitochondria; membrane,staygold; halo,DH,9/23/25,,480,424,16,0,40,,pswin-1(45385),,mgco-1,direct,direct,pswin-1(45385),rna(mgco-1) > tg(pswin-1)is01,staygold; halo,rna(mitochondria) > membrane,rna(staygold) > halo
Aang_Foundation/20250924_mem-mito/fish3_24hpf_roi4,direct_97,rna(mgco-1) > tg(pswin-1)is01,rna(mStayGold-2Xcox8A(N)) > halo-2xLynk(N),rna(mStayGold-mitochondria) > halo-membrane,mitochondria; membrane,staygold; halo,DH,9/23/25,,478,423,16,0,39,,pswin-1(45385),,mgco-1,direct,direct,pswin-1(45385),rna(mgco-1) > tg(pswin-1)is01,staygold; halo,rna(mitochondria) > membrane,rna(staygold) > halo
Aang_Foundation/20250924_mem-mito/fish3_24hpf_roi5,direct_97,rna(mgco-1) > tg(pswin-1)is01,rna(mStayGold-2Xcox8A(N)) > halo-2xLynk(N),rna(mStayGold-mitochondria) > halo-membrane,mitochondria; membrane,staygold; halo,DH,9/23/25,,480,424,16,0,40,,pswin-1(45385),,mgco-1,direct,direct,pswin-1(45385),rna(mgco-1) > tg(pswin-1)is01,staygold; halo,rna(mitochondria) > membrane,rna(staygold) > halo
Aang_Foundation/20250924_mem-mito/fish3_24hpf_roi6,direct_97,rna(mgco-1) > tg(pswin-1)is01,rna(mStayGold-2Xcox8A(N)) > halo-2xLynk(N),rna(mStayGold-mitochondria) > halo-membrane,mitochondria; membrane,staygold; halo,DH,9/23/25,,480,424,16,0,40,,pswin-1(45385),,mgco-1,direct,direct,pswin-1(45385),rna(mgco-1) > tg(pswin-1)is01,staygold; halo,rna(mitochondria) > membrane,rna(staygold) > halo
Aang_Foundation/20250924_mem-mito/fish3_24hpf_roi7,direct_97,rna(mgco-1) > tg(pswin-1)is01,rna(mStayGold-2Xcox8A(N)) > halo-2xLynk(N),rna(mStayGold-mitochondria) > halo-membrane,mitochondria; membrane,staygold; halo,DH,9/23/25,,476,422,16,0,38,,pswin-1(45385),,mgco-1,direct,direct,pswin-1(45385),rna(mgco-1) > tg(pswin-1)is01,staygold; halo,rna(mitochondria) > membrane,rna(staygold) > halo
Aang_Foundation/20250924_mem-mito/fish4_24hpf_roi1,direct_97,rna(mgco-1) > tg(pswin-1)is01,rna(mStayGold-2Xcox8A(N)) > halo-2xLynk(N),rna(mStayGold-mitochondria) > halo-membrane,mitochondria; membrane,staygold; halo,DH,9/23/25,,478,423,16,0,39,,pswin-1(45385),,mgco-1,direct,direct,pswin-1(45385),rna(mgco-1) > tg(pswin-1)is01,staygold; halo,rna(mitochondria) > membrane,rna(staygold) > halo
Aang_Foundation/20250924_mem-mito/fish4_24hpf_roi2,direct_97,rna(mgco-1) > tg(pswin-1)is01,rna(mStayGold-2Xcox8A(N)) > halo-2xLynk(N),rna(mStayGold-mitochondria) > halo-membrane,mitochondria; membrane,staygold; halo,DH,9/23/25,,480,424,16,0,40,,pswin-1(45385),,mgco-1,direct,direct,pswin-1(45385),rna(mgco-1) > tg(pswin-1)is01,staygold; halo,rna(mitochondria) > membrane,rna(staygold) > halo
Aang_Foundation/20250924_mem-mito/fish4_24hpf_roi3,direct_97,rna(mgco-1) > tg(pswin-1)is01,rna(mStayGold-2Xcox8A(N)) > halo-2xLynk(N),rna(mStayGold-mitochondria) > halo-membrane,mitochondria; membrane,staygold; halo,DH,9/23/25,,634,527,19,0,88,,pswin-1(45385),,mgco-1,direct,direct,pswin-1(45385),rna(mgco-1) > tg(pswin-1)is01,staygold; halo,rna(mitochondria) > membrane,rna(staygold) > halo
Aang_Foundation/20250925_mem-mito/fish1_48hpf_roi1,direct_96,rna(mgco-1) > tg(pswin-1)is01,rna(mStayGold-2Xcox8A(N)) > halo-2xLynk(N),rna(mStayGold-mitochondria) > halo-membrane,mitochondria; membrane,staygold; halo,DH,9/23/25,,726,639,24,0,63,,pswin-1(45385),,mgco-1,direct,direct,pswin-1(45385),rna(mgco-1) > tg(pswin-1)is01,staygold; halo,rna(mitochondria) > membrane,rna(staygold) > halo
Aang_Foundation/20250925_mem-mito/fish1_48hpf_roi2,direct_96,rna(mgco-1) > tg(pswin-1)is01,rna(mStayGold-2Xcox8A(N)) > halo-2xLynk(N),rna(mStayGold-mitochondria) > halo-membrane,mitochondria; membrane,staygold; halo,DH,9/23/25,,726,639,24,0,63,,pswin-1(45385),,mgco-1,direct,direct,pswin-1(45385),rna(mgco-1) > tg(pswin-1)is01,staygold; halo,rna(mitochondria) > membrane,rna(staygold) > halo
Aang_Foundation/20250925_mem-mito/fish1_48hpf_roi3,direct_96,rna(mgco-1) > tg(pswin-1)is01,rna(mStayGold-2Xcox8A(N)) > halo-2xLynk(N),rna(mStayGold-mitochondria) > halo-membrane,mitochondria; membrane,staygold; halo,DH,9/23/25,,734,643,24,0,67,,pswin-1(45385),,mgco-1,direct,direct,pswin-1(45385),rna(mgco-1) > tg(pswin-1)is01,staygold; halo,rna(mitochondria) > membrane,rna(staygold) > halo
Aang_Foundation/20250925_mem-mito/fish3_48hpf_roi1,direct_96,rna(mgco-1) > tg(pswin-1)is01,rna(mStayGold-2Xcox8A(N)) > halo-2xLynk(N),rna(mStayGold-mitochondria) > halo-membrane,mitochondria; membrane,staygold; halo,DH,9/23/25,,736,644,24,0,68,,pswin-1(45385),,mgco-1,direct,direct,pswin-1(45385),rna(mgco-1) > tg(pswin-1)is01,staygold; halo,rna(mitochondria) > membrane,rna(staygold) > halo
Aang_Foundation/20250925_mem-mito/fish3_48hpf_roi2,direct_96,rna(mgco-1) > tg(pswin-1)is01,rna(mStayGold-2Xcox8A(N)) > halo-2xLynk(N),rna(mStayGold-mitochondria) > halo-membrane,mitochondria; membrane,staygold; halo,DH,9/23/25,,732,642,24,0,66,,pswin-1(45385),,mgco-1,direct,direct,pswin-1(45385),rna(mgco-1) > tg(pswin-1)is01,staygold; halo,rna(mitochondria) > membrane,rna(staygold) > halo
Aang_Foundation/20250925_mem-mito/fish3_48hpf_roi3,direct_96,rna(mgco-1) > tg(pswin-1)is01,rna(mStayGold-2Xcox8A(N)) > halo-2xLynk(N),rna(mStayGold-mitochondria) > halo-membrane,mitochondria; membrane,staygold; halo,DH,9/23/25,,738,645,24,0,69,,pswin-1(45385),,mgco-1,direct,direct,pswin-1(45385),rna(mgco-1) > tg(pswin-1)is01,staygold; halo,rna(mitochondria) > membrane,rna(staygold) > halo
Aang_Foundation/20250925_mem-mito/fish3_48hpf_roi4,direct_96,rna(mgco-1) > tg(pswin-1)is01,rna(mStayGold-2Xcox8A(N)) > halo-2xLynk(N),rna(mStayGold-mitochondria) > halo-membrane,mitochondria; membrane,staygold; halo,DH,9/23/25,,740,646,24,0,70,,pswin-1(45385),,mgco-1,direct,direct,pswin-1(45385),rna(mgco-1) > tg(pswin-1)is01,staygold; halo,rna(mitochondria) > membrane,rna(staygold) > halo
Aang_Foundation/20250926_mem-mito,direct_95,rna(mgco-1) > tg(pdqm-82)315,rna(mStayGold-2Xcox8A(N)) > tdmChilada-2xLynk(N),rna(mStayGold-mitochondria) > tdmChilada-membrane,mitochondria; membrane,staygold; chilada,DH,9/24/25,,11398,9904,366,0,1128,,pdqm-82(315),,mgco-1,direct,direct,pdqm-82(315),rna(mgco-1) > tg(pdqm-82)315,staygold; chilada,rna(mitochondria) > membrane,rna(staygold) > chilada
Aang_Foundation/20250926_mem-mito/fish1_48hpf_roi1,direct_95,rna(mgco-1) > tg(pdqm-82)315,rna(mStayGold-2Xcox8A(N)) > tdmChilada-2xLynk(N),rna(mStayGold-mitochondria) > tdmChilada-membrane,mitochondria; membrane,staygold; chilada,DH,9/24/25,,505,407,13,0,85,,pdqm-82(315),,mgco-1,direct,direct,pdqm-82(315),rna(mgco-1) > tg(pdqm-82)315,staygold; chilada,rna(mitochondria) > membrane,rna(staygold) > chilada
Aang_Foundation/20250926_mem-mito/fish1_48hpf_roi2,direct_95,rna(mgco-1) > tg(pdqm-82)315,rna(mStayGold-2Xcox8A(N)) > tdmChilada-2xLynk(N),rna(mStayGold-mitochondria) > tdmChilada-membrane,mitochondria; membrane,staygold; chilada,DH,9/24/25,,722,637,24,0,61,,pdqm-82(315),,mgco-1,direct,direct,pdqm-82(315),rna(mgco-1) > tg(pdqm-82)315,staygold; chilada,rna(mitochondria) > membrane,rna(staygold) > chilada
Aang_Foundation/20250926_mem-mito/fish1_48hpf_roi3,direct_95,rna(mgco-1) > tg(pdqm-82)315,rna(mStayGold-2Xcox8A(N)) > tdmChilada-2xLynk(N),rna(mStayGold-mitochondria) > tdmChilada-membrane,mitochondria; membrane,staygold; chilada,DH,9/24/25,,726,639,24,0,63,,pdqm-82(315),,mgco-1,direct,direct,pdqm-82(315),rna(mgco-1) > tg(pdqm-82)315,staygold; chilada,rna(mitochondria) > membrane,rna(staygold) > chilada
Aang_Foundation/20250926_mem-mito/fish1_48hpf_roi4,direct_95,rna(mgco-1) > tg(pdqm-82)315,rna(mStayGold-2Xcox8A(N)) > tdmChilada-2xLynk(N),rna(mStayGold-mitochondria) > tdmChilada-membrane,mitochondria; membrane,staygold; chilada,DH,9/24/25,,730,641,24,0,65,,pdqm-82(315),,mgco-1,direct,direct,pdqm-82(315),rna(mgco-1) > tg(pdqm-82)315,staygold; chilada,rna(mitochondria) > membrane,rna(staygold) > chilada
Aang_Foundation/20250926_mem-mito/fish2_48hpf_roi1,direct_95,rna(mgco-1) > tg(pdqm-82)315,rna(mStayGold-2Xcox8A(N)) > tdmChilada-2xLynk(N),rna(mStayGold-mitochondria) > tdmChilada-membrane,mitochondria; membrane,staygold; chilada,DH,9/24/25,,726,639,24,0,63,,pdqm-82(315),,mgco-1,direct,direct,pdqm-82(315),rna(mgco-1) > tg(pdqm-82)315,staygold; chilada,rna(mitochondria) > membrane,rna(staygold) > chilada
Aang_Foundation/20250926_mem-mito/fish2_48hpf_roi2,direct_95,rna(mgco-1) > tg(pdqm-82)315,rna(mStayGold-2Xcox8A(N)) > tdmChilada-2xLynk(N),rna(mStayGold-mitochondria) > tdmChilada-membrane,mitochondria; membrane,staygold; chilada,DH,9/24/25,,838,695,24,0,119,,pdqm-82(315),,mgco-1,direct,direct,pdqm-82(315),rna(mgco-1) > tg(pdqm-82)315,staygold; chilada,rna(mitochondria) > membrane,rna(staygold) > chilada
Aang_Foundation/20250926_mem-mito/fish2_48hpf_roi3,direct_95,rna(mgco-1) > tg(pdqm-82)315,rna(mStayGold-2Xcox8A(N)) > tdmChilada-2xLynk(N),rna(mStayGold-mitochondria) > tdmChilada-membrane,mitochondria; membrane,staygold; chilada,DH,9/24/25,,726,639,24,0,63,,pdqm-82(315),,mgco-1,direct,direct,pdqm-82(315),rna(mgco-1) > tg(pdqm-82)315,staygold; chilada,rna(mitochondria) > membrane,rna(staygold) > chilada
Aang_Foundation/20250926_mem-mito/fish2_48hpf_roi4,direct_95,rna(mgco-1) > tg(pdqm-82)315,rna(mStayGold-2Xcox8A(N)) > tdmChilada-2xLynk(N),rna(mStayGold-mitochondria) > tdmChilada-membrane,mitochondria; membrane,staygold; chilada,DH,9/24/25,,543,458,17,0,68,,pdqm-82(315),,mgco-1,direct,direct,pdqm-82(315),rna(mgco-1) > tg(pdqm-82)315,staygold; chilada,rna(mitochondria) > membrane,rna(staygold) > chilada
Aang_Foundation/20250926_mem-mito/fish3_48hpf_roi1,direct_95,rna(mgco-1) > tg(pdqm-82)315,rna(mStayGold-2Xcox8A(N)) > tdmChilada-2xLynk(N),rna(mStayGold-mitochondria) > tdmChilada-membrane,mitochondria; membrane,staygold; chilada,DH,9/24/25,,730,641,24,0,65,,pdqm-82(315),,mgco-1,direct,direct,pdqm-82(315),rna(mgco-1) > tg(pdqm-82)315,staygold; chilada,rna(mitochondria) > membrane,rna(staygold) > chilada
Aang_Foundation/20250926_mem-mito/fish3_48hpf_roi2,direct_95,rna(mgco-1) > tg(pdqm-82)315,rna(mStayGold-2Xcox8A(N)) > tdmChilada-2xLynk(N),rna(mStayGold-mitochondria) > tdmChilada-membrane,mitochondria; membrane,staygold; chilada,DH,9/24/25,,728,640,24,0,64,,pdqm-82(315),,mgco-1,direct,direct,pdqm-82(315),rna(mgco-1) > tg(pdqm-82)315,staygold; chilada,rna(mitochondria) > membrane,rna(staygold) > chilada
Aang_Foundation/20250926_mem-mito/fish3_48hpf_roi3,direct_95,rna(mgco-1) > tg(pdqm-82)315,rna(mStayGold-2Xcox8A(N)) > tdmChilada-2xLynk(N),rna(mStayGold-mitochondria) > tdmChilada-membrane,mitochondria; membrane,staygold; chilada,DH,9/24/25,,744,648,24,0,72,,pdqm-82(315),,mgco-1,direct,direct,pdqm-82(315),rna(mgco-1) > tg(pdqm-82)315,staygold; chilada,rna(mitochondria) > membrane,rna(staygold) > chilada
Aang_Foundation/20250926_mem-mito/fish3_48hpf_roi4,direct_95,rna(mgco-1) > tg(pdqm-82)315,rna(mStayGold-2Xcox8A(N)) > tdmChilada-2xLynk(N),rna(mStayGold-mitochondria) > tdmChilada-membrane,mitochondria; membrane,staygold; chilada,DH,9/24/25,,744,648,24,0,72,,pdqm-82(315),,mgco-1,direct,direct,pdqm-82(315),rna(mgco-1) > tg(pdqm-82)315,staygold; chilada,rna(mitochondria) > membrane,rna(staygold) > chilada
Aang_Foundation/20251001_mem-histone/fish1_24hpf_roi1,direct_94,tg(pdqm-5)301; tg(pdqm-133)324,tdmSG-2xLynk(N); tdmScarlet3-H2B(C),tdmSG-membrane; tdmScarlet3-histone,membrane; histone,sg; scarlet3,DH,9/30/25,,3112,1556,1170,0,386,pdqm-5(301),pdqm-133(324),,,direct,direct,pdqm-5(301); pdqm-133(324),tg(pdqm-5)301; tg(pdqm-133)324,sg; scarlet3,membrane; histone,sg; scarlet3
Aang_Foundation/20251001_mem-histone/fish1_24hpf_roi2,direct_94,tg(pdqm-5)301; tg(pdqm-133)324,tdmSG-2xLynk(N); tdmScarlet3-H2B(C),tdmSG-membrane; tdmScarlet3-histone,membrane; histone,sg; scarlet3,DH,9/30/25,,2220,1110,960,0,150,pdqm-5(301),pdqm-133(324),,,direct,direct,pdqm-5(301); pdqm-133(324),tg(pdqm-5)301; tg(pdqm-133)324,sg; scarlet3,membrane; histone,sg; scarlet3
Aang_Foundation/20251001_mem-histone/fish2_24hpf_roi1,direct_94,tg(pdqm-5)301; tg(pdqm-133)324,tdmSG-2xLynk(N); tdmScarlet3-H2B(C),tdmSG-membrane; tdmScarlet3-histone,membrane; histone,sg; scarlet3,DH,9/30/25,,2220,1110,960,0,150,pdqm-5(301),pdqm-133(324),,,direct,direct,pdqm-5(301); pdqm-133(324),tg(pdqm-5)301; tg(pdqm-133)324,sg; scarlet3,membrane; histone,sg; scarlet3
Aang_Foundation/20251001_mem-histone/fish2_24hpf_roi2,direct_94,tg(pdqm-5)301; tg(pdqm-133)324,tdmSG-2xLynk(N); tdmScarlet3-H2B(C),tdmSG-membrane; tdmScarlet3-histone,membrane; histone,sg; scarlet3,DH,9/30/25,,2220,1110,960,0,150,pdqm-5(301),pdqm-133(324),,,direct,direct,pdqm-5(301); pdqm-133(324),tg(pdqm-5)301; tg(pdqm-133)324,sg; scarlet3,membrane; histone,sg; scarlet3
Aang_Foundation/20251001_mem-histone/fish2_24hpf_roi3,direct_94,tg(pdqm-5)301; tg(pdqm-133)324,tdmSG-2xLynk(N); tdmScarlet3-H2B(C),tdmSG-membrane; tdmScarlet3-histone,membrane; histone,sg; scarlet3,DH,9/30/25,,2220,1110,960,0,150,pdqm-5(301),pdqm-133(324),,,direct,direct,pdqm-5(301); pdqm-133(324),tg(pdqm-5)301; tg(pdqm-133)324,sg; scarlet3,membrane; histone,sg; scarlet3
Aang_Foundation/20251001_mem-histone/fish4_24hpf_roi1,direct_94,tg(pdqm-5)301; tg(pdqm-133)324,tdmSG-2xLynk(N); tdmScarlet3-H2B(C),tdmSG-membrane; tdmScarlet3-histone,membrane; histone,sg; scarlet3,DH,9/30/25,,2220,1110,960,0,150,pdqm-5(301),pdqm-133(324),,,direct,direct,pdqm-5(301); pdqm-133(324),tg(pdqm-5)301; tg(pdqm-133)324,sg; scarlet3,membrane; histone,sg; scarlet3
Aang_Foundation/20251001_mem-histone/fish4_24hpf_roi2,direct_94,tg(pdqm-5)301; tg(pdqm-133)324,tdmSG-2xLynk(N); tdmScarlet3-H2B(C),tdmSG-membrane; tdmScarlet3-histone,membrane; histone,sg; scarlet3,DH,9/30/25,,2220,1110,960,0,150,pdqm-5(301),pdqm-133(324),,,direct,direct,pdqm-5(301); pdqm-133(324),tg(pdqm-5)301; tg(pdqm-133)324,sg; scarlet3,membrane; histone,sg; scarlet3
Aang_Foundation/20251001_mem-histone/fish5_24hpf_roi1,direct_94,tg(pdqm-5)301; tg(pdqm-133)324,tdmSG-2xLynk(N); tdmScarlet3-H2B(C),tdmSG-membrane; tdmScarlet3-histone,membrane; histone,sg; scarlet3,DH,9/30/25,,2220,1110,960,0,150,pdqm-5(301),pdqm-133(324),,,direct,direct,pdqm-5(301); pdqm-133(324),tg(pdqm-5)301; tg(pdqm-133)324,sg; scarlet3,membrane; histone,sg; scarlet3
Aang_Foundation/20251001_mem-histone/fish5_24hpf_roi2,direct_94,tg(pdqm-5)301; tg(pdqm-133)324,tdmSG-2xLynk(N); tdmScarlet3-H2B(C),tdmSG-membrane; tdmScarlet3-histone,membrane; histone,sg; scarlet3,DH,9/30/25,,2220,1110,960,0,150,pdqm-5(301),pdqm-133(324),,,direct,direct,pdqm-5(301); pdqm-133(324),tg(pdqm-5)301; tg(pdqm-133)324,sg; scarlet3,membrane; histone,sg; scarlet3
Aang_Foundation/20251001_mem-histone/fish5_24hpf_roi3,direct_94,tg(pdqm-5)301; tg(pdqm-133)324,tdmSG-2xLynk(N); tdmScarlet3-H2B(C),tdmSG-membrane; tdmScarlet3-histone,membrane; histone,sg; scarlet3,DH,9/30/25,,2220,1110,960,0,150,pdqm-5(301),pdqm-133(324),,,direct,direct,pdqm-5(301); pdqm-133(324),tg(pdqm-5)301; tg(pdqm-133)324,sg; scarlet3,membrane; histone,sg; scarlet3
Aang_Foundation/20251001_mem-histone/fish5_24hpf_roi4,direct_94,tg(pdqm-5)301; tg(pdqm-133)324,tdmSG-2xLynk(N); tdmScarlet3-H2B(C),tdmSG-membrane; tdmScarlet3-histone,membrane; histone,sg; scarlet3,DH,9/30/25,,2220,1110,960,0,150,pdqm-5(301),pdqm-133(324),,,direct,direct,pdqm-5(301); pdqm-133(324),tg(pdqm-5)301; tg(pdqm-133)324,sg; scarlet3,membrane; histone,sg; scarlet3
Aang_Foundation/20251002_mem_mito/fish10_24hpf_roi1,manual_3,rna(mgco-1) > tg(pdqm-82)315,rna(mStayGold-2Xcox8A(N)) > tdmChilada-2xLynk(N),rna(mStayGold-mitochondria) > tdmChilada-membrane,mitochondria; membrane,staygold; chilada,,,,338,289,16,0,33,pdqm-82,,,mgco-1,direct_by_clue_map,manual,pdqm-82,rna(mgco-1) > tg(pdqm-82)315,staygold; chilada,rna(mitochondria) > membrane,rna(staygold) > chilada
Aang_Foundation/20251002_mem_mito/fish10_24hpf_roi2,manual_3,rna(mgco-1) > tg(pdqm-82)315,rna(mStayGold-2Xcox8A(N)) > tdmChilada-2xLynk(N),rna(mStayGold-mitochondria) > tdmChilada-membrane,mitochondria; membrane,staygold; chilada,,,,338,289,16,0,33,pdqm-82,,,mgco-1,direct_by_clue_map,manual,pdqm-82,rna(mgco-1) > tg(pdqm-82)315,staygold; chilada,rna(mitochondria) > membrane,rna(staygold) > chilada
Aang_Foundation/20251002_mem_mito/fish11_24hpf_roi1,manual_3,rna(mgco-1) > tg(pdqm-82)315,rna(mStayGold-2Xcox8A(N)) > tdmChilada-2xLynk(N),rna(mStayGold-mitochondria) > tdmChilada-membrane,mitochondria; membrane,staygold; chilada,,,,474,421,16,0,37,pdqm-82,,,mgco-1,direct_by_clue_map,manual,pdqm-82,rna(mgco-1) > tg(pdqm-82)315,staygold; chilada,rna(mitochondria) > membrane,rna(staygold) > chilada
Aang_Foundation/20251002_mem_mito/fish11_24hpf_roi2,manual_3,rna(mgco-1) > tg(pdqm-82)315,rna(mStayGold-2Xcox8A(N)) > tdmChilada-2xLynk(N),rna(mStayGold-mitochondria) > tdmChilada-membrane,mitochondria; membrane,staygold; chilada,,,,470,419,16,0,35,pdqm-82,,,mgco-1,direct_by_clue_map,manual,pdqm-82,rna(mgco-1) > tg(pdqm-82)315,staygold; chilada,rna(mitochondria) > membrane,rna(staygold) > chilada
Aang_Foundation/20251002_mem_mito/fish11_24hpf_roi3,manual_3,rna(mgco-1) > tg(pdqm-82)315,rna(mStayGold-2Xcox8A(N)) > tdmChilada-2xLynk(N),rna(mStayGold-mitochondria) > tdmChilada-membrane,mitochondria; membrane,staygold; chilada,,,,466,417,16,0,33,pdqm-82,,,mgco-1,direct_by_clue_map,manual,pdqm-82,rna(mgco-1) > tg(pdqm-82)315,staygold; chilada,rna(mitochondria) > membrane,rna(staygold) > chilada
Aang_Foundation/20251002_mem_mito/fish12_24hpf_roi1,manual_3,rna(mgco-1) > tg(pdqm-82)315,rna(mStayGold-2Xcox8A(N)) > tdmChilada-2xLynk(N),rna(mStayGold-mitochondria) > tdmChilada-membrane,mitochondria; membrane,staygold; chilada,,,,470,419,16,0,35,pdqm-82,,,mgco-1,direct_by_clue_map,manual,pdqm-82,rna(mgco-1) > tg(pdqm-82)315,staygold; chilada,rna(mitochondria) > membrane,rna(staygold) > chilada
Aang_Foundation/20251002_mem_mito/fish12_24hpf_roi2,manual_3,rna(mgco-1) > tg(pdqm-82)315,rna(mStayGold-2Xcox8A(N)) > tdmChilada-2xLynk(N),rna(mStayGold-mitochondria) > tdmChilada-membrane,mitochondria; membrane,staygold; chilada,,,,466,417,16,0,33,pdqm-82,,,mgco-1,direct_by_clue_map,manual,pdqm-82,rna(mgco-1) > tg(pdqm-82)315,staygold; chilada,rna(mitochondria) > membrane,rna(staygold) > chilada
Aang_Foundation/20251002_mem_mito/fish12_24hpf_roi3,manual_3,rna(mgco-1) > tg(pdqm-82)315,rna(mStayGold-2Xcox8A(N)) > tdmChilada-2xLynk(N),rna(mStayGold-mitochondria) > tdmChilada-membrane,mitochondria; membrane,staygold; chilada,,,,468,418,16,0,34,pdqm-82,,,mgco-1,direct_by_clue_map,manual,pdqm-82,rna(mgco-1) > tg(pdqm-82)315,staygold; chilada,rna(mitochondria) > membrane,rna(staygold) > chilada
Aang_Foundation/20251002_mem_mito/fish12_24hpf_roi4,manual_3,rna(mgco-1) > tg(pdqm-82)315,rna(mStayGold-2Xcox8A(N)) > tdmChilada-2xLynk(N),rna(mStayGold-mitochondria) > tdmChilada-membrane,mitochondria; membrane,staygold; chilada,,,,476,422,16,0,38,pdqm-82,,,mgco-1,direct_by_clue_map,manual,pdqm-82,rna(mgco-1) > tg(pdqm-82)315,staygold; chilada,rna(mitochondria) > membrane,rna(staygold) > chilada
Aang_Foundation/20251002_mem_mito/fish1_24hpf_roi1,manual_3,rna(mgco-1) > tg(pdqm-82)315,rna(mStayGold-2Xcox8A(N)) > tdmChilada-2xLynk(N),rna(mStayGold-mitochondria) > tdmChilada-membrane,mitochondria; membrane,staygold; chilada,,,,493,394,19,0,80,pdqm-82,,,mgco-1,direct_by_clue_map,manual,pdqm-82,rna(mgco-1) > tg(pdqm-82)315,staygold; chilada,rna(mitochondria) > membrane,rna(staygold) > chilada
Aang_Foundation/20251002_mem_mito/fish3_24hpf_roi1,manual_3,rna(mgco-1) > tg(pdqm-82)315,rna(mStayGold-2Xcox8A(N)) > tdmChilada-2xLynk(N),rna(mStayGold-mitochondria) > tdmChilada-membrane,mitochondria; membrane,staygold; chilada,,,,437,340,17,0,80,pdqm-82,,,mgco-1,direct_by_clue_map,manual,pdqm-82,rna(mgco-1) > tg(pdqm-82)315,staygold; chilada,rna(mitochondria) > membrane,rna(staygold) > chilada
Aang_Foundation/20251002_mem_mito/fish3_24hpf_roi2,manual_3,rna(mgco-1) > tg(pdqm-82)315,rna(mStayGold-2Xcox8A(N)) > tdmChilada-2xLynk(N),rna(mStayGold-mitochondria) > tdmChilada-membrane,mitochondria; membrane,staygold; chilada,,,,224,168,16,0,40,pdqm-82,,,mgco-1,direct_by_clue_map,manual,pdqm-82,rna(mgco-1) > tg(pdqm-82)315,staygold; chilada,rna(mitochondria) > membrane,rna(staygold) > chilada
Aang_Foundation/20251002_mem_mito/fish5_24hpf_roi1,manual_3,rna(mgco-1) > tg(pdqm-82)315,rna(mStayGold-2Xcox8A(N)) > tdmChilada-2xLynk(N),rna(mStayGold-mitochondria) > tdmChilada-membrane,mitochondria; membrane,staygold; chilada,,,,224,168,16,0,40,pdqm-82,,,mgco-1,direct_by_clue_map,manual,pdqm-82,rna(mgco-1) > tg(pdqm-82)315,staygold; chilada,rna(mitochondria) > membrane,rna(staygold) > chilada
Aang_Foundation/20251002_mem_mito/fish5_24hpf_roi2,manual_3,rna(mgco-1) > tg(pdqm-82)315,rna(mStayGold-2Xcox8A(N)) > tdmChilada-2xLynk(N),rna(mStayGold-mitochondria) > tdmChilada-membrane,mitochondria; membrane,staygold; chilada,,,,224,168,16,0,40,pdqm-82,,,mgco-1,direct_by_clue_map,manual,pdqm-82,rna(mgco-1) > tg(pdqm-82)315,staygold; chilada,rna(mitochondria) > membrane,rna(staygold) > chilada
Aang_Foundation/20251002_mem_mito/fish5_24hpf_roi3,manual_3,rna(mgco-1) > tg(pdqm-82)315,rna(mStayGold-2Xcox8A(N)) > tdmChilada-2xLynk(N),rna(mStayGold-mitochondria) > tdmChilada-membrane,mitochondria; membrane,staygold; chilada,,,,224,168,16,0,40,pdqm-82,,,mgco-1,direct_by_clue_map,manual,pdqm-82,rna(mgco-1) > tg(pdqm-82)315,staygold; chilada,rna(mitochondria) > membrane,rna(staygold) > chilada
Aang_Foundation/20251002_mem_mito/fish6_24hpf_roi1,manual_3,rna(mgco-1) > tg(pdqm-82)315,rna(mStayGold-2Xcox8A(N)) > tdmChilada-2xLynk(N),rna(mStayGold-mitochondria) > tdmChilada-membrane,mitochondria; membrane,staygold; chilada,,,,482,421,24,0,37,pdqm-82,,,mgco-1,direct_by_clue_map,manual,pdqm-82,rna(mgco-1) > tg(pdqm-82)315,staygold; chilada,rna(mitochondria) > membrane,rna(staygold) > chilada
Aang_Foundation/20251002_mem_mito/fish6_24hpf_roi2,manual_3,rna(mgco-1) > tg(pdqm-82)315,rna(mStayGold-2Xcox8A(N)) > tdmChilada-2xLynk(N),rna(mStayGold-mitochondria) > tdmChilada-membrane,mitochondria; membrane,staygold; chilada,,,,480,420,24,0,36,pdqm-82,,,mgco-1,direct_by_clue_map,manual,pdqm-82,rna(mgco-1) > tg(pdqm-82)315,staygold; chilada,rna(mitochondria) > membrane,rna(staygold) > chilada
Aang_Foundation/20251002_mem_mito/fish6_24hpf_roi3,manual_3,rna(mgco-1) > tg(pdqm-82)315,rna(mStayGold-2Xcox8A(N)) > tdmChilada-2xLynk(N),rna(mStayGold-mitochondria) > tdmChilada-membrane,mitochondria; membrane,staygold; chilada,,,,304,257,14,0,33,pdqm-82,,,mgco-1,direct_by_clue_map,manual,pdqm-82,rna(mgco-1) > tg(pdqm-82)315,staygold; chilada,rna(mitochondria) > membrane,rna(staygold) > chilada
Aang_Foundation/20251002_mem_mito/fish7_24hpf_roi1,manual_3,rna(mgco-1) > tg(pdqm-82)315,rna(mStayGold-2Xcox8A(N)) > tdmChilada-2xLynk(N),rna(mStayGold-mitochondria) > tdmChilada-membrane,mitochondria; membrane,staygold; chilada,,,,338,289,16,0,33,pdqm-82,,,mgco-1,direct_by_clue_map,manual,pdqm-82,rna(mgco-1) > tg(pdqm-82)315,staygold; chilada,rna(mitochondria) > membrane,rna(staygold) > chilada
Aang_Foundation/20251002_mem_mito/fish7_24hpf_roi2,manual_3,rna(mgco-1) > tg(pdqm-82)315,rna(mStayGold-2Xcox8A(N)) > tdmChilada-2xLynk(N),rna(mStayGold-mitochondria) > tdmChilada-membrane,mitochondria; membrane,staygold; chilada,,,,336,288,16,0,32,pdqm-82,,,mgco-1,direct_by_clue_map,manual,pdqm-82,rna(mgco-1) > tg(pdqm-82)315,staygold; chilada,rna(mitochondria) > membrane,rna(staygold) > chilada
Aang_Foundation/20251002_mem_mito/fish8_24hpf_roi1,manual_3,rna(mgco-1) > tg(pdqm-82)315,rna(mStayGold-2Xcox8A(N)) > tdmChilada-2xLynk(N),rna(mStayGold-mitochondria) > tdmChilada-membrane,mitochondria; membrane,staygold; chilada,,,,342,291,16,0,35,pdqm-82,,,mgco-1,direct_by_clue_map,manual,pdqm-82,rna(mgco-1) > tg(pdqm-82)315,staygold; chilada,rna(mitochondria) > membrane,rna(staygold) > chilada
Aang_Foundation/20251002_mem_mito/fish8_24hpf_roi2,manual_3,rna(mgco-1) > tg(pdqm-82)315,rna(mStayGold-2Xcox8A(N)) > tdmChilada-2xLynk(N),rna(mStayGold-mitochondria) > tdmChilada-membrane,mitochondria; membrane,staygold; chilada,,,,346,293,16,0,37,pdqm-82,,,mgco-1,direct_by_clue_map,manual,pdqm-82,rna(mgco-1) > tg(pdqm-82)315,staygold; chilada,rna(mitochondria) > membrane,rna(staygold) > chilada
Aang_Foundation/20251002_mem_mito/fish9_24hpf_roi1,manual_3,rna(mgco-1) > tg(pdqm-82)315,rna(mStayGold-2Xcox8A(N)) > tdmChilada-2xLynk(N),rna(mStayGold-mitochondria) > tdmChilada-membrane,mitochondria; membrane,staygold; chilada,,,,506,433,24,0,49,pdqm-82,,,mgco-1,direct_by_clue_map,manual,pdqm-82,rna(mgco-1) > tg(pdqm-82)315,staygold; chilada,rna(mitochondria) > membrane,rna(staygold) > chilada
Aang_Foundation/20251002_mem_mito/fish9_24hpf_roi2,manual_3,rna(mgco-1) > tg(pdqm-82)315,rna(mStayGold-2Xcox8A(N)) > tdmChilada-2xLynk(N),rna(mStayGold-mitochondria) > tdmChilada-membrane,mitochondria; membrane,staygold; chilada,,,,504,432,24,0,48,pdqm-82,,,mgco-1,direct_by_clue_map,manual,pdqm-82,rna(mgco-1) > tg(pdqm-82)315,staygold; chilada,rna(mitochondria) > membrane,rna(staygold) > chilada
Aang_Foundation/20251006_mem_histone/fish1_24hpf_roi1,manual_2,tg(pdqm-5)301; tg(pdqm-133)324,tdmSG-2xLynk(N); tdmScarlet3-H2B(C),tdmSG-membrane; tdmScarlet3-histone,membrane; histone,sg; scarlet3,,,,1454,727,640,0,87,pdqm-5(301),pdqm-133(324),,,direct_by_clue_map,manual,pdqm-5(301); pdqm-133(324),tg(pdqm-5)301; tg(pdqm-133)324,sg; scarlet3,membrane; histone,sg; scarlet3
Aang_Foundation/20251006_mem_histone/fish1_24hpf_roi2,manual_2,tg(pdqm-5)301; tg(pdqm-133)324,tdmSG-2xLynk(N); tdmScarlet3-H2B(C),tdmSG-membrane; tdmScarlet3-histone,membrane; histone,sg; scarlet3,,,,1460,730,640,0,90,pdqm-5(301),pdqm-133(324),,,direct_by_clue_map,manual,pdqm-5(301); pdqm-133(324),tg(pdqm-5)301; tg(pdqm-133)324,sg; scarlet3,membrane; histone,sg; scarlet3
Aang_Foundation/20251006_mem_histone/fish1_24hpf_roi3,manual_2,tg(pdqm-5)301; tg(pdqm-133)324,tdmSG-2xLynk(N); tdmScarlet3-H2B(C),tdmSG-membrane; tdmScarlet3-histone,membrane; histone,sg; scarlet3,,,,1452,726,640,0,86,pdqm-5(301),pdqm-133(324),,,direct_by_clue_map,manual,pdqm-5(301); pdqm-133(324),tg(pdqm-5)301; tg(pdqm-133)324,sg; scarlet3,membrane; histone,sg; scarlet3
Aang_Foundation/20251006_mem_histone/fish1_24hpf_roi4,manual_2,tg(pdqm-5)301; tg(pdqm-133)324,tdmSG-2xLynk(N); tdmScarlet3-H2B(C),tdmSG-membrane; tdmScarlet3-histone,membrane; histone,sg; scarlet3,,,,1458,729,640,0,89,pdqm-5(301),pdqm-133(324),,,direct_by_clue_map,manual,pdqm-5(301); pdqm-133(324),tg(pdqm-5)301; tg(pdqm-133)324,sg; scarlet3,membrane; histone,sg; scarlet3
Aang_Foundation/20251006_mem_histone/fish3_24hpf_roi1,manual_2,tg(pdqm-5)301; tg(pdqm-133)324,tdmSG-2xLynk(N); tdmScarlet3-H2B(C),tdmSG-membrane; tdmScarlet3-histone,membrane; histone,sg; scarlet3,,,,1164,582,512,0,70,pdqm-5(301),pdqm-133(324),,,direct_by_clue_map,manual,pdqm-5(301); pdqm-133(324),tg(pdqm-5)301; tg(pdqm-133)324,sg; scarlet3,membrane; histone,sg; scarlet3
Aang_Foundation/20251006_mem_histone/fish3_24hpf_roi2,manual_2,tg(pdqm-5)301; tg(pdqm-133)324,tdmSG-2xLynk(N); tdmScarlet3-H2B(C),tdmSG-membrane; tdmScarlet3-histone,membrane; histone,sg; scarlet3,,,,1174,587,512,0,75,pdqm-5(301),pdqm-133(324),,,direct_by_clue_map,manual,pdqm-5(301); pdqm-133(324),tg(pdqm-5)301; tg(pdqm-133)324,sg; scarlet3,membrane; histone,sg; scarlet3
Aang_Foundation/20251006_mem_histone/fish4_24hpf_roi1,manual_2,tg(pdqm-5)301; tg(pdqm-133)324,tdmSG-2xLynk(N); tdmScarlet3-H2B(C),tdmSG-membrane; tdmScarlet3-histone,membrane; histone,sg; scarlet3,,,,1208,604,512,0,92,pdqm-5(301),pdqm-133(324),,,direct_by_clue_map,manual,pdqm-5(301); pdqm-133(324),tg(pdqm-5)301; tg(pdqm-133)324,sg; scarlet3,membrane; histone,sg; scarlet3
Aang_Foundation/20251006_mem_histone/fish4_24hpf_roi2,manual_2,tg(pdqm-5)301; tg(pdqm-133)324,tdmSG-2xLynk(N); tdmScarlet3-H2B(C),tdmSG-membrane; tdmScarlet3-histone,membrane; histone,sg; scarlet3,,,,1216,608,512,0,96,pdqm-5(301),pdqm-133(324),,,direct_by_clue_map,manual,pdqm-5(301); pdqm-133(324),tg(pdqm-5)301; tg(pdqm-133)324,sg; scarlet3,membrane; histone,sg; scarlet3
Aang_Foundation/20251006_mem_histone/fish4_24hpf_roi3,manual_2,tg(pdqm-5)301; tg(pdqm-133)324,tdmSG-2xLynk(N); tdmScarlet3-H2B(C),tdmSG-membrane; tdmScarlet3-histone,membrane; histone,sg; scarlet3,,,,1216,608,512,0,96,pdqm-5(301),pdqm-133(324),,,direct_by_clue_map,manual,pdqm-5(301); pdqm-133(324),tg(pdqm-5)301; tg(pdqm-133)324,sg; scarlet3,membrane; histone,sg; scarlet3
Aang_Foundation/20251006_mem_histone/fish6_24hpf_roi1,manual_2,tg(pdqm-5)301; tg(pdqm-133)324,tdmSG-2xLynk(N); tdmScarlet3-H2B(C),tdmSG-membrane; tdmScarlet3-histone,membrane; histone,sg; scarlet3,,,,1216,608,512,0,96,pdqm-5(301),pdqm-133(324),,,direct_by_clue_map,manual,pdqm-5(301); pdqm-133(324),tg(pdqm-5)301; tg(pdqm-133)324,sg; scarlet3,membrane; histone,sg; scarlet3
Aang_Foundation/20251006_mem_histone/fish6_24hpf_roi2,manual_2,tg(pdqm-5)301; tg(pdqm-133)324,tdmSG-2xLynk(N); tdmScarlet3-H2B(C),tdmSG-membrane; tdmScarlet3-histone,membrane; histone,sg; scarlet3,,,,1216,608,512,0,96,pdqm-5(301),pdqm-133(324),,,direct_by_clue_map,manual,pdqm-5(301); pdqm-133(324),tg(pdqm-5)301; tg(pdqm-133)324,sg; scarlet3,membrane; histone,sg; scarlet3
Aang_Foundation/20251007_mem_histone/fish2_48hpf_roi1,manual_2,tg(pdqm-5)301; tg(pdqm-133)324,tdmSG-2xLynk(N); tdmScarlet3-H2B(C),tdmSG-membrane; tdmScarlet3-histone,membrane; histone,sg; scarlet3,,,,1255,628,512,0,115,pdqm-5(301),pdqm-133(324),,,direct_by_clue_map,manual,pdqm-5(301); pdqm-133(324),tg(pdqm-5)301; tg(pdqm-133)324,sg; scarlet3,membrane; histone,sg; scarlet3
Aang_Foundation/20251007_mem_histone/fish2_48hpf_roi2,manual_2,tg(pdqm-5)301; tg(pdqm-133)324,tdmSG-2xLynk(N); tdmScarlet3-H2B(C),tdmSG-membrane; tdmScarlet3-histone,membrane; histone,sg; scarlet3,,,,58,29,23,0,6,pdqm-5(301),pdqm-133(324),,,direct_by_clue_map,manual,pdqm-5(301); pdqm-133(324),tg(pdqm-5)301; tg(pdqm-133)324,sg; scarlet3,membrane; histone,sg; scarlet3
Aang_Foundation/20251007_mem_histone/fish2_48hpf_roi3,manual_2,tg(pdqm-5)301; tg(pdqm-133)324,tdmSG-2xLynk(N); tdmScarlet3-H2B(C),tdmSG-membrane; tdmScarlet3-histone,membrane; histone,sg; scarlet3,,,,1192,596,512,0,84,pdqm-5(301),pdqm-133(324),,,direct_by_clue_map,manual,pdqm-5(301); pdqm-133(324),tg(pdqm-5)301; tg(pdqm-133)324,sg; scarlet3,membrane; histone,sg; scarlet3
Aang_Foundation/20251007_mem_histone/fish2_48hpf_roi4,manual_2,tg(pdqm-5)301; tg(pdqm-133)324,tdmSG-2xLynk(N); tdmScarlet3-H2B(C),tdmSG-membrane; tdmScarlet3-histone,membrane; histone,sg; scarlet3,,,,1194,597,512,0,85,pdqm-5(301),pdqm-133(324),,,direct_by_clue_map,manual,pdqm-5(301); pdqm-133(324),tg(pdqm-5)301; tg(pdqm-133)324,sg; scarlet3,membrane; histone,sg; scarlet3
Aang_Foundation/20251007_mem_histone/fish2_48hpf_roi5,manual_2,tg(pdqm-5)301; tg(pdqm-133)324,tdmSG-2xLynk(N); tdmScarlet3-H2B(C),tdmSG-membrane; tdmScarlet3-histone,membrane; histone,sg; scarlet3,,,,1200,600,512,0,88,pdqm-5(301),pdqm-133(324),,,direct_by_clue_map,manual,pdqm-5(301); pdqm-133(324),tg(pdqm-5)301; tg(pdqm-133)324,sg; scarlet3,membrane; histone,sg; scarlet3
Aang_Foundation/20251007_mem_histone/fish3_48hpf_roi1,manual_2,tg(pdqm-5)301; tg(pdqm-133)324,tdmSG-2xLynk(N); tdmScarlet3-H2B(C),tdmSG-membrane; tdmScarlet3-histone,membrane; histone,sg; scarlet3,,,,1196,598,512,0,86,pdqm-5(301),pdqm-133(324),,,direct_by_clue_map,manual,pdqm-5(301); pdqm-133(324),tg(pdqm-5)301; tg(pdqm-133)324,sg; scarlet3,membrane; histone,sg; scarlet3
Aang_Foundation/20251009_mem-mito/fish3_48hpf_roi1,manual_3,rna(mgco-1) > tg(pdqm-82)315,rna(mStayGold-2Xcox8A(N)) > tdmChilada-2xLynk(N),rna(mStayGold-mitochondria) > tdmChilada-membrane,mitochondria; membrane,staygold; chilada,,,,354,297,16,0,41,pdqm-82,,,mgco-1,direct_by_clue_map,manual,pdqm-82,rna(mgco-1) > tg(pdqm-82)315,staygold; chilada,rna(mitochondria) > membrane,rna(staygold) > chilada
Aang_Foundation/20251009_mem-mito/fish3_48hpf_roi2,manual_3,rna(mgco-1) > tg(pdqm-82)315,rna(mStayGold-2Xcox8A(N)) > tdmChilada-2xLynk(N),rna(mStayGold-mitochondria) > tdmChilada-membrane,mitochondria; membrane,staygold; chilada,,,,498,429,24,0,45,pdqm-82,,,mgco-1,direct_by_clue_map,manual,pdqm-82,rna(mgco-1) > tg(pdqm-82)315,staygold; chilada,rna(mitochondria) > membrane,rna(staygold) > chilada
Aang_Foundation/20251009_mem-mito/fish3_48hpf_roi3,manual_3,rna(mgco-1) > tg(pdqm-82)315,rna(mStayGold-2Xcox8A(N)) > tdmChilada-2xLynk(N),rna(mStayGold-mitochondria) > tdmChilada-membrane,mitochondria; membrane,staygold; chilada,,,,498,429,24,0,45,pdqm-82,,,mgco-1,direct_by_clue_map,manual,pdqm-82,rna(mgco-1) > tg(pdqm-82)315,staygold; chilada,rna(mitochondria) > membrane,rna(staygold) > chilada
Aang_Foundation/20251009_mem-mito/fish3_48hpf_roi4,manual_3,rna(mgco-1) > tg(pdqm-82)315,rna(mStayGold-2Xcox8A(N)) > tdmChilada-2xLynk(N),rna(mStayGold-mitochondria) > tdmChilada-membrane,mitochondria; membrane,staygold; chilada,,,,500,430,24,0,46,pdqm-82,,,mgco-1,direct_by_clue_map,manual,pdqm-82,rna(mgco-1) > tg(pdqm-82)315,staygold; chilada,rna(mitochondria) > membrane,rna(staygold) > chilada
Aang_Foundation/20251010_mem-mito/fish1_24hpf_roi1,direct_79,plasmid(mgco-28) > tg(pdqm-82)315,plasmid(mStayGold-2Xcox8A(N)) > tdmChilada-2xLynk(N),plasmid(mStayGold-mitochondria) > tdmChilada-membrane,mitochondria; membrane,staygold; chilada,DH,10/8/25,,1412,706,512,0,194,pdqm-82(315),,mgco-28,,direct,direct,pdqm-82(315),plasmid(mgco-28) > tg(pdqm-82)315,staygold; chilada,plasmid(mitochondria) > membrane,plasmid(staygold) > chilada
Aang_Foundation/20251010_mem-mito/fish1_24hpf_roi2,direct_79,plasmid(mgco-28) > tg(pdqm-82)315,plasmid(mStayGold-2Xcox8A(N)) > tdmChilada-2xLynk(N),plasmid(mStayGold-mitochondria) > tdmChilada-membrane,mitochondria; membrane,staygold; chilada,DH,10/8/25,,1174,587,512,0,75,pdqm-82(315),,mgco-28,,direct,direct,pdqm-82(315),plasmid(mgco-28) > tg(pdqm-82)315,staygold; chilada,plasmid(mitochondria) > membrane,plasmid(staygold) > chilada
Aang_Foundation/20251010_mem-mito/fish2_24hpf_roi1,direct_79,plasmid(mgco-28) > tg(pdqm-82)315,plasmid(mStayGold-2Xcox8A(N)) > tdmChilada-2xLynk(N),plasmid(mStayGold-mitochondria) > tdmChilada-membrane,mitochondria; membrane,staygold; chilada,DH,10/8/25,,4820,2410,2304,0,106,pdqm-82(315),,mgco-28,,direct,direct,pdqm-82(315),plasmid(mgco-28) > tg(pdqm-82)315,staygold; chilada,plasmid(mitochondria) > membrane,plasmid(staygold) > chilada
Aang_Foundation/20251010_mem-mito/fish2_24hpf_roi2,direct_79,plasmid(mgco-28) > tg(pdqm-82)315,plasmid(mStayGold-2Xcox8A(N)) > tdmChilada-2xLynk(N),plasmid(mStayGold-mitochondria) > tdmChilada-membrane,mitochondria; membrane,staygold; chilada,DH,10/8/25,,4856,2428,2304,0,124,pdqm-82(315),,mgco-28,,direct,direct,pdqm-82(315),plasmid(mgco-28) > tg(pdqm-82)315,staygold; chilada,plasmid(mitochondria) > membrane,plasmid(staygold) > chilada
Aang_Foundation/20251010_mem-mito/fish3_24hpf_roi1,direct_79,plasmid(mgco-28) > tg(pdqm-82)315,plasmid(mStayGold-2Xcox8A(N)) > tdmChilada-2xLynk(N),plasmid(mStayGold-mitochondria) > tdmChilada-membrane,mitochondria; membrane,staygold; chilada,DH,10/8/25,,4828,2414,2304,0,110,pdqm-82(315),,mgco-28,,direct,direct,pdqm-82(315),plasmid(mgco-28) > tg(pdqm-82)315,staygold; chilada,plasmid(mitochondria) > membrane,plasmid(staygold) > chilada
Aang_Foundation/20251010_mem-mito/fish3_24hpf_roi2,direct_79,plasmid(mgco-28) > tg(pdqm-82)315,plasmid(mStayGold-2Xcox8A(N)) > tdmChilada-2xLynk(N),plasmid(mStayGold-mitochondria) > tdmChilada-membrane,mitochondria; membrane,staygold; chilada,DH,10/8/25,,4880,2440,2304,0,136,pdqm-82(315),,mgco-28,,direct,direct,pdqm-82(315),plasmid(mgco-28) > tg(pdqm-82)315,staygold; chilada,plasmid(mitochondria) > membrane,plasmid(staygold) > chilada
Aang_Foundation/20251010_mem-mito/fish4_24hpf_roi1,direct_79,plasmid(mgco-28) > tg(pdqm-82)315,plasmid(mStayGold-2Xcox8A(N)) > tdmChilada-2xLynk(N),plasmid(mStayGold-mitochondria) > tdmChilada-membrane,mitochondria; membrane,staygold; chilada,DH,10/8/25,,4880,2440,2304,0,136,pdqm-82(315),,mgco-28,,direct,direct,pdqm-82(315),plasmid(mgco-28) > tg(pdqm-82)315,staygold; chilada,plasmid(mitochondria) > membrane,plasmid(staygold) > chilada
Aang_Foundation/20251010_mem-mito/fish4_24hpf_roi2,direct_79,plasmid(mgco-28) > tg(pdqm-82)315,plasmid(mStayGold-2Xcox8A(N)) > tdmChilada-2xLynk(N),plasmid(mStayGold-mitochondria) > tdmChilada-membrane,mitochondria; membrane,staygold; chilada,DH,10/8/25,,4890,2445,2304,0,141,pdqm-82(315),,mgco-28,,direct,direct,pdqm-82(315),plasmid(mgco-28) > tg(pdqm-82)315,staygold; chilada,plasmid(mitochondria) > membrane,plasmid(staygold) > chilada
Aang_Foundation/20251010_mem-mito/fish5_24hpf_roi1,direct_79,plasmid(mgco-28) > tg(pdqm-82)315,plasmid(mStayGold-2Xcox8A(N)) > tdmChilada-2xLynk(N),plasmid(mStayGold-mitochondria) > tdmChilada-membrane,mitochondria; membrane,staygold; chilada,DH,10/8/25,,4880,2440,2304,0,136,pdqm-82(315),,mgco-28,,direct,direct,pdqm-82(315),plasmid(mgco-28) > tg(pdqm-82)315,staygold; chilada,plasmid(mitochondria) > membrane,plasmid(staygold) > chilada
Aang_Foundation/20251010_mem-mito/fish5_24hpf_roi2,direct_79,plasmid(mgco-28) > tg(pdqm-82)315,plasmid(mStayGold-2Xcox8A(N)) > tdmChilada-2xLynk(N),plasmid(mStayGold-mitochondria) > tdmChilada-membrane,mitochondria; membrane,staygold; chilada,DH,10/8/25,,4862,2431,2304,0,127,pdqm-82(315),,mgco-28,,direct,direct,pdqm-82(315),plasmid(mgco-28) > tg(pdqm-82)315,staygold; chilada,plasmid(mitochondria) > membrane,plasmid(staygold) > chilada
Aang_Foundation/20251010_mem-mito/fish6_24hpf_roi1,direct_79,plasmid(mgco-28) > tg(pdqm-82)315,plasmid(mStayGold-2Xcox8A(N)) > tdmChilada-2xLynk(N),plasmid(mStayGold-mitochondria) > tdmChilada-membrane,mitochondria; membrane,staygold; chilada,DH,10/8/25,,4864,2432,2304,0,128,pdqm-82(315),,mgco-28,,direct,direct,pdqm-82(315),plasmid(mgco-28) > tg(pdqm-82)315,staygold; chilada,plasmid(mitochondria) > membrane,plasmid(staygold) > chilada
Aang_Foundation/20251010_mem-mito/fish6_24hpf_roi2,direct_79,plasmid(mgco-28) > tg(pdqm-82)315,plasmid(mStayGold-2Xcox8A(N)) > tdmChilada-2xLynk(N),plasmid(mStayGold-mitochondria) > tdmChilada-membrane,mitochondria; membrane,staygold; chilada,DH,10/8/25,,4860,2430,2304,0,126,pdqm-82(315),,mgco-28,,direct,direct,pdqm-82(315),plasmid(mgco-28) > tg(pdqm-82)315,staygold; chilada,plasmid(mitochondria) > membrane,plasmid(staygold) > chilada
Aang_Foundation/20251013_mem-histone/fish1_96hpf_roi1,direct_75,tg(pdqm-5)301; tg(pdqm-133)324,tdmSG-2xLynk(N); tdmScarlet3-H2B(C),tdmSG-membrane; tdmScarlet3-histone,membrane; histone,sg; scarlet3,DH,10/9/25,,4896,2448,2304,0,144,pdqm-5(301),pdqm-133(324),,,direct,direct,pdqm-5(301); pdqm-133(324),tg(pdqm-5)301; tg(pdqm-133)324,sg; scarlet3,membrane; histone,sg; scarlet3
Aang_Foundation/20251013_mem-histone/fish1_96hpf_roi3,direct_75,tg(pdqm-5)301; tg(pdqm-133)324,tdmSG-2xLynk(N); tdmScarlet3-H2B(C),tdmSG-membrane; tdmScarlet3-histone,membrane; histone,sg; scarlet3,DH,10/9/25,,4894,2447,2304,0,143,pdqm-5(301),pdqm-133(324),,,direct,direct,pdqm-5(301); pdqm-133(324),tg(pdqm-5)301; tg(pdqm-133)324,sg; scarlet3,membrane; histone,sg; scarlet3
Aang_Foundation/20251013_mem-histone/fish3_96hpf_roi1,direct_75,tg(pdqm-5)301; tg(pdqm-133)324,tdmSG-2xLynk(N); tdmScarlet3-H2B(C),tdmSG-membrane; tdmScarlet3-histone,membrane; histone,sg; scarlet3,DH,10/9/25,,4896,2448,2304,0,144,pdqm-5(301),pdqm-133(324),,,direct,direct,pdqm-5(301); pdqm-133(324),tg(pdqm-5)301; tg(pdqm-133)324,sg; scarlet3,membrane; histone,sg; scarlet3
Aang_Foundation/20251013_mem-histone/fish3_96hpf_roi2,direct_75,tg(pdqm-5)301; tg(pdqm-133)324,tdmSG-2xLynk(N); tdmScarlet3-H2B(C),tdmSG-membrane; tdmScarlet3-histone,membrane; histone,sg; scarlet3,DH,10/9/25,,4896,2448,2304,0,144,pdqm-5(301),pdqm-133(324),,,direct,direct,pdqm-5(301); pdqm-133(324),tg(pdqm-5)301; tg(pdqm-133)324,sg; scarlet3,membrane; histone,sg; scarlet3
Aang_Foundation/20251013_mem-histone/fish3_96hpf_roi3,direct_75,tg(pdqm-5)301; tg(pdqm-133)324,tdmSG-2xLynk(N); tdmScarlet3-H2B(C),tdmSG-membrane; tdmScarlet3-histone,membrane; histone,sg; scarlet3,DH,10/9/25,,4896,2448,2304,0,144,pdqm-5(301),pdqm-133(324),,,direct,direct,pdqm-5(301); pdqm-133(324),tg(pdqm-5)301; tg(pdqm-133)324,sg; scarlet3,membrane; histone,sg; scarlet3
Aang_Foundation/20251013_mem-histone/fish3_96hpf_roi4,direct_75,tg(pdqm-5)301; tg(pdqm-133)324,tdmSG-2xLynk(N); tdmScarlet3-H2B(C),tdmSG-membrane; tdmScarlet3-histone,membrane; histone,sg; scarlet3,DH,10/9/25,,4894,2447,2304,0,143,pdqm-5(301),pdqm-133(324),,,direct,direct,pdqm-5(301); pdqm-133(324),tg(pdqm-5)301; tg(pdqm-133)324,sg; scarlet3,membrane; histone,sg; scarlet3
Aang_Foundation/20251015_mem-histone/fish1_48hpf_roi1,direct_73,tg(pdqm-5)302; tg(pdqm-133)324,tdmSG-2xLynk(N); tdmScarlet3-H2B(C),tdmSG-membrane; tdmScarlet3-histone,membrane; histone,sg; scarlet3,DH,10/13/25,,4896,2448,2304,0,144,pdqm-5(302),pdqm-133(324),,,direct,direct,pdqm-5(302); pdqm-133(324),tg(pdqm-5)302; tg(pdqm-133)324,sg; scarlet3,membrane; histone,sg; scarlet3
Aang_Foundation/20251015_mem-histone/fish1_48hpf_roi2,direct_73,tg(pdqm-5)302; tg(pdqm-133)324,tdmSG-2xLynk(N); tdmScarlet3-H2B(C),tdmSG-membrane; tdmScarlet3-histone,membrane; histone,sg; scarlet3,DH,10/13/25,,4896,2448,2304,0,144,pdqm-5(302),pdqm-133(324),,,direct,direct,pdqm-5(302); pdqm-133(324),tg(pdqm-5)302; tg(pdqm-133)324,sg; scarlet3,membrane; histone,sg; scarlet3
Aang_Foundation/20251015_mem-histone/fish1_48hpf_roi3,direct_73,tg(pdqm-5)302; tg(pdqm-133)324,tdmSG-2xLynk(N); tdmScarlet3-H2B(C),tdmSG-membrane; tdmScarlet3-histone,membrane; histone,sg; scarlet3,DH,10/13/25,,4896,2448,2304,0,144,pdqm-5(302),pdqm-133(324),,,direct,direct,pdqm-5(302); pdqm-133(324),tg(pdqm-5)302; tg(pdqm-133)324,sg; scarlet3,membrane; histone,sg; scarlet3
Aang_Foundation/20251015_mem-histone/fish2_48hpf_roi1,direct_73,tg(pdqm-5)302; tg(pdqm-133)324,tdmSG-2xLynk(N); tdmScarlet3-H2B(C),tdmSG-membrane; tdmScarlet3-histone,membrane; histone,sg; scarlet3,DH,10/13/25,,4896,2448,2304,0,144,pdqm-5(302),pdqm-133(324),,,direct,direct,pdqm-5(302); pdqm-133(324),tg(pdqm-5)302; tg(pdqm-133)324,sg; scarlet3,membrane; histone,sg; scarlet3
Aang_Foundation/20251015_mem-histone/fish3_48hpf_roi1,direct_73,tg(pdqm-5)302; tg(pdqm-133)324,tdmSG-2xLynk(N); tdmScarlet3-H2B(C),tdmSG-membrane; tdmScarlet3-histone,membrane; histone,sg; scarlet3,DH,10/13/25,,4896,2448,2304,0,144,pdqm-5(302),pdqm-133(324),,,direct,direct,pdqm-5(302); pdqm-133(324),tg(pdqm-5)302; tg(pdqm-133)324,sg; scarlet3,membrane; histone,sg; scarlet3
Aang_Foundation/20251015_mem-histone/fish3_48hpf_roi2,direct_73,tg(pdqm-5)302; tg(pdqm-133)324,tdmSG-2xLynk(N); tdmScarlet3-H2B(C),tdmSG-membrane; tdmScarlet3-histone,membrane; histone,sg; scarlet3,DH,10/13/25,,4894,2447,2304,0,143,pdqm-5(302),pdqm-133(324),,,direct,direct,pdqm-5(302); pdqm-133(324),tg(pdqm-5)302; tg(pdqm-133)324,sg; scarlet3,membrane; histone,sg; scarlet3
Aang_Foundation/20251015_mem-histone/fish4_48hpf_roi1,direct_73,tg(pdqm-5)302; tg(pdqm-133)324,tdmSG-2xLynk(N); tdmScarlet3-H2B(C),tdmSG-membrane; tdmScarlet3-histone,membrane; histone,sg; scarlet3,DH,10/13/25,,4896,2448,2304,0,144,pdqm-5(302),pdqm-133(324),,,direct,direct,pdqm-5(302); pdqm-133(324),tg(pdqm-5)302; tg(pdqm-133)324,sg; scarlet3,membrane; histone,sg; scarlet3
Aang_Foundation/20251015_mem-histone/fish4_48hpf_roi2,direct_73,tg(pdqm-5)302; tg(pdqm-133)324,tdmSG-2xLynk(N); tdmScarlet3-H2B(C),tdmSG-membrane; tdmScarlet3-histone,membrane; histone,sg; scarlet3,DH,10/13/25,,4896,2448,2304,0,144,pdqm-5(302),pdqm-133(324),,,direct,direct,pdqm-5(302); pdqm-133(324),tg(pdqm-5)302; tg(pdqm-133)324,sg; scarlet3,membrane; histone,sg; scarlet3
Aang_Foundation/20251015_mem-histone/fish4_48hpf_roi3,direct_73,tg(pdqm-5)302; tg(pdqm-133)324,tdmSG-2xLynk(N); tdmScarlet3-H2B(C),tdmSG-membrane; tdmScarlet3-histone,membrane; histone,sg; scarlet3,DH,10/13/25,,4896,2448,2304,0,144,pdqm-5(302),pdqm-133(324),,,direct,direct,pdqm-5(302); pdqm-133(324),tg(pdqm-5)302; tg(pdqm-133)324,sg; scarlet3,membrane; histone,sg; scarlet3
Aang_Foundation/20251015_mem-histone/fish5_48hpf_roi1,direct_73,tg(pdqm-5)302; tg(pdqm-133)324,tdmSG-2xLynk(N); tdmScarlet3-H2B(C),tdmSG-membrane; tdmScarlet3-histone,membrane; histone,sg; scarlet3,DH,10/13/25,,4896,2448,2304,0,144,pdqm-5(302),pdqm-133(324),,,direct,direct,pdqm-5(302); pdqm-133(324),tg(pdqm-5)302; tg(pdqm-133)324,sg; scarlet3,membrane; histone,sg; scarlet3
Aang_Foundation/20251015_mem-histone/fish6_48hpf_roi1,direct_73,tg(pdqm-5)302; tg(pdqm-133)324,tdmSG-2xLynk(N); tdmScarlet3-H2B(C),tdmSG-membrane; tdmScarlet3-histone,membrane; histone,sg; scarlet3,DH,10/13/25,,4896,2448,2304,0,144,pdqm-5(302),pdqm-133(324),,,direct,direct,pdqm-5(302); pdqm-133(324),tg(pdqm-5)302; tg(pdqm-133)324,sg; scarlet3,membrane; histone,sg; scarlet3
Aang_Foundation/20251016_mem-mito/fish1_72hpf_roi1,direct_74,tg(pdqm-82)315,tdmChilada-2xLynk(N),tdmChilada-membrane,membrane,chilada,DH,10/13/25,,368,304,16,0,48,pdqm-82(315),,,,direct,direct,pdqm-82(315),tg(pdqm-82)315,chilada,membrane,chilada
Aang_Foundation/20251016_mem-mito_v2/fish1_72hpf_roi1,direct_71,plasmid(mgco-28) > tg(pdqm-82)315,plasmid(mStayGold-2Xcox8A(N)) > tdmChilada-2xLynk(N),plasmid(mStayGold-mitochondria) > tdmChilada-membrane,mitochondria; membrane,staygold; chilada,DH,10/8/25,,368,304,16,0,48,pdqm-82(315),,mgco-28,,direct,direct,pdqm-82(315),plasmid(mgco-28) > tg(pdqm-82)315,staygold; chilada,plasmid(mitochondria) > membrane,plasmid(staygold) > chilada
Aang_Foundation/20251016_mem-mito_v2/fish1_72hpf_roi2,direct_71,plasmid(mgco-28) > tg(pdqm-82)315,plasmid(mStayGold-2Xcox8A(N)) > tdmChilada-2xLynk(N),plasmid(mStayGold-mitochondria) > tdmChilada-membrane,mitochondria; membrane,staygold; chilada,DH,10/8/25,,368,304,16,0,48,pdqm-82(315),,mgco-28,,direct,direct,pdqm-82(315),plasmid(mgco-28) > tg(pdqm-82)315,staygold; chilada,plasmid(mitochondria) > membrane,plasmid(staygold) > chilada
Aang_Foundation/20251017_nuclear_envelope/fish1_24hpf_roi1_test,direct_69,plasmid(mgco-54),plasmid(mStayGold-LEMD2(N)),plasmid(mStayGold-Nuclear_Envelope),Nuclear_Envelope,staygold,DH,10/16/25,,104,56,0,0,48,,,mgco-54,,direct,direct,,plasmid(mgco-54),staygold,plasmid(Nuclear_Envelope),plasmid(staygold)
Aang_Foundation/20251017_nuclear_envelope/fish1_24hpf_roi1_test_SIM,direct_69,plasmid(mgco-54),plasmid(mStayGold-LEMD2(N)),plasmid(mStayGold-Nuclear_Envelope),Nuclear_Envelope,staygold,DH,10/16/25,,352,304,0,0,48,,,mgco-54,,direct,direct,,plasmid(mgco-54),staygold,plasmid(Nuclear_Envelope),plasmid(staygold)
Aang_Foundation/20251020_mem-histone/fish1_72hpf_roi1,direct_66,tg(pdqm-5)301; tg(pdqm-133)324,tdmSG-2xLynk(N); tdmScarlet3-H2B(C),tdmSG-membrane; tdmScarlet3-histone,membrane; histone,sg; scarlet3,DH,10/17/25,,3258,1629,1536,0,93,pdqm-5(301),pdqm-133(324),,,direct,direct,pdqm-5(301); pdqm-133(324),tg(pdqm-5)301; tg(pdqm-133)324,sg; scarlet3,membrane; histone,sg; scarlet3
Aang_Foundation/20251020_mem-histone/fish1_72hpf_roi2,direct_66,tg(pdqm-5)301; tg(pdqm-133)324,tdmSG-2xLynk(N); tdmScarlet3-H2B(C),tdmSG-membrane; tdmScarlet3-histone,membrane; histone,sg; scarlet3,DH,10/17/25,,3264,1632,1536,0,96,pdqm-5(301),pdqm-133(324),,,direct,direct,pdqm-5(301); pdqm-133(324),tg(pdqm-5)301; tg(pdqm-133)324,sg; scarlet3,membrane; histone,sg; scarlet3
Aang_Foundation/20251020_mem-histone/fish1_72hpf_roi3,direct_66,tg(pdqm-5)301; tg(pdqm-133)324,tdmSG-2xLynk(N); tdmScarlet3-H2B(C),tdmSG-membrane; tdmScarlet3-histone,membrane; histone,sg; scarlet3,DH,10/17/25,,3216,1608,1536,0,72,pdqm-5(301),pdqm-133(324),,,direct,direct,pdqm-5(301); pdqm-133(324),tg(pdqm-5)301; tg(pdqm-133)324,sg; scarlet3,membrane; histone,sg; scarlet3
Aang_Foundation/20251020_mem-histone/fish1_72hpf_roi4,direct_66,tg(pdqm-5)301; tg(pdqm-133)324,tdmSG-2xLynk(N); tdmScarlet3-H2B(C),tdmSG-membrane; tdmScarlet3-histone,membrane; histone,sg; scarlet3,DH,10/17/25,,3234,1617,1536,0,81,pdqm-5(301),pdqm-133(324),,,direct,direct,pdqm-5(301); pdqm-133(324),tg(pdqm-5)301; tg(pdqm-133)324,sg; scarlet3,membrane; histone,sg; scarlet3
Aang_Foundation/20251020_mem-histone/fish1_72hpf_roi5,direct_66,tg(pdqm-5)301; tg(pdqm-133)324,tdmSG-2xLynk(N); tdmScarlet3-H2B(C),tdmSG-membrane; tdmScarlet3-histone,membrane; histone,sg; scarlet3,DH,10/17/25,,3264,1632,1536,0,96,pdqm-5(301),pdqm-133(324),,,direct,direct,pdqm-5(301); pdqm-133(324),tg(pdqm-5)301; tg(pdqm-133)324,sg; scarlet3,membrane; histone,sg; scarlet3
Aang_Foundation/20251020_mem-histone/fish1_72hpf_roi6,direct_66,tg(pdqm-5)301; tg(pdqm-133)324,tdmSG-2xLynk(N); tdmScarlet3-H2B(C),tdmSG-membrane; tdmScarlet3-histone,membrane; histone,sg; scarlet3,DH,10/17/25,,3232,1616,1536,0,80,pdqm-5(301),pdqm-133(324),,,direct,direct,pdqm-5(301); pdqm-133(324),tg(pdqm-5)301; tg(pdqm-133)324,sg; scarlet3,membrane; histone,sg; scarlet3
Aang_Foundation/20251020_mem-histone/fish1_72hpf_roi7,direct_66,tg(pdqm-5)301; tg(pdqm-133)324,tdmSG-2xLynk(N); tdmScarlet3-H2B(C),tdmSG-membrane; tdmScarlet3-histone,membrane; histone,sg; scarlet3,DH,10/17/25,,3232,1616,1536,0,80,pdqm-5(301),pdqm-133(324),,,direct,direct,pdqm-5(301); pdqm-133(324),tg(pdqm-5)301; tg(pdqm-133)324,sg; scarlet3,membrane; histone,sg; scarlet3
Aang_Foundation/20251020_mem-histone/fish2_72hpf_roi1,direct_66,tg(pdqm-5)301; tg(pdqm-133)324,tdmSG-2xLynk(N); tdmScarlet3-H2B(C),tdmSG-membrane; tdmScarlet3-histone,membrane; histone,sg; scarlet3,DH,10/17/25,,3264,1632,1536,0,96,pdqm-5(301),pdqm-133(324),,,direct,direct,pdqm-5(301); pdqm-133(324),tg(pdqm-5)301; tg(pdqm-133)324,sg; scarlet3,membrane; histone,sg; scarlet3
Aang_Foundation/20251020_mem-histone/fish2_72hpf_roi2,direct_66,tg(pdqm-5)301; tg(pdqm-133)324,tdmSG-2xLynk(N); tdmScarlet3-H2B(C),tdmSG-membrane; tdmScarlet3-histone,membrane; histone,sg; scarlet3,DH,10/17/25,,3254,1627,1536,0,91,pdqm-5(301),pdqm-133(324),,,direct,direct,pdqm-5(301); pdqm-133(324),tg(pdqm-5)301; tg(pdqm-133)324,sg; scarlet3,membrane; histone,sg; scarlet3
Aang_Foundation/20251020_mem-histone/fish3_72hpf_roi1,direct_66,tg(pdqm-5)301; tg(pdqm-133)324,tdmSG-2xLynk(N); tdmScarlet3-H2B(C),tdmSG-membrane; tdmScarlet3-histone,membrane; histone,sg; scarlet3,DH,10/17/25,,3262,1631,1536,0,95,pdqm-5(301),pdqm-133(324),,,direct,direct,pdqm-5(301); pdqm-133(324),tg(pdqm-5)301; tg(pdqm-133)324,sg; scarlet3,membrane; histone,sg; scarlet3
Aang_Foundation/20251020_mem-histone/fish3_72hpf_roi2,direct_66,tg(pdqm-5)301; tg(pdqm-133)324,tdmSG-2xLynk(N); tdmScarlet3-H2B(C),tdmSG-membrane; tdmScarlet3-histone,membrane; histone,sg; scarlet3,DH,10/17/25,,3252,1626,1536,0,90,pdqm-5(301),pdqm-133(324),,,direct,direct,pdqm-5(301); pdqm-133(324),tg(pdqm-5)301; tg(pdqm-133)324,sg; scarlet3,membrane; histone,sg; scarlet3
Aang_Foundation/20251020_mem-histone/fish3_72hpf_roi3,direct_66,tg(pdqm-5)301; tg(pdqm-133)324,tdmSG-2xLynk(N); tdmScarlet3-H2B(C),tdmSG-membrane; tdmScarlet3-histone,membrane; histone,sg; scarlet3,DH,10/17/25,,3244,1622,1536,0,86,pdqm-5(301),pdqm-133(324),,,direct,direct,pdqm-5(301); pdqm-133(324),tg(pdqm-5)301; tg(pdqm-133)324,sg; scarlet3,membrane; histone,sg; scarlet3
Aang_Foundation/20251021_mem-mito/fish1_24hpf_roi1,direct_64,rna(mgco-1) > tg(pdqm-82)315,rna(mStayGold-2Xcox8A(N)) > tdmChilada-2xLynk(N),rna(mStayGold-mitochondria) > tdmChilada-membrane,mitochondria; membrane,staygold; chilada,DH,10/20/25,,736,608,32,0,96,pdqm-82(315),,,mgco-1,direct,direct,pdqm-82(315),rna(mgco-1) > tg(pdqm-82)315,staygold; chilada,rna(mitochondria) > membrane,rna(staygold) > chilada
Aang_Foundation/20251021_mem-mito/fish1_24hpf_roi2,direct_64,rna(mgco-1) > tg(pdqm-82)315,rna(mStayGold-2Xcox8A(N)) > tdmChilada-2xLynk(N),rna(mStayGold-mitochondria) > tdmChilada-membrane,mitochondria; membrane,staygold; chilada,DH,10/20/25,,736,608,32,0,96,pdqm-82(315),,,mgco-1,direct,direct,pdqm-82(315),rna(mgco-1) > tg(pdqm-82)315,staygold; chilada,rna(mitochondria) > membrane,rna(staygold) > chilada
Aang_Foundation/20251021_mem-mito/fish2_24hpf_roi1,direct_64,rna(mgco-1) > tg(pdqm-82)315,rna(mStayGold-2Xcox8A(N)) > tdmChilada-2xLynk(N),rna(mStayGold-mitochondria) > tdmChilada-membrane,mitochondria; membrane,staygold; chilada,DH,10/20/25,,736,608,32,0,96,pdqm-82(315),,,mgco-1,direct,direct,pdqm-82(315),rna(mgco-1) > tg(pdqm-82)315,staygold; chilada,rna(mitochondria) > membrane,rna(staygold) > chilada
Aang_Foundation/20251021_mem-mito/fish2_24hpf_roi2,direct_64,rna(mgco-1) > tg(pdqm-82)315,rna(mStayGold-2Xcox8A(N)) > tdmChilada-2xLynk(N),rna(mStayGold-mitochondria) > tdmChilada-membrane,mitochondria; membrane,staygold; chilada,DH,10/20/25,,736,608,32,0,96,pdqm-82(315),,,mgco-1,direct,direct,pdqm-82(315),rna(mgco-1) > tg(pdqm-82)315,staygold; chilada,rna(mitochondria) > membrane,rna(staygold) > chilada
Aang_Foundation/20251021_mem-mito/fish3_24hpf_roi1,direct_64,rna(mgco-1) > tg(pdqm-82)315,rna(mStayGold-2Xcox8A(N)) > tdmChilada-2xLynk(N),rna(mStayGold-mitochondria) > tdmChilada-membrane,mitochondria; membrane,staygold; chilada,DH,10/20/25,,736,608,32,0,96,pdqm-82(315),,,mgco-1,direct,direct,pdqm-82(315),rna(mgco-1) > tg(pdqm-82)315,staygold; chilada,rna(mitochondria) > membrane,rna(staygold) > chilada
Aang_Foundation/20251021_mem-mito/fish3_24hpf_roi2,direct_64,rna(mgco-1) > tg(pdqm-82)315,rna(mStayGold-2Xcox8A(N)) > tdmChilada-2xLynk(N),rna(mStayGold-mitochondria) > tdmChilada-membrane,mitochondria; membrane,staygold; chilada,DH,10/20/25,,728,604,32,0,92,pdqm-82(315),,,mgco-1,direct,direct,pdqm-82(315),rna(mgco-1) > tg(pdqm-82)315,staygold; chilada,rna(mitochondria) > membrane,rna(staygold) > chilada
Aang_Foundation/20251021_mem-mito/fish4_24hpf_roi1,direct_64,rna(mgco-1) > tg(pdqm-82)315,rna(mStayGold-2Xcox8A(N)) > tdmChilada-2xLynk(N),rna(mStayGold-mitochondria) > tdmChilada-membrane,mitochondria; membrane,staygold; chilada,DH,10/20/25,,736,608,32,0,96,pdqm-82(315),,,mgco-1,direct,direct,pdqm-82(315),rna(mgco-1) > tg(pdqm-82)315,staygold; chilada,rna(mitochondria) > membrane,rna(staygold) > chilada
Aang_Foundation/20251021_mem-mito/fish5_24hpf_roi1,direct_64,rna(mgco-1) > tg(pdqm-82)315,rna(mStayGold-2Xcox8A(N)) > tdmChilada-2xLynk(N),rna(mStayGold-mitochondria) > tdmChilada-membrane,mitochondria; membrane,staygold; chilada,DH,10/20/25,,730,605,32,0,93,pdqm-82(315),,,mgco-1,direct,direct,pdqm-82(315),rna(mgco-1) > tg(pdqm-82)315,staygold; chilada,rna(mitochondria) > membrane,rna(staygold) > chilada
Aang_Foundation/20251021_mem-mito/fish6_24hpf_roi1,direct_64,rna(mgco-1) > tg(pdqm-82)315,rna(mStayGold-2Xcox8A(N)) > tdmChilada-2xLynk(N),rna(mStayGold-mitochondria) > tdmChilada-membrane,mitochondria; membrane,staygold; chilada,DH,10/20/25,,736,608,32,0,96,pdqm-82(315),,,mgco-1,direct,direct,pdqm-82(315),rna(mgco-1) > tg(pdqm-82)315,staygold; chilada,rna(mitochondria) > membrane,rna(staygold) > chilada
Aang_Foundation/20251021_mem-mito/fish6_24hpf_roi2,direct_64,rna(mgco-1) > tg(pdqm-82)315,rna(mStayGold-2Xcox8A(N)) > tdmChilada-2xLynk(N),rna(mStayGold-mitochondria) > tdmChilada-membrane,mitochondria; membrane,staygold; chilada,DH,10/20/25,,736,608,32,0,96,pdqm-82(315),,,mgco-1,direct,direct,pdqm-82(315),rna(mgco-1) > tg(pdqm-82)315,staygold; chilada,rna(mitochondria) > membrane,rna(staygold) > chilada
Aang_Foundation/20251021_mem-mito_v2/fish1_24hpf_roi1,direct_65,rna(mgco-1) > tg(pdqm-136)325,rna(mStayGold-2Xcox8A(N)) > tdmScarlet3-2xLynk(N),rna(mStayGold-mitochondria) > tdmScarlet3-membrane,mitochondria; membrane,staygold; scarlet3,DH,10/20/25,,736,608,32,0,96,,pdqm-136(325),,mgco-1,direct,direct,pdqm-136(325),rna(mgco-1) > tg(pdqm-136)325,staygold; scarlet3,rna(mitochondria) > membrane,rna(staygold) > scarlet3
Aang_Foundation/20251021_mem-mito_v2/fish2_24hpf_roi1,direct_65,rna(mgco-1) > tg(pdqm-136)325,rna(mStayGold-2Xcox8A(N)) > tdmScarlet3-2xLynk(N),rna(mStayGold-mitochondria) > tdmScarlet3-membrane,mitochondria; membrane,staygold; scarlet3,DH,10/20/25,,736,608,32,0,96,,pdqm-136(325),,mgco-1,direct,direct,pdqm-136(325),rna(mgco-1) > tg(pdqm-136)325,staygold; scarlet3,rna(mitochondria) > membrane,rna(staygold) > scarlet3
Aang_Foundation/20251021_mem-mito_v2/fish2_24hpf_roi2,direct_65,rna(mgco-1) > tg(pdqm-136)325,rna(mStayGold-2Xcox8A(N)) > tdmScarlet3-2xLynk(N),rna(mStayGold-mitochondria) > tdmScarlet3-membrane,mitochondria; membrane,staygold; scarlet3,DH,10/20/25,,736,608,32,0,96,,pdqm-136(325),,mgco-1,direct,direct,pdqm-136(325),rna(mgco-1) > tg(pdqm-136)325,staygold; scarlet3,rna(mitochondria) > membrane,rna(staygold) > scarlet3
Aang_Foundation/20251021_mem-mito_v2/fish4_24hpf_roi1,direct_65,rna(mgco-1) > tg(pdqm-136)325,rna(mStayGold-2Xcox8A(N)) > tdmScarlet3-2xLynk(N),rna(mStayGold-mitochondria) > tdmScarlet3-membrane,mitochondria; membrane,staygold; scarlet3,DH,10/20/25,,736,608,32,0,96,,pdqm-136(325),,mgco-1,direct,direct,pdqm-136(325),rna(mgco-1) > tg(pdqm-136)325,staygold; scarlet3,rna(mitochondria) > membrane,rna(staygold) > scarlet3
Aang_Foundation/20251021_mem-mito_v2/fish4_24hpf_roi2,direct_65,rna(mgco-1) > tg(pdqm-136)325,rna(mStayGold-2Xcox8A(N)) > tdmScarlet3-2xLynk(N),rna(mStayGold-mitochondria) > tdmScarlet3-membrane,mitochondria; membrane,staygold; scarlet3,DH,10/20/25,,736,608,32,0,96,,pdqm-136(325),,mgco-1,direct,direct,pdqm-136(325),rna(mgco-1) > tg(pdqm-136)325,staygold; scarlet3,rna(mitochondria) > membrane,rna(staygold) > scarlet3
Aang_Foundation/20251021_mem-mito_v2/fish4_24hpf_roi3,direct_65,rna(mgco-1) > tg(pdqm-136)325,rna(mStayGold-2Xcox8A(N)) > tdmScarlet3-2xLynk(N),rna(mStayGold-mitochondria) > tdmScarlet3-membrane,mitochondria; membrane,staygold; scarlet3,DH,10/20/25,,720,600,32,0,88,,pdqm-136(325),,mgco-1,direct,direct,pdqm-136(325),rna(mgco-1) > tg(pdqm-136)325,staygold; scarlet3,rna(mitochondria) > membrane,rna(staygold) > scarlet3
Aang_Foundation/20251021_mem-mito_v2/fish4_24hpf_roi4,direct_65,rna(mgco-1) > tg(pdqm-136)325,rna(mStayGold-2Xcox8A(N)) > tdmScarlet3-2xLynk(N),rna(mStayGold-mitochondria) > tdmScarlet3-membrane,mitochondria; membrane,staygold; scarlet3,DH,10/20/25,,736,608,32,0,96,,pdqm-136(325),,mgco-1,direct,direct,pdqm-136(325),rna(mgco-1) > tg(pdqm-136)325,staygold; scarlet3,rna(mitochondria) > membrane,rna(staygold) > scarlet3
Aang_Foundation/20251022_mem-mito/fish1_48hpf_roi1,direct_62,rna(mgco-1) > tg(pdqm-82)315,rna(mStayGold-2Xcox8A(N)) > tdmChilada-2xLynk(N),rna(mStayGold-mitochondria) > tdmChilada-membrane,mitochondria; membrane,staygold; chilada,DH,10/20/25,,736,608,32,0,96,pdqm-82(315),,,mgco-1,direct,direct,pdqm-82(315),rna(mgco-1) > tg(pdqm-82)315,staygold; chilada,rna(mitochondria) > membrane,rna(staygold) > chilada
Aang_Foundation/20251022_mem-mito/fish3_48hpf_roi1,direct_62,rna(mgco-1) > tg(pdqm-82)315,rna(mStayGold-2Xcox8A(N)) > tdmChilada-2xLynk(N),rna(mStayGold-mitochondria) > tdmChilada-membrane,mitochondria; membrane,staygold; chilada,DH,10/20/25,,736,608,32,0,96,pdqm-82(315),,,mgco-1,direct,direct,pdqm-82(315),rna(mgco-1) > tg(pdqm-82)315,staygold; chilada,rna(mitochondria) > membrane,rna(staygold) > chilada
Aang_Foundation/20251022_mem-mito/fish3_48hpf_roi2,direct_62,rna(mgco-1) > tg(pdqm-82)315,rna(mStayGold-2Xcox8A(N)) > tdmChilada-2xLynk(N),rna(mStayGold-mitochondria) > tdmChilada-membrane,mitochondria; membrane,staygold; chilada,DH,10/20/25,,736,608,32,0,96,pdqm-82(315),,,mgco-1,direct,direct,pdqm-82(315),rna(mgco-1) > tg(pdqm-82)315,staygold; chilada,rna(mitochondria) > membrane,rna(staygold) > chilada
Aang_Foundation/20251022_mem-mito/fish4_48hpf_roi1,direct_62,rna(mgco-1) > tg(pdqm-82)315,rna(mStayGold-2Xcox8A(N)) > tdmChilada-2xLynk(N),rna(mStayGold-mitochondria) > tdmChilada-membrane,mitochondria; membrane,staygold; chilada,DH,10/20/25,,736,608,32,0,96,pdqm-82(315),,,mgco-1,direct,direct,pdqm-82(315),rna(mgco-1) > tg(pdqm-82)315,staygold; chilada,rna(mitochondria) > membrane,rna(staygold) > chilada
Aang_Foundation/20251023_mem-mito/fish1_24hpf_roi1,direct_60,rna(mgco-1) > tg(pdqm-82)315,rna(mStayGold-2Xcox8A(N)) > tdmChilada-2xLynk(N),rna(mStayGold-mitochondria) > tdmChilada-membrane,mitochondria; membrane,staygold; chilada,DH,10/22/25,,730,605,32,0,93,,pdqm-82(315),,mgco-1,direct,direct,pdqm-82(315),rna(mgco-1) > tg(pdqm-82)315,staygold; chilada,rna(mitochondria) > membrane,rna(staygold) > chilada
Aang_Foundation/20251023_mem-mito/fish1_24hpf_roi2,direct_60,rna(mgco-1) > tg(pdqm-82)315,rna(mStayGold-2Xcox8A(N)) > tdmChilada-2xLynk(N),rna(mStayGold-mitochondria) > tdmChilada-membrane,mitochondria; membrane,staygold; chilada,DH,10/22/25,,734,607,32,0,95,,pdqm-82(315),,mgco-1,direct,direct,pdqm-82(315),rna(mgco-1) > tg(pdqm-82)315,staygold; chilada,rna(mitochondria) > membrane,rna(staygold) > chilada
Aang_Foundation/20251023_mem-mito/fish3_24hpf_roi1,direct_60,rna(mgco-1) > tg(pdqm-82)315,rna(mStayGold-2Xcox8A(N)) > tdmChilada-2xLynk(N),rna(mStayGold-mitochondria) > tdmChilada-membrane,mitochondria; membrane,staygold; chilada,DH,10/22/25,,728,604,32,0,92,,pdqm-82(315),,mgco-1,direct,direct,pdqm-82(315),rna(mgco-1) > tg(pdqm-82)315,staygold; chilada,rna(mitochondria) > membrane,rna(staygold) > chilada
Aang_Foundation/20251027_mem-histone/fish1_120hpf_roi1,direct_56,tg(pdqm-5)302; tg(pdqm-133)324,tdmSG-2xLynk(N); tdmScarlet3-H2B(C),tdmSG-membrane; tdmScarlet3-histone,membrane; histone,sg; scarlet3,DH,10/21/25,,4882,2441,2304,0,137,pdqm-5(302),pdqm-133(324),,,direct,direct,pdqm-5(302); pdqm-133(324),tg(pdqm-5)302; tg(pdqm-133)324,sg; scarlet3,membrane; histone,sg; scarlet3
Aang_Foundation/20251027_mem-histone/fish1_120hpf_roi2,direct_56,tg(pdqm-5)302; tg(pdqm-133)324,tdmSG-2xLynk(N); tdmScarlet3-H2B(C),tdmSG-membrane; tdmScarlet3-histone,membrane; histone,sg; scarlet3,DH,10/21/25,,4896,2448,2304,0,144,pdqm-5(302),pdqm-133(324),,,direct,direct,pdqm-5(302); pdqm-133(324),tg(pdqm-5)302; tg(pdqm-133)324,sg; scarlet3,membrane; histone,sg; scarlet3
Aang_Foundation/20251027_mem-histone/fish3_120hpf_roi1,direct_56,tg(pdqm-5)302; tg(pdqm-133)324,tdmSG-2xLynk(N); tdmScarlet3-H2B(C),tdmSG-membrane; tdmScarlet3-histone,membrane; histone,sg; scarlet3,DH,10/21/25,,4896,2448,2304,0,144,pdqm-5(302),pdqm-133(324),,,direct,direct,pdqm-5(302); pdqm-133(324),tg(pdqm-5)302; tg(pdqm-133)324,sg; scarlet3,membrane; histone,sg; scarlet3
Aang_Foundation/20251027_mem-histone/fish3_120hpf_roi2,direct_56,tg(pdqm-5)302; tg(pdqm-133)324,tdmSG-2xLynk(N); tdmScarlet3-H2B(C),tdmSG-membrane; tdmScarlet3-histone,membrane; histone,sg; scarlet3,DH,10/21/25,,4896,2448,2304,0,144,pdqm-5(302),pdqm-133(324),,,direct,direct,pdqm-5(302); pdqm-133(324),tg(pdqm-5)302; tg(pdqm-133)324,sg; scarlet3,membrane; histone,sg; scarlet3
Aang_Foundation/20251027_mem-histone/fish3_120hpf_roi3,direct_56,tg(pdqm-5)302; tg(pdqm-133)324,tdmSG-2xLynk(N); tdmScarlet3-H2B(C),tdmSG-membrane; tdmScarlet3-histone,membrane; histone,sg; scarlet3,DH,10/21/25,,4896,2448,2304,0,144,pdqm-5(302),pdqm-133(324),,,direct,direct,pdqm-5(302); pdqm-133(324),tg(pdqm-5)302; tg(pdqm-133)324,sg; scarlet3,membrane; histone,sg; scarlet3
Aang_Foundation/20251027_mem-histone/fish3_120hpf_roi4,direct_56,tg(pdqm-5)302; tg(pdqm-133)324,tdmSG-2xLynk(N); tdmScarlet3-H2B(C),tdmSG-membrane; tdmScarlet3-histone,membrane; histone,sg; scarlet3,DH,10/21/25,,4868,2434,2304,0,130,pdqm-5(302),pdqm-133(324),,,direct,direct,pdqm-5(302); pdqm-133(324),tg(pdqm-5)302; tg(pdqm-133)324,sg; scarlet3,membrane; histone,sg; scarlet3
Aang_Foundation/20251027_mem-histone/fish3_120hpf_roi5,direct_56,tg(pdqm-5)302; tg(pdqm-133)324,tdmSG-2xLynk(N); tdmScarlet3-H2B(C),tdmSG-membrane; tdmScarlet3-histone,membrane; histone,sg; scarlet3,DH,10/21/25,,4884,2442,2304,0,138,pdqm-5(302),pdqm-133(324),,,direct,direct,pdqm-5(302); pdqm-133(324),tg(pdqm-5)302; tg(pdqm-133)324,sg; scarlet3,membrane; histone,sg; scarlet3
Aang_Foundation/20251027_mem-histone/fish3_120hpf_roi6,direct_56,tg(pdqm-5)302; tg(pdqm-133)324,tdmSG-2xLynk(N); tdmScarlet3-H2B(C),tdmSG-membrane; tdmScarlet3-histone,membrane; histone,sg; scarlet3,DH,10/21/25,,4866,2433,2304,0,129,pdqm-5(302),pdqm-133(324),,,direct,direct,pdqm-5(302); pdqm-133(324),tg(pdqm-5)302; tg(pdqm-133)324,sg; scarlet3,membrane; histone,sg; scarlet3
Aang_Foundation/20251027_mem-histone/fish3_120hpf_roi7,direct_56,tg(pdqm-5)302; tg(pdqm-133)324,tdmSG-2xLynk(N); tdmScarlet3-H2B(C),tdmSG-membrane; tdmScarlet3-histone,membrane; histone,sg; scarlet3,DH,10/21/25,,4878,2439,2304,0,135,pdqm-5(302),pdqm-133(324),,,direct,direct,pdqm-5(302); pdqm-133(324),tg(pdqm-5)302; tg(pdqm-133)324,sg; scarlet3,membrane; histone,sg; scarlet3
Aang_Foundation/20251028_mem-mito/fish1_24hpf_roi1,direct_52,rna(mgco-1) > tg(pdqm-136)325,rna(mStayGold-2Xcox8A(N)) > tdmScarlet3-2xLynk(N),rna(mStayGold-mitochondria) > tdmScarlet3-membrane,mitochondria; membrane,staygold; scarlet3,LHR,10/27/25,,1201,1036,59,0,106,,pdqm-136(325),,mgco-1,direct,direct,pdqm-136(325),rna(mgco-1) > tg(pdqm-136)325,staygold; scarlet3,rna(mitochondria) > membrane,rna(staygold) > scarlet3
Aang_Foundation/20251028_mem-peroxi/fish1_24hpf_roi1,direct_53,plasmid(mgco-49) > tg(pdqm-136)325,plasmid(mStayGold-skl(C)) > tdmScarlet3-2xLynk(N),plasmid(mStayGold-Peroxisome) > tdmScarlet3-membrane,Peroxisome; membrane,staygold; scarlet3,LHR,10/27/25,,2117,1901,113,0,103,,pdqm-136(325),mgco-49,,direct,direct,pdqm-136(325),plasmid(mgco-49) > tg(pdqm-136)325,staygold; scarlet3,plasmid(Peroxisome) > membrane,plasmid(staygold) > scarlet3
Aang_Foundation/20251028_mem-peroxi/fish4_24hpf_roi1,direct_53,plasmid(mgco-49) > tg(pdqm-136)325,plasmid(mStayGold-skl(C)) > tdmScarlet3-2xLynk(N),plasmid(mStayGold-Peroxisome) > tdmScarlet3-membrane,Peroxisome; membrane,staygold; scarlet3,LHR,10/27/25,,828,684,36,0,108,,pdqm-136(325),mgco-49,,direct,direct,pdqm-136(325),plasmid(mgco-49) > tg(pdqm-136)325,staygold; scarlet3,plasmid(Peroxisome) > membrane,plasmid(staygold) > scarlet3
Aang_Foundation/20251028_mem-peroxi/fish4_24hpf_roi2,direct_53,plasmid(mgco-49) > tg(pdqm-136)325,plasmid(mStayGold-skl(C)) > tdmScarlet3-2xLynk(N),plasmid(mStayGold-Peroxisome) > tdmScarlet3-membrane,Peroxisome; membrane,staygold; scarlet3,LHR,10/27/25,,828,684,36,0,108,,pdqm-136(325),mgco-49,,direct,direct,pdqm-136(325),plasmid(mgco-49) > tg(pdqm-136)325,staygold; scarlet3,plasmid(Peroxisome) > membrane,plasmid(staygold) > scarlet3
Aang_Foundation/20251028_mem-peroxi/fish5_24hpf_roi1,direct_53,plasmid(mgco-49) > tg(pdqm-136)325,plasmid(mStayGold-skl(C)) > tdmScarlet3-2xLynk(N),plasmid(mStayGold-Peroxisome) > tdmScarlet3-membrane,Peroxisome; membrane,staygold; scarlet3,LHR,10/27/25,,826,683,36,0,107,,pdqm-136(325),mgco-49,,direct,direct,pdqm-136(325),plasmid(mgco-49) > tg(pdqm-136)325,staygold; scarlet3,plasmid(Peroxisome) > membrane,plasmid(staygold) > scarlet3
Aang_Foundation/20251028_mem-peroxi/fish5_24hpf_roi2,direct_53,plasmid(mgco-49) > tg(pdqm-136)325,plasmid(mStayGold-skl(C)) > tdmScarlet3-2xLynk(N),plasmid(mStayGold-Peroxisome) > tdmScarlet3-membrane,Peroxisome; membrane,staygold; scarlet3,LHR,10/27/25,,828,684,36,0,108,,pdqm-136(325),mgco-49,,direct,direct,pdqm-136(325),plasmid(mgco-49) > tg(pdqm-136)325,staygold; scarlet3,plasmid(Peroxisome) > membrane,plasmid(staygold) > scarlet3
Aang_Foundation/20251028_mem-peroxi2/fish1_24hpf_roi1,direct_54,plasmid(mgco-52) > tg(pdqm-136)325,plasmid(mStayGold-ABCDpmp70(N)) > tdmScarlet3-2xLynk(N),plasmid(mStayGold-Peroxisome) > tdmScarlet3-membrane,Peroxisome; membrane,staygold; scarlet3,LHR,10/27/25,,816,678,36,0,102,,pdqm-136(325),mgco-52,,direct,direct,pdqm-136(325),plasmid(mgco-52) > tg(pdqm-136)325,staygold; scarlet3,plasmid(Peroxisome) > membrane,plasmid(staygold) > scarlet3
Aang_Foundation/20251028_mem-peroxi2/fish2_24hpf_roi1,direct_54,plasmid(mgco-52) > tg(pdqm-136)325,plasmid(mStayGold-ABCDpmp70(N)) > tdmScarlet3-2xLynk(N),plasmid(mStayGold-Peroxisome) > tdmScarlet3-membrane,Peroxisome; membrane,staygold; scarlet3,LHR,10/27/25,,828,684,36,0,108,,pdqm-136(325),mgco-52,,direct,direct,pdqm-136(325),plasmid(mgco-52) > tg(pdqm-136)325,staygold; scarlet3,plasmid(Peroxisome) > membrane,plasmid(staygold) > scarlet3
Aang_Foundation/20251028_mem-peroxi2/fish4_24hpf_roi1,direct_54,plasmid(mgco-52) > tg(pdqm-136)325,plasmid(mStayGold-ABCDpmp70(N)) > tdmScarlet3-2xLynk(N),plasmid(mStayGold-Peroxisome) > tdmScarlet3-membrane,Peroxisome; membrane,staygold; scarlet3,LHR,10/27/25,,828,684,36,0,108,,pdqm-136(325),mgco-52,,direct,direct,pdqm-136(325),plasmid(mgco-52) > tg(pdqm-136)325,staygold; scarlet3,plasmid(Peroxisome) > membrane,plasmid(staygold) > scarlet3
Aang_Foundation/20251028_mem-peroxi2/fish5_24hpf_roi1,direct_54,plasmid(mgco-52) > tg(pdqm-136)325,plasmid(mStayGold-ABCDpmp70(N)) > tdmScarlet3-2xLynk(N),plasmid(mStayGold-Peroxisome) > tdmScarlet3-membrane,Peroxisome; membrane,staygold; scarlet3,LHR,10/27/25,,1104,912,48,0,144,,pdqm-136(325),mgco-52,,direct,direct,pdqm-136(325),plasmid(mgco-52) > tg(pdqm-136)325,staygold; scarlet3,plasmid(Peroxisome) > membrane,plasmid(staygold) > scarlet3
Aang_Foundation/20251028_mem-peroxi2/fish6_24hpf_roi1,direct_54,plasmid(mgco-52) > tg(pdqm-136)325,plasmid(mStayGold-ABCDpmp70(N)) > tdmScarlet3-2xLynk(N),plasmid(mStayGold-Peroxisome) > tdmScarlet3-membrane,Peroxisome; membrane,staygold; scarlet3,LHR,10/27/25,,1104,912,48,0,144,,pdqm-136(325),mgco-52,,direct,direct,pdqm-136(325),plasmid(mgco-52) > tg(pdqm-136)325,staygold; scarlet3,plasmid(Peroxisome) > membrane,plasmid(staygold) > scarlet3
Aang_Foundation/20251029_peroxi/fish1_roi1,direct_51,plasmid(mgco-49) > tg(pdqm-136)325,plasmid(mStayGold-skl(C)) > tdmScarlet3-2xLynk(N),plasmid(mStayGold-Peroxisome) > tdmScarlet3-membrane,Peroxisome; membrane,staygold; scarlet3,DH,10/27/25,,2,2,0,0,0,,pdqm-136(325),mgco-49,,direct,direct,pdqm-136(325),plasmid(mgco-49) > tg(pdqm-136)325,staygold; scarlet3,plasmid(Peroxisome) > membrane,plasmid(staygold) > scarlet3
Aang_Foundation/20251105_mem-mito/fish1_24hpf_roi1,direct_48,rna(mgco-1) > tg(pdqm-82)315,rna(mStayGold-2Xcox8A(N)) > tdmChilada-2xLynk(N),rna(mStayGold-mitochondria) > tdmChilada-membrane,mitochondria; membrane,staygold; chilada,DH,11/4/25,,789,575,24,0,190,,pdqm-82(315),,mgco-1,direct,direct,pdqm-82(315),rna(mgco-1) > tg(pdqm-82)315,staygold; chilada,rna(mitochondria) > membrane,rna(staygold) > chilada
Aang_Foundation/20251105_mem-mito/fish2_24hpf_roi1,direct_48,rna(mgco-1) > tg(pdqm-82)315,rna(mStayGold-2Xcox8A(N)) > tdmChilada-2xLynk(N),rna(mStayGold-mitochondria) > tdmChilada-membrane,mitochondria; membrane,staygold; chilada,DH,11/4/25,,552,456,24,0,72,,pdqm-82(315),,mgco-1,direct,direct,pdqm-82(315),rna(mgco-1) > tg(pdqm-82)315,staygold; chilada,rna(mitochondria) > membrane,rna(staygold) > chilada
Aang_Foundation/20251105_mem-mito/fish2_24hpf_roi2,direct_48,rna(mgco-1) > tg(pdqm-82)315,rna(mStayGold-2Xcox8A(N)) > tdmChilada-2xLynk(N),rna(mStayGold-mitochondria) > tdmChilada-membrane,mitochondria; membrane,staygold; chilada,DH,11/4/25,,484,392,20,0,72,,pdqm-82(315),,mgco-1,direct,direct,pdqm-82(315),rna(mgco-1) > tg(pdqm-82)315,staygold; chilada,rna(mitochondria) > membrane,rna(staygold) > chilada
Aang_Foundation/20251105_mem-mito/fish3_24hpf_roi1,direct_48,rna(mgco-1) > tg(pdqm-82)315,rna(mStayGold-2Xcox8A(N)) > tdmChilada-2xLynk(N),rna(mStayGold-mitochondria) > tdmChilada-membrane,mitochondria; membrane,staygold; chilada,DH,11/4/25,,390,315,16,0,59,,pdqm-82(315),,mgco-1,direct,direct,pdqm-82(315),rna(mgco-1) > tg(pdqm-82)315,staygold; chilada,rna(mitochondria) > membrane,rna(staygold) > chilada
Aang_Foundation/20251105_mem-mito/fish3_24hpf_roi2,direct_48,rna(mgco-1) > tg(pdqm-82)315,rna(mStayGold-2Xcox8A(N)) > tdmChilada-2xLynk(N),rna(mStayGold-mitochondria) > tdmChilada-membrane,mitochondria; membrane,staygold; chilada,DH,11/4/25,,342,291,16,0,35,,pdqm-82(315),,mgco-1,direct,direct,pdqm-82(315),rna(mgco-1) > tg(pdqm-82)315,staygold; chilada,rna(mitochondria) > membrane,rna(staygold) > chilada
Aang_Foundation/20251105_mem-mito/fish4_24hpf_roi1,direct_48,rna(mgco-1) > tg(pdqm-82)315,rna(mStayGold-2Xcox8A(N)) > tdmChilada-2xLynk(N),rna(mStayGold-mitochondria) > tdmChilada-membrane,mitochondria; membrane,staygold; chilada,DH,11/4/25,,332,286,16,0,30,,pdqm-82(315),,mgco-1,direct,direct,pdqm-82(315),rna(mgco-1) > tg(pdqm-82)315,staygold; chilada,rna(mitochondria) > membrane,rna(staygold) > chilada
Aang_Foundation/20251105_mem-mito/fish4_24hpf_roi2,direct_48,rna(mgco-1) > tg(pdqm-82)315,rna(mStayGold-2Xcox8A(N)) > tdmChilada-2xLynk(N),rna(mStayGold-mitochondria) > tdmChilada-membrane,mitochondria; membrane,staygold; chilada,DH,11/4/25,,334,287,16,0,31,,pdqm-82(315),,mgco-1,direct,direct,pdqm-82(315),rna(mgco-1) > tg(pdqm-82)315,staygold; chilada,rna(mitochondria) > membrane,rna(staygold) > chilada
Aang_Foundation/20251105_mem-mito/fish5_24hpf_roi1,direct_48,rna(mgco-1) > tg(pdqm-82)315,rna(mStayGold-2Xcox8A(N)) > tdmChilada-2xLynk(N),rna(mStayGold-mitochondria) > tdmChilada-membrane,mitochondria; membrane,staygold; chilada,DH,11/4/25,,342,291,16,0,35,,pdqm-82(315),,mgco-1,direct,direct,pdqm-82(315),rna(mgco-1) > tg(pdqm-82)315,staygold; chilada,rna(mitochondria) > membrane,rna(staygold) > chilada
Aang_Foundation/20251105_mem-mito/fish5_24hpf_roi2,direct_48,rna(mgco-1) > tg(pdqm-82)315,rna(mStayGold-2Xcox8A(N)) > tdmChilada-2xLynk(N),rna(mStayGold-mitochondria) > tdmChilada-membrane,mitochondria; membrane,staygold; chilada,DH,11/4/25,,344,292,16,0,36,,pdqm-82(315),,mgco-1,direct,direct,pdqm-82(315),rna(mgco-1) > tg(pdqm-82)315,staygold; chilada,rna(mitochondria) > membrane,rna(staygold) > chilada
Aang_Foundation/20251106_mem-mito/fish1_48hpf_roi1,direct_47,rna(mgco-1) > tg(pdqm-82)315,rna(mStayGold-2Xcox8A(N)) > tdmChilada-2xLynk(N),rna(mStayGold-mitochondria) > tdmChilada-membrane,mitochondria; membrane,staygold; chilada,DH,11/4/25,,330,285,16,0,29,,pdqm-82(315),,mgco-1,direct,direct,pdqm-82(315),rna(mgco-1) > tg(pdqm-82)315,staygold; chilada,rna(mitochondria) > membrane,rna(staygold) > chilada
Aang_Foundation/20251106_mem-mito/fish1_48hpf_roi2,direct_47,rna(mgco-1) > tg(pdqm-82)315,rna(mStayGold-2Xcox8A(N)) > tdmChilada-2xLynk(N),rna(mStayGold-mitochondria) > tdmChilada-membrane,mitochondria; membrane,staygold; chilada,DH,11/4/25,,670,575,32,0,63,,pdqm-82(315),,mgco-1,direct,direct,pdqm-82(315),rna(mgco-1) > tg(pdqm-82)315,staygold; chilada,rna(mitochondria) > membrane,rna(staygold) > chilada
Aang_Foundation/20251106_mem-mito/fish1_48hpf_roi3,direct_47,rna(mgco-1) > tg(pdqm-82)315,rna(mStayGold-2Xcox8A(N)) > tdmChilada-2xLynk(N),rna(mStayGold-mitochondria) > tdmChilada-membrane,mitochondria; membrane,staygold; chilada,DH,11/4/25,,80,40,0,0,40,,pdqm-82(315),,mgco-1,direct,direct,pdqm-82(315),rna(mgco-1) > tg(pdqm-82)315,staygold; chilada,rna(mitochondria) > membrane,rna(staygold) > chilada
Aang_Foundation/20251106_mem-mito/fish2_48hpf_roi1,direct_47,rna(mgco-1) > tg(pdqm-82)315,rna(mStayGold-2Xcox8A(N)) > tdmChilada-2xLynk(N),rna(mStayGold-mitochondria) > tdmChilada-membrane,mitochondria; membrane,staygold; chilada,DH,11/4/25,,334,287,16,0,31,,pdqm-82(315),,mgco-1,direct,direct,pdqm-82(315),rna(mgco-1) > tg(pdqm-82)315,staygold; chilada,rna(mitochondria) > membrane,rna(staygold) > chilada
Aang_Foundation/20251106_mem-mito/fish2_48hpf_roi2,direct_47,rna(mgco-1) > tg(pdqm-82)315,rna(mStayGold-2Xcox8A(N)) > tdmChilada-2xLynk(N),rna(mStayGold-mitochondria) > tdmChilada-membrane,mitochondria; membrane,staygold; chilada,DH,11/4/25,,322,281,16,0,25,,pdqm-82(315),,mgco-1,direct,direct,pdqm-82(315),rna(mgco-1) > tg(pdqm-82)315,staygold; chilada,rna(mitochondria) > membrane,rna(staygold) > chilada
Aang_Foundation/20251106_mem-mito/fish2_48hpf_roi3,direct_47,rna(mgco-1) > tg(pdqm-82)315,rna(mStayGold-2Xcox8A(N)) > tdmChilada-2xLynk(N),rna(mStayGold-mitochondria) > tdmChilada-membrane,mitochondria; membrane,staygold; chilada,DH,11/4/25,,328,284,16,0,28,,pdqm-82(315),,mgco-1,direct,direct,pdqm-82(315),rna(mgco-1) > tg(pdqm-82)315,staygold; chilada,rna(mitochondria) > membrane,rna(staygold) > chilada
Aang_Foundation/20251106_mem-mito/fish2_48hpf_roi4,direct_47,rna(mgco-1) > tg(pdqm-82)315,rna(mStayGold-2Xcox8A(N)) > tdmChilada-2xLynk(N),rna(mStayGold-mitochondria) > tdmChilada-membrane,mitochondria; membrane,staygold; chilada,DH,11/4/25,,332,286,16,0,30,,pdqm-82(315),,mgco-1,direct,direct,pdqm-82(315),rna(mgco-1) > tg(pdqm-82)315,staygold; chilada,rna(mitochondria) > membrane,rna(staygold) > chilada
Aang_Foundation/20251106_mem-mito/fish3_48hpf_roi1,direct_47,rna(mgco-1) > tg(pdqm-82)315,rna(mStayGold-2Xcox8A(N)) > tdmChilada-2xLynk(N),rna(mStayGold-mitochondria) > tdmChilada-membrane,mitochondria; membrane,staygold; chilada,DH,11/4/25,,342,291,16,0,35,,pdqm-82(315),,mgco-1,direct,direct,pdqm-82(315),rna(mgco-1) > tg(pdqm-82)315,staygold; chilada,rna(mitochondria) > membrane,rna(staygold) > chilada
Aang_Foundation/20251106_mem-mito/fish3_48hpf_roi2,direct_47,rna(mgco-1) > tg(pdqm-82)315,rna(mStayGold-2Xcox8A(N)) > tdmChilada-2xLynk(N),rna(mStayGold-mitochondria) > tdmChilada-membrane,mitochondria; membrane,staygold; chilada,DH,11/4/25,,344,292,16,0,36,,pdqm-82(315),,mgco-1,direct,direct,pdqm-82(315),rna(mgco-1) > tg(pdqm-82)315,staygold; chilada,rna(mitochondria) > membrane,rna(staygold) > chilada
Aang_Foundation/20251106_mem-mito/fish3_48hpf_roi3,direct_47,rna(mgco-1) > tg(pdqm-82)315,rna(mStayGold-2Xcox8A(N)) > tdmChilada-2xLynk(N),rna(mStayGold-mitochondria) > tdmChilada-membrane,mitochondria; membrane,staygold; chilada,DH,11/4/25,,352,296,16,0,40,,pdqm-82(315),,mgco-1,direct,direct,pdqm-82(315),rna(mgco-1) > tg(pdqm-82)315,staygold; chilada,rna(mitochondria) > membrane,rna(staygold) > chilada
Aang_Foundation/20251106_mem-mito/fish4_48hpf_roi1,direct_47,rna(mgco-1) > tg(pdqm-82)315,rna(mStayGold-2Xcox8A(N)) > tdmChilada-2xLynk(N),rna(mStayGold-mitochondria) > tdmChilada-membrane,mitochondria; membrane,staygold; chilada,DH,11/4/25,,322,281,16,0,25,,pdqm-82(315),,mgco-1,direct,direct,pdqm-82(315),rna(mgco-1) > tg(pdqm-82)315,staygold; chilada,rna(mitochondria) > membrane,rna(staygold) > chilada
Aang_Foundation/20251106_mem-mito/fish4_48hpf_roi2,direct_47,rna(mgco-1) > tg(pdqm-82)315,rna(mStayGold-2Xcox8A(N)) > tdmChilada-2xLynk(N),rna(mStayGold-mitochondria) > tdmChilada-membrane,mitochondria; membrane,staygold; chilada,DH,11/4/25,,322,281,16,0,25,,pdqm-82(315),,mgco-1,direct,direct,pdqm-82(315),rna(mgco-1) > tg(pdqm-82)315,staygold; chilada,rna(mitochondria) > membrane,rna(staygold) > chilada
Aang_Foundation/20251106_mem-mito/fish4_48hpf_roi3,direct_47,rna(mgco-1) > tg(pdqm-82)315,rna(mStayGold-2Xcox8A(N)) > tdmChilada-2xLynk(N),rna(mStayGold-mitochondria) > tdmChilada-membrane,mitochondria; membrane,staygold; chilada,DH,11/4/25,,322,281,16,0,25,,pdqm-82(315),,mgco-1,direct,direct,pdqm-82(315),rna(mgco-1) > tg(pdqm-82)315,staygold; chilada,rna(mitochondria) > membrane,rna(staygold) > chilada
Aang_Foundation/20251106_mem-mito/fish4_48hpf_roi4,direct_47,rna(mgco-1) > tg(pdqm-82)315,rna(mStayGold-2Xcox8A(N)) > tdmChilada-2xLynk(N),rna(mStayGold-mitochondria) > tdmChilada-membrane,mitochondria; membrane,staygold; chilada,DH,11/4/25,,324,282,16,0,26,,pdqm-82(315),,mgco-1,direct,direct,pdqm-82(315),rna(mgco-1) > tg(pdqm-82)315,staygold; chilada,rna(mitochondria) > membrane,rna(staygold) > chilada
Aang_Foundation/20251106_mem-mito/fish5_48hpf_roi1,direct_47,rna(mgco-1) > tg(pdqm-82)315,rna(mStayGold-2Xcox8A(N)) > tdmChilada-2xLynk(N),rna(mStayGold-mitochondria) > tdmChilada-membrane,mitochondria; membrane,staygold; chilada,DH,11/4/25,,328,284,16,0,28,,pdqm-82(315),,mgco-1,direct,direct,pdqm-82(315),rna(mgco-1) > tg(pdqm-82)315,staygold; chilada,rna(mitochondria) > membrane,rna(staygold) > chilada
Aang_Foundation/20251106_mem-mito/fish5_48hpf_roi2,direct_47,rna(mgco-1) > tg(pdqm-82)315,rna(mStayGold-2Xcox8A(N)) > tdmChilada-2xLynk(N),rna(mStayGold-mitochondria) > tdmChilada-membrane,mitochondria; membrane,staygold; chilada,DH,11/4/25,,332,286,16,0,30,,pdqm-82(315),,mgco-1,direct,direct,pdqm-82(315),rna(mgco-1) > tg(pdqm-82)315,staygold; chilada,rna(mitochondria) > membrane,rna(staygold) > chilada
Aang_Foundation/20251106_mem-mito/fish5_48hpf_roi3,direct_47,rna(mgco-1) > tg(pdqm-82)315,rna(mStayGold-2Xcox8A(N)) > tdmChilada-2xLynk(N),rna(mStayGold-mitochondria) > tdmChilada-membrane,mitochondria; membrane,staygold; chilada,DH,11/4/25,,328,284,16,0,28,,pdqm-82(315),,mgco-1,direct,direct,pdqm-82(315),rna(mgco-1) > tg(pdqm-82)315,staygold; chilada,rna(mitochondria) > membrane,rna(staygold) > chilada
Aang_Foundation/20251107_mem-kinectocore/fish1_72hpf_roi1,manual_19,rna(mgco-57),rna(mStayGold-CENPA(C)),rna(mStayGold-Kinetochore),Kinetochore,staygold,,,,504,493,11,0,0,,,,mgco-57,direct_by_clue_map,manual,,rna(mgco-57),staygold,rna(Kinetochore),rna(staygold)
Aang_Foundation/20251107_mem-mito/fish1_24hpf_roi1,direct_45,plasmid(mgco-1) > tg(pdqm-136)325,plasmid(mStayGold-2Xcox8A(N)) > tdmScarlet3-2xLynk(N),plasmid(mStayGold-mitochondria) > tdmScarlet3-membrane,mitochondria; membrane,staygold; scarlet3,DH,11/8/25,,172,102,3,0,67,,pdqm-136(325),mgco-1,,direct,direct,pdqm-136(325),plasmid(mgco-1) > tg(pdqm-136)325,staygold; scarlet3,plasmid(mitochondria) > membrane,plasmid(staygold) > scarlet3
Aang_Foundation/20251107_mem-mito/fish1_24hpf_roi1-2,direct_45,plasmid(mgco-1) > tg(pdqm-136)325,plasmid(mStayGold-2Xcox8A(N)) > tdmScarlet3-2xLynk(N),plasmid(mStayGold-mitochondria) > tdmScarlet3-membrane,mitochondria; membrane,staygold; scarlet3,DH,11/8/25,,480,424,16,0,40,,pdqm-136(325),mgco-1,,direct,direct,pdqm-136(325),plasmid(mgco-1) > tg(pdqm-136)325,staygold; scarlet3,plasmid(mitochondria) > membrane,plasmid(staygold) > scarlet3
Aang_Foundation/20251107_mem-mito/fish1_24hpf_roi2,direct_45,plasmid(mgco-1) > tg(pdqm-136)325,plasmid(mStayGold-2Xcox8A(N)) > tdmScarlet3-2xLynk(N),plasmid(mStayGold-mitochondria) > tdmScarlet3-membrane,mitochondria; membrane,staygold; scarlet3,DH,11/8/25,,480,424,16,0,40,,pdqm-136(325),mgco-1,,direct,direct,pdqm-136(325),plasmid(mgco-1) > tg(pdqm-136)325,staygold; scarlet3,plasmid(mitochondria) > membrane,plasmid(staygold) > scarlet3
Aang_Foundation/20251107_mem-mito/fish1_24hpf_roi3,direct_45,plasmid(mgco-1) > tg(pdqm-136)325,plasmid(mStayGold-2Xcox8A(N)) > tdmScarlet3-2xLynk(N),plasmid(mStayGold-mitochondria) > tdmScarlet3-membrane,mitochondria; membrane,staygold; scarlet3,DH,11/8/25,,195,150,5,0,40,,pdqm-136(325),mgco-1,,direct,direct,pdqm-136(325),plasmid(mgco-1) > tg(pdqm-136)325,staygold; scarlet3,plasmid(mitochondria) > membrane,plasmid(staygold) > scarlet3
Aang_Foundation/20251107_mem-mito/fish2_24hpf_roi1,direct_45,plasmid(mgco-1) > tg(pdqm-136)325,plasmid(mStayGold-2Xcox8A(N)) > tdmScarlet3-2xLynk(N),plasmid(mStayGold-mitochondria) > tdmScarlet3-membrane,mitochondria; membrane,staygold; scarlet3,DH,11/8/25,,24,12,0,0,12,,pdqm-136(325),mgco-1,,direct,direct,pdqm-136(325),plasmid(mgco-1) > tg(pdqm-136)325,staygold; scarlet3,plasmid(mitochondria) > membrane,plasmid(staygold) > scarlet3
Aang_Foundation/20251107_mem-mito/fish2_24hpf_roi3,direct_45,plasmid(mgco-1) > tg(pdqm-136)325,plasmid(mStayGold-2Xcox8A(N)) > tdmScarlet3-2xLynk(N),plasmid(mStayGold-mitochondria) > tdmScarlet3-membrane,mitochondria; membrane,staygold; scarlet3,DH,11/8/25,,480,424,16,0,40,,pdqm-136(325),mgco-1,,direct,direct,pdqm-136(325),plasmid(mgco-1) > tg(pdqm-136)325,staygold; scarlet3,plasmid(mitochondria) > membrane,plasmid(staygold) > scarlet3
Aang_Foundation/20251107_mem-mito/fish3_24hpf_roi1,direct_45,plasmid(mgco-1) > tg(pdqm-136)325,plasmid(mStayGold-2Xcox8A(N)) > tdmScarlet3-2xLynk(N),plasmid(mStayGold-mitochondria) > tdmScarlet3-membrane,mitochondria; membrane,staygold; scarlet3,DH,11/8/25,,480,424,16,0,40,,pdqm-136(325),mgco-1,,direct,direct,pdqm-136(325),plasmid(mgco-1) > tg(pdqm-136)325,staygold; scarlet3,plasmid(mitochondria) > membrane,plasmid(staygold) > scarlet3
Aang_Foundation/20251107_mem-mito/fish3_24hpf_roi2,direct_45,plasmid(mgco-1) > tg(pdqm-136)325,plasmid(mStayGold-2Xcox8A(N)) > tdmScarlet3-2xLynk(N),plasmid(mStayGold-mitochondria) > tdmScarlet3-membrane,mitochondria; membrane,staygold; scarlet3,DH,11/8/25,,480,424,16,0,40,,pdqm-136(325),mgco-1,,direct,direct,pdqm-136(325),plasmid(mgco-1) > tg(pdqm-136)325,staygold; scarlet3,plasmid(mitochondria) > membrane,plasmid(staygold) > scarlet3
Aang_Foundation/20251107_mem-mito/fish4_24hpf_roi1,direct_45,plasmid(mgco-1) > tg(pdqm-136)325,plasmid(mStayGold-2Xcox8A(N)) > tdmScarlet3-2xLynk(N),plasmid(mStayGold-mitochondria) > tdmScarlet3-membrane,mitochondria; membrane,staygold; scarlet3,DH,11/8/25,,480,424,16,0,40,,pdqm-136(325),mgco-1,,direct,direct,pdqm-136(325),plasmid(mgco-1) > tg(pdqm-136)325,staygold; scarlet3,plasmid(mitochondria) > membrane,plasmid(staygold) > scarlet3
Aang_Foundation/20251107_mem-mito/fish4_24hpf_roi2,direct_45,plasmid(mgco-1) > tg(pdqm-136)325,plasmid(mStayGold-2Xcox8A(N)) > tdmScarlet3-2xLynk(N),plasmid(mStayGold-mitochondria) > tdmScarlet3-membrane,mitochondria; membrane,staygold; scarlet3,DH,11/8/25,,480,424,16,0,40,,pdqm-136(325),mgco-1,,direct,direct,pdqm-136(325),plasmid(mgco-1) > tg(pdqm-136)325,staygold; scarlet3,plasmid(mitochondria) > membrane,plasmid(staygold) > scarlet3
Aang_Foundation/20251107_mem-mito/fish5_24hpf_roi1,direct_45,plasmid(mgco-1) > tg(pdqm-136)325,plasmid(mStayGold-2Xcox8A(N)) > tdmScarlet3-2xLynk(N),plasmid(mStayGold-mitochondria) > tdmScarlet3-membrane,mitochondria; membrane,staygold; scarlet3,DH,11/8/25,,480,424,16,0,40,,pdqm-136(325),mgco-1,,direct,direct,pdqm-136(325),plasmid(mgco-1) > tg(pdqm-136)325,staygold; scarlet3,plasmid(mitochondria) > membrane,plasmid(staygold) > scarlet3
Aang_Foundation/20251107_mem-mito/fish5_24hpf_roi2,direct_45,plasmid(mgco-1) > tg(pdqm-136)325,plasmid(mStayGold-2Xcox8A(N)) > tdmScarlet3-2xLynk(N),plasmid(mStayGold-mitochondria) > tdmScarlet3-membrane,mitochondria; membrane,staygold; scarlet3,DH,11/8/25,,480,424,16,0,40,,pdqm-136(325),mgco-1,,direct,direct,pdqm-136(325),plasmid(mgco-1) > tg(pdqm-136)325,staygold; scarlet3,plasmid(mitochondria) > membrane,plasmid(staygold) > scarlet3
Aang_Foundation/20251107_mem-mito/fish6_24hpf_roi1,direct_45,plasmid(mgco-1) > tg(pdqm-136)325,plasmid(mStayGold-2Xcox8A(N)) > tdmScarlet3-2xLynk(N),plasmid(mStayGold-mitochondria) > tdmScarlet3-membrane,mitochondria; membrane,staygold; scarlet3,DH,11/8/25,,480,424,16,0,40,,pdqm-136(325),mgco-1,,direct,direct,pdqm-136(325),plasmid(mgco-1) > tg(pdqm-136)325,staygold; scarlet3,plasmid(mitochondria) > membrane,plasmid(staygold) > scarlet3
Aang_Foundation/20251107_mem-mito/fish6_24hpf_roi2,direct_45,plasmid(mgco-1) > tg(pdqm-136)325,plasmid(mStayGold-2Xcox8A(N)) > tdmScarlet3-2xLynk(N),plasmid(mStayGold-mitochondria) > tdmScarlet3-membrane,mitochondria; membrane,staygold; scarlet3,DH,11/8/25,,480,424,16,0,40,,pdqm-136(325),mgco-1,,direct,direct,pdqm-136(325),plasmid(mgco-1) > tg(pdqm-136)325,staygold; scarlet3,plasmid(mitochondria) > membrane,plasmid(staygold) > scarlet3
Aang_Foundation/20251124_mem-histone/fish2_72hpf_roi1,direct_36,tg(pdqm-5)301; tg(pdqm-133)324,tdmSG-2xLynk(N); tdmScarlet3-H2B(C),tdmSG-membrane; tdmScarlet3-histone,membrane; histone,sg; scarlet3,LHUH,11/21/25,,15678,7839,7839,0,0,pdqm-5(301),pdqm-133(324),,,direct,direct,pdqm-5(301); pdqm-133(324),tg(pdqm-5)301; tg(pdqm-133)324,sg; scarlet3,membrane; histone,sg; scarlet3
Aang_Foundation/20251125_mem-histone/fish1_96hpf_roi1,direct_34,tg(pdqm-5)301; tg(pdqm-133)324,tdmSG-2xLynk(N); tdmScarlet3-H2B(C),tdmSG-membrane; tdmScarlet3-histone,membrane; histone,sg; scarlet3,LHUH,11/21/25,,8704,4352,4352,0,0,pdqm-5(301),pdqm-133(324),,,direct,direct,pdqm-5(301); pdqm-133(324),tg(pdqm-5)301; tg(pdqm-133)324,sg; scarlet3,membrane; histone,sg; scarlet3
Aang_Foundation/20251125_mem-histone/fish1_96hpf_roi2,direct_34,tg(pdqm-5)301; tg(pdqm-133)324,tdmSG-2xLynk(N); tdmScarlet3-H2B(C),tdmSG-membrane; tdmScarlet3-histone,membrane; histone,sg; scarlet3,LHUH,11/21/25,,6486,3243,3243,0,0,pdqm-5(301),pdqm-133(324),,,direct,direct,pdqm-5(301); pdqm-133(324),tg(pdqm-5)301; tg(pdqm-133)324,sg; scarlet3,membrane; histone,sg; scarlet3
Aang_Foundation/20251126_mem-histone/fish1_120hpf_roi1,direct_32,tg(pdqm-5)301; tg(pdqm-133)324,tdmSG-2xLynk(N); tdmScarlet3-H2B(C),tdmSG-membrane; tdmScarlet3-histone,membrane; histone,sg; scarlet3,LHUH,11/21/25,,7492,3746,3746,0,0,pdqm-5(301),pdqm-133(324),,,direct,direct,pdqm-5(301); pdqm-133(324),tg(pdqm-5)301; tg(pdqm-133)324,sg; scarlet3,membrane; histone,sg; scarlet3
Aang_Foundation/20251126_mem-histone/fish2_120hpf_roi1,direct_32,tg(pdqm-5)301; tg(pdqm-133)324,tdmSG-2xLynk(N); tdmScarlet3-H2B(C),tdmSG-membrane; tdmScarlet3-histone,membrane; histone,sg; scarlet3,LHUH,11/21/25,,6656,3328,3328,0,0,pdqm-5(301),pdqm-133(324),,,direct,direct,pdqm-5(301); pdqm-133(324),tg(pdqm-5)301; tg(pdqm-133)324,sg; scarlet3,membrane; histone,sg; scarlet3
Aang_Foundation/20251126_mem-histone/fish2_120hpf_roi2,direct_32,tg(pdqm-5)301; tg(pdqm-133)324,tdmSG-2xLynk(N); tdmScarlet3-H2B(C),tdmSG-membrane; tdmScarlet3-histone,membrane; histone,sg; scarlet3,LHUH,11/21/25,,6656,3328,3328,0,0,pdqm-5(301),pdqm-133(324),,,direct,direct,pdqm-5(301); pdqm-133(324),tg(pdqm-5)301; tg(pdqm-133)324,sg; scarlet3,membrane; histone,sg; scarlet3
Aang_Foundation/20251128_mem-histone/fish2_48hpf_roi1,direct_30,tg(pdqm-5)302; tg(pdqm-133)324,tdmSG-2xLynk(N); tdmScarlet3-H2B(C),tdmSG-membrane; tdmScarlet3-histone,membrane; histone,sg; scarlet3,DH,11/26/25,,16320,8160,8160,0,0,pdqm-5(302),pdqm-133(324),,,direct,direct,pdqm-5(302); pdqm-133(324),tg(pdqm-5)302; tg(pdqm-133)324,sg; scarlet3,membrane; histone,sg; scarlet3
Aang_Foundation/20251128_mem-histone/fish3_48hpf_roi1,direct_30,tg(pdqm-5)302; tg(pdqm-133)324,tdmSG-2xLynk(N); tdmScarlet3-H2B(C),tdmSG-membrane; tdmScarlet3-histone,membrane; histone,sg; scarlet3,DH,11/26/25,,6122,3061,3061,0,0,pdqm-5(302),pdqm-133(324),,,direct,direct,pdqm-5(302); pdqm-133(324),tg(pdqm-5)302; tg(pdqm-133)324,sg; scarlet3,membrane; histone,sg; scarlet3
Aang_Foundation/20251202_mem-cytosolic/fish1_24hpf_roi1,direct_29,plasmid(pdqm-141) > tg(pdqm-136)325,plasmid(mGold2t) > tdmScarlet3-2xLynk(N),plasmid(mGold2t-cytosol) > tdmScarlet3-membrane,cytosol; membrane,gold2t; scarlet3,DH,12/1/25,,1540,770,770,0,0,,pdqm-136(325),pdqm-141,,direct,direct,pdqm-136(325),plasmid(pdqm-141) > tg(pdqm-136)325,gold2t; scarlet3,plasmid(cytosol) > membrane,plasmid(gold2t) > scarlet3
Aang_Foundation/20251202_mem-cytosolic/fish2_24hpf_roi1,direct_29,plasmid(pdqm-141) > tg(pdqm-136)325,plasmid(mGold2t) > tdmScarlet3-2xLynk(N),plasmid(mGold2t-cytosol) > tdmScarlet3-membrane,cytosol; membrane,gold2t; scarlet3,DH,12/1/25,,3588,1794,1794,0,0,,pdqm-136(325),pdqm-141,,direct,direct,pdqm-136(325),plasmid(pdqm-141) > tg(pdqm-136)325,gold2t; scarlet3,plasmid(cytosol) > membrane,plasmid(gold2t) > scarlet3
Aang_Foundation/20251202_mem-cytosolic/fish3_24hpf_roi1,direct_29,plasmid(pdqm-141) > tg(pdqm-136)325,plasmid(mGold2t) > tdmScarlet3-2xLynk(N),plasmid(mGold2t-cytosol) > tdmScarlet3-membrane,cytosol; membrane,gold2t; scarlet3,DH,12/1/25,,4992,2496,2496,0,0,,pdqm-136(325),pdqm-141,,direct,direct,pdqm-136(325),plasmid(pdqm-141) > tg(pdqm-136)325,gold2t; scarlet3,plasmid(cytosol) > membrane,plasmid(gold2t) > scarlet3
Aang_Foundation/20251202_mem-cytosolic/fish4_24hpf_roi1,direct_29,plasmid(pdqm-141) > tg(pdqm-136)325,plasmid(mGold2t) > tdmScarlet3-2xLynk(N),plasmid(mGold2t-cytosol) > tdmScarlet3-membrane,cytosol; membrane,gold2t; scarlet3,DH,12/1/25,,3456,1728,1728,0,0,,pdqm-136(325),pdqm-141,,direct,direct,pdqm-136(325),plasmid(pdqm-141) > tg(pdqm-136)325,gold2t; scarlet3,plasmid(cytosol) > membrane,plasmid(gold2t) > scarlet3
Aang_Foundation/20251202_mem-cytosolic/fish5_24hpf_roi1,direct_29,plasmid(pdqm-141) > tg(pdqm-136)325,plasmid(mGold2t) > tdmScarlet3-2xLynk(N),plasmid(mGold2t-cytosol) > tdmScarlet3-membrane,cytosol; membrane,gold2t; scarlet3,DH,12/1/25,,3456,1728,1728,0,0,,pdqm-136(325),pdqm-141,,direct,direct,pdqm-136(325),plasmid(pdqm-141) > tg(pdqm-136)325,gold2t; scarlet3,plasmid(cytosol) > membrane,plasmid(gold2t) > scarlet3
Aang_Foundation/20251203_mem-cytosolic/fish1_48hpf_roi1,direct_26,plasmid(pdqm-141) > tg(pdqm-136)325,plasmid(mGold2t) > tdmScarlet3-2xLynk(N),plasmid(mGold2t-cytosol) > tdmScarlet3-membrane,cytosol; membrane,gold2t; scarlet3,DH,12/1/25,,6660,3330,3330,0,0,,pdqm-136(325),pdqm-141,,direct,direct,pdqm-136(325),plasmid(pdqm-141) > tg(pdqm-136)325,gold2t; scarlet3,plasmid(cytosol) > membrane,plasmid(gold2t) > scarlet3
Aang_Foundation/20251203_mem-cytosolic/fish2_48hpf_roi1,direct_26,plasmid(pdqm-141) > tg(pdqm-136)325,plasmid(mGold2t) > tdmScarlet3-2xLynk(N),plasmid(mGold2t-cytosol) > tdmScarlet3-membrane,cytosol; membrane,gold2t; scarlet3,DH,12/1/25,,6728,3364,3364,0,0,,pdqm-136(325),pdqm-141,,direct,direct,pdqm-136(325),plasmid(pdqm-141) > tg(pdqm-136)325,gold2t; scarlet3,plasmid(cytosol) > membrane,plasmid(gold2t) > scarlet3
Aang_Foundation/20251203_mem-cytosolic/fish3_48hpf_roi1,direct_26,plasmid(pdqm-141) > tg(pdqm-136)325,plasmid(mGold2t) > tdmScarlet3-2xLynk(N),plasmid(mGold2t-cytosol) > tdmScarlet3-membrane,cytosol; membrane,gold2t; scarlet3,DH,12/1/25,,8000,4000,4000,0,0,,pdqm-136(325),pdqm-141,,direct,direct,pdqm-136(325),plasmid(pdqm-141) > tg(pdqm-136)325,gold2t; scarlet3,plasmid(cytosol) > membrane,plasmid(gold2t) > scarlet3
Aang_Foundation/20251203_mem-cytosolic/fish4_48hpf_roi1,direct_26,plasmid(pdqm-141) > tg(pdqm-136)325,plasmid(mGold2t) > tdmScarlet3-2xLynk(N),plasmid(mGold2t-cytosol) > tdmScarlet3-membrane,cytosol; membrane,gold2t; scarlet3,DH,12/1/25,,6720,3360,3360,0,0,,pdqm-136(325),pdqm-141,,direct,direct,pdqm-136(325),plasmid(pdqm-141) > tg(pdqm-136)325,gold2t; scarlet3,plasmid(cytosol) > membrane,plasmid(gold2t) > scarlet3
Aang_Foundation/20251204_cdk_sensor_red_mem_red_nuc/fish1_24hpf_roi1,direct_24,rna(pdqm-117) > tg(pdqm-115)346; tg(pdqm-136)325,rna(mScarlet3S2-H2B(N)) > mScarlet3S2-2xLynk(N); tdmScarlet3-2xLynk(N),rna(mScarlet3S2-histone) > mScarlet3S2-membrane; tdmScarlet3-membrane,histone; membrane,scarlet3s2; scarlet3,DH,12/3/25,,7064,3496,3352,0,216,pdqm-115(346),pdqm-136(325),,pdqm-117,direct,direct,pdqm-115(346); pdqm-136(325),rna(pdqm-117) > tg(pdqm-115)346; tg(pdqm-136)325,scarlet3s2; scarlet3,rna(histone) > membrane,rna(scarlet3s2) > scarlet3s2; scarlet3
Aang_Foundation/20251204_cdk_sensor_red_mem_red_nuc/fish3_24hpf_roi1,direct_24,rna(pdqm-117) > tg(pdqm-115)346; tg(pdqm-136)325,rna(mScarlet3S2-H2B(N)) > mScarlet3S2-2xLynk(N); tdmScarlet3-2xLynk(N),rna(mScarlet3S2-histone) > mScarlet3S2-membrane; tdmScarlet3-membrane,histone; membrane,scarlet3s2; scarlet3,DH,12/3/25,,6264,3096,2952,0,216,pdqm-115(346),pdqm-136(325),,pdqm-117,direct,direct,pdqm-115(346); pdqm-136(325),rna(pdqm-117) > tg(pdqm-115)346; tg(pdqm-136)325,scarlet3s2; scarlet3,rna(histone) > membrane,rna(scarlet3s2) > scarlet3s2; scarlet3
Aang_Foundation/20251204_cdk_sensor_red_mem_red_nuc/fish6_24hpf_roi1,direct_24,rna(pdqm-117) > tg(pdqm-115)346; tg(pdqm-136)325,rna(mScarlet3S2-H2B(N)) > mScarlet3S2-2xLynk(N); tdmScarlet3-2xLynk(N),rna(mScarlet3S2-histone) > mScarlet3S2-membrane; tdmScarlet3-membrane,histone; membrane,scarlet3s2; scarlet3,DH,12/3/25,,6264,3096,2952,0,216,pdqm-115(346),pdqm-136(325),,pdqm-117,direct,direct,pdqm-115(346); pdqm-136(325),rna(pdqm-117) > tg(pdqm-115)346; tg(pdqm-136)325,scarlet3s2; scarlet3,rna(histone) > membrane,rna(scarlet3s2) > scarlet3s2; scarlet3
Aang_Foundation/20251205_mem-histone/fish1_96hpf_roi1,direct_23,tg(pdqm-5)302; tg(pdqm-133)324,tdmSG-2xLynk(N); tdmScarlet3-H2B(C),tdmSG-membrane; tdmScarlet3-histone,membrane; histone,sg; scarlet3,LHDH,12/1/25,,6264,3096,2952,0,216,pdqm-5(302),pdqm-133(324),,,direct,direct,pdqm-5(302); pdqm-133(324),tg(pdqm-5)302; tg(pdqm-133)324,sg; scarlet3,membrane; histone,sg; scarlet3
Aang_Foundation/20251205_mem-histone/fish1_96hpf_roi2,direct_23,tg(pdqm-5)302; tg(pdqm-133)324,tdmSG-2xLynk(N); tdmScarlet3-H2B(C),tdmSG-membrane; tdmScarlet3-histone,membrane; histone,sg; scarlet3,LHDH,12/1/25,,6264,3096,2952,0,216,pdqm-5(302),pdqm-133(324),,,direct,direct,pdqm-5(302); pdqm-133(324),tg(pdqm-5)302; tg(pdqm-133)324,sg; scarlet3,membrane; histone,sg; scarlet3
Aang_Foundation/20251205_mem-histone/fish1_96hpf_roi3,direct_23,tg(pdqm-5)302; tg(pdqm-133)324,tdmSG-2xLynk(N); tdmScarlet3-H2B(C),tdmSG-membrane; tdmScarlet3-histone,membrane; histone,sg; scarlet3,LHDH,12/1/25,,6264,3096,2952,0,216,pdqm-5(302),pdqm-133(324),,,direct,direct,pdqm-5(302); pdqm-133(324),tg(pdqm-5)302; tg(pdqm-133)324,sg; scarlet3,membrane; histone,sg; scarlet3
Aang_Foundation/20251205_mem-histone/fish1_96hpf_roi4,direct_23,tg(pdqm-5)302; tg(pdqm-133)324,tdmSG-2xLynk(N); tdmScarlet3-H2B(C),tdmSG-membrane; tdmScarlet3-histone,membrane; histone,sg; scarlet3,LHDH,12/1/25,,6264,3096,2952,0,216,pdqm-5(302),pdqm-133(324),,,direct,direct,pdqm-5(302); pdqm-133(324),tg(pdqm-5)302; tg(pdqm-133)324,sg; scarlet3,membrane; histone,sg; scarlet3
Aang_Foundation/20251205_mem-histone/fish2_96hpf_roi1,direct_23,tg(pdqm-5)302; tg(pdqm-133)324,tdmSG-2xLynk(N); tdmScarlet3-H2B(C),tdmSG-membrane; tdmScarlet3-histone,membrane; histone,sg; scarlet3,LHDH,12/1/25,,6264,3096,2952,0,216,pdqm-5(302),pdqm-133(324),,,direct,direct,pdqm-5(302); pdqm-133(324),tg(pdqm-5)302; tg(pdqm-133)324,sg; scarlet3,membrane; histone,sg; scarlet3
Aang_Foundation/20251205_mem-histone/fish2_96hpf_roi2,direct_23,tg(pdqm-5)302; tg(pdqm-133)324,tdmSG-2xLynk(N); tdmScarlet3-H2B(C),tdmSG-membrane; tdmScarlet3-histone,membrane; histone,sg; scarlet3,LHDH,12/1/25,,6264,3096,2952,0,216,pdqm-5(302),pdqm-133(324),,,direct,direct,pdqm-5(302); pdqm-133(324),tg(pdqm-5)302; tg(pdqm-133)324,sg; scarlet3,membrane; histone,sg; scarlet3
Aang_Foundation/20251205_mem-histone/fish2_96hpf_roi3,direct_23,tg(pdqm-5)302; tg(pdqm-133)324,tdmSG-2xLynk(N); tdmScarlet3-H2B(C),tdmSG-membrane; tdmScarlet3-histone,membrane; histone,sg; scarlet3,LHDH,12/1/25,,6264,3096,2952,0,216,pdqm-5(302),pdqm-133(324),,,direct,direct,pdqm-5(302); pdqm-133(324),tg(pdqm-5)302; tg(pdqm-133)324,sg; scarlet3,membrane; histone,sg; scarlet3
Aang_Foundation/20251205_mem-histone/fish2_96hpf_roi4,direct_23,tg(pdqm-5)302; tg(pdqm-133)324,tdmSG-2xLynk(N); tdmScarlet3-H2B(C),tdmSG-membrane; tdmScarlet3-histone,membrane; histone,sg; scarlet3,LHDH,12/1/25,,6264,3096,2952,0,216,pdqm-5(302),pdqm-133(324),,,direct,direct,pdqm-5(302); pdqm-133(324),tg(pdqm-5)302; tg(pdqm-133)324,sg; scarlet3,membrane; histone,sg; scarlet3
Aang_Foundation/20251208_mem/fish1_24hpf_roi1,direct_21,tg(pdqm-5)301; tg(pdqm-133)324,tdmSG-2xLynk(N); tdmScarlet3-H2B(C),tdmSG-membrane; tdmScarlet3-histone,membrane; histone,sg; scarlet3,VTUHD,12/7/25,,1737,1565,0,46,126,pdqm-5(301),pdqm-133(324),,,direct,direct,pdqm-5(301); pdqm-133(324),tg(pdqm-5)301; tg(pdqm-133)324,sg; scarlet3,membrane; histone,sg; scarlet3
Aang_Foundation/20251208_mem/fish1_24hpf_roi2,direct_21,tg(pdqm-5)301; tg(pdqm-133)324,tdmSG-2xLynk(N); tdmScarlet3-H2B(C),tdmSG-membrane; tdmScarlet3-histone,membrane; histone,sg; scarlet3,VTUHD,12/7/25,,2367,2119,0,64,184,pdqm-5(301),pdqm-133(324),,,direct,direct,pdqm-5(301); pdqm-133(324),tg(pdqm-5)301; tg(pdqm-133)324,sg; scarlet3,membrane; histone,sg; scarlet3
Aang_Foundation/20251208_mem/fish2_24hpf_roi1,direct_21,tg(pdqm-5)301; tg(pdqm-133)324,tdmSG-2xLynk(N); tdmScarlet3-H2B(C),tdmSG-membrane; tdmScarlet3-histone,membrane; histone,sg; scarlet3,VTUHD,12/7/25,,2085,1995,0,30,60,pdqm-5(301),pdqm-133(324),,,direct,direct,pdqm-5(301); pdqm-133(324),tg(pdqm-5)301; tg(pdqm-133)324,sg; scarlet3,membrane; histone,sg; scarlet3
Aang_Foundation/20251208_mem/fish3_24hpf_roi1,direct_21,tg(pdqm-5)301; tg(pdqm-133)324,tdmSG-2xLynk(N); tdmScarlet3-H2B(C),tdmSG-membrane; tdmScarlet3-histone,membrane; histone,sg; scarlet3,VTUHD,12/7/25,,2085,1995,0,30,60,pdqm-5(301),pdqm-133(324),,,direct,direct,pdqm-5(301); pdqm-133(324),tg(pdqm-5)301; tg(pdqm-133)324,sg; scarlet3,membrane; histone,sg; scarlet3
Aang_Foundation/20251208_mem/fish4_24hpf_roi1,direct_21,tg(pdqm-5)301; tg(pdqm-133)324,tdmSG-2xLynk(N); tdmScarlet3-H2B(C),tdmSG-membrane; tdmScarlet3-histone,membrane; histone,sg; scarlet3,VTUHD,12/7/25,,1918,1792,0,42,84,pdqm-5(301),pdqm-133(324),,,direct,direct,pdqm-5(301); pdqm-133(324),tg(pdqm-5)301; tg(pdqm-133)324,sg; scarlet3,membrane; histone,sg; scarlet3
Aang_Foundation/20251209_mem-histone/fish2_24hpf_roi1,direct_18,tg(pdqm-5)301; tg(pdqm-133)324,tdmSG-2xLynk(N); tdmScarlet3-H2B(C),tdmSG-membrane; tdmScarlet3-histone,membrane; histone,sg; scarlet3,DH,12/8/25,,606,303,51,63,189,pdqm-5(301),pdqm-133(324),,,direct,direct,pdqm-5(301); pdqm-133(324),tg(pdqm-5)301; tg(pdqm-133)324,sg; scarlet3,membrane; histone,sg; scarlet3
Aang_Foundation/20251209_mem-histone/fish2_24hpf_roi1CAM2,direct_18,tg(pdqm-5)301; tg(pdqm-133)324,tdmSG-2xLynk(N); tdmScarlet3-H2B(C),tdmSG-membrane; tdmScarlet3-histone,membrane; histone,sg; scarlet3,DH,12/8/25,,63,0,0,63,0,pdqm-5(301),pdqm-133(324),,,direct,direct,pdqm-5(301); pdqm-133(324),tg(pdqm-5)301; tg(pdqm-133)324,sg; scarlet3,membrane; histone,sg; scarlet3
Aang_Foundation/20251209_mem-histone/fish3_24hpf_roi1,direct_18,tg(pdqm-5)301; tg(pdqm-133)324,tdmSG-2xLynk(N); tdmScarlet3-H2B(C),tdmSG-membrane; tdmScarlet3-histone,membrane; histone,sg; scarlet3,DH,12/8/25,,5546,2773,2669,26,78,pdqm-5(301),pdqm-133(324),,,direct,direct,pdqm-5(301); pdqm-133(324),tg(pdqm-5)301; tg(pdqm-133)324,sg; scarlet3,membrane; histone,sg; scarlet3
Aang_Foundation/20251209_mem-histone/fish3_24hpf_roi1CAM2,direct_18,tg(pdqm-5)301; tg(pdqm-133)324,tdmSG-2xLynk(N); tdmScarlet3-H2B(C),tdmSG-membrane; tdmScarlet3-histone,membrane; histone,sg; scarlet3,DH,12/8/25,,26,0,0,26,0,pdqm-5(301),pdqm-133(324),,,direct,direct,pdqm-5(301); pdqm-133(324),tg(pdqm-5)301; tg(pdqm-133)324,sg; scarlet3,membrane; histone,sg; scarlet3
Aang_Foundation/20251209_mem-histone/fish4_24hpf_roi1,direct_18,tg(pdqm-5)301; tg(pdqm-133)324,tdmSG-2xLynk(N); tdmScarlet3-H2B(C),tdmSG-membrane; tdmScarlet3-histone,membrane; histone,sg; scarlet3,DH,12/8/25,,23057,11497,11043,139,378,pdqm-5(301),pdqm-133(324),,,direct,direct,pdqm-5(301); pdqm-133(324),tg(pdqm-5)301; tg(pdqm-133)324,sg; scarlet3,membrane; histone,sg; scarlet3
Aang_Foundation/20251209_mem-histone/fish4_24hpf_roi1CAM2,direct_18,tg(pdqm-5)301; tg(pdqm-133)324,tdmSG-2xLynk(N); tdmScarlet3-H2B(C),tdmSG-membrane; tdmScarlet3-histone,membrane; histone,sg; scarlet3,DH,12/8/25,,63,0,0,63,0,pdqm-5(301),pdqm-133(324),,,direct,direct,pdqm-5(301); pdqm-133(324),tg(pdqm-5)301; tg(pdqm-133)324,sg; scarlet3,membrane; histone,sg; scarlet3
Aang_Foundation/20251210_mem-histone/fish1_48hpf_roi1,direct_16,tg(pdqm-5)302; tg(pdqm-133)324,tdmSG-2xLynk(N); tdmScarlet3-H2B(C),tdmSG-membrane; tdmScarlet3-histone,membrane; histone,sg; scarlet3,DH,12/8/25,,6879,3439,3328,28,84,pdqm-5(302),pdqm-133(324),,,direct,direct,pdqm-5(302); pdqm-133(324),tg(pdqm-5)302; tg(pdqm-133)324,sg; scarlet3,membrane; histone,sg; scarlet3
Aang_Foundation/20251210_mem-histone/fish1_48hpf_roi1CAM2,direct_16,tg(pdqm-5)302; tg(pdqm-133)324,tdmSG-2xLynk(N); tdmScarlet3-H2B(C),tdmSG-membrane; tdmScarlet3-histone,membrane; histone,sg; scarlet3,DH,12/8/25,,26,0,0,26,0,pdqm-5(302),pdqm-133(324),,,direct,direct,pdqm-5(302); pdqm-133(324),tg(pdqm-5)302; tg(pdqm-133)324,sg; scarlet3,membrane; histone,sg; scarlet3
Aang_Foundation/20251210_mem-histone/fish4_48hpf_roi1,direct_16,tg(pdqm-5)302; tg(pdqm-133)324,tdmSG-2xLynk(N); tdmScarlet3-H2B(C),tdmSG-membrane; tdmScarlet3-histone,membrane; histone,sg; scarlet3,DH,12/8/25,,11152,5576,5440,34,102,pdqm-5(302),pdqm-133(324),,,direct,direct,pdqm-5(302); pdqm-133(324),tg(pdqm-5)302; tg(pdqm-133)324,sg; scarlet3,membrane; histone,sg; scarlet3
Aang_Foundation/20251210_mem-histone/fish4_48hpf_roi1-2,direct_16,tg(pdqm-5)302; tg(pdqm-133)324,tdmSG-2xLynk(N); tdmScarlet3-H2B(C),tdmSG-membrane; tdmScarlet3-histone,membrane; histone,sg; scarlet3,DH,12/8/25,,598,299,163,34,102,pdqm-5(302),pdqm-133(324),,,direct,direct,pdqm-5(302); pdqm-133(324),tg(pdqm-5)302; tg(pdqm-133)324,sg; scarlet3,membrane; histone,sg; scarlet3
Aang_Foundation/20251210_mem-histone/fish4_48hpf_roi1-2CAM2,direct_16,tg(pdqm-5)302; tg(pdqm-133)324,tdmSG-2xLynk(N); tdmScarlet3-H2B(C),tdmSG-membrane; tdmScarlet3-histone,membrane; histone,sg; scarlet3,DH,12/8/25,,34,0,0,34,0,pdqm-5(302),pdqm-133(324),,,direct,direct,pdqm-5(302); pdqm-133(324),tg(pdqm-5)302; tg(pdqm-133)324,sg; scarlet3,membrane; histone,sg; scarlet3
Aang_Foundation/20251210_mem-histone/fish4_48hpf_roi1CAM2,direct_16,tg(pdqm-5)302; tg(pdqm-133)324,tdmSG-2xLynk(N); tdmScarlet3-H2B(C),tdmSG-membrane; tdmScarlet3-histone,membrane; histone,sg; scarlet3,DH,12/8/25,,34,0,0,34,0,pdqm-5(302),pdqm-133(324),,,direct,direct,pdqm-5(302); pdqm-133(324),tg(pdqm-5)302; tg(pdqm-133)324,sg; scarlet3,membrane; histone,sg; scarlet3
Aang_Foundation/20251211_mem-histone/fish1_72hpf_roi1,direct_14,tg(pdqm-5)302; tg(pdqm-133)324,tdmSG-2xLynk(N); tdmScarlet3-H2B(C),tdmSG-membrane; tdmScarlet3-histone,membrane; histone,sg; scarlet3,LHDH,12/8/25,,5460,2730,2442,72,216,pdqm-5(302),pdqm-133(324),,,direct,direct,pdqm-5(302); pdqm-133(324),tg(pdqm-5)302; tg(pdqm-133)324,sg; scarlet3,membrane; histone,sg; scarlet3
Aang_Foundation/20251211_mem-histone/fish1_72hpf_roi1CAM2,direct_14,tg(pdqm-5)302; tg(pdqm-133)324,tdmSG-2xLynk(N); tdmScarlet3-H2B(C),tdmSG-membrane; tdmScarlet3-histone,membrane; histone,sg; scarlet3,LHDH,12/8/25,,72,0,0,72,0,pdqm-5(302),pdqm-133(324),,,direct,direct,pdqm-5(302); pdqm-133(324),tg(pdqm-5)302; tg(pdqm-133)324,sg; scarlet3,membrane; histone,sg; scarlet3
Aang_Foundation/20251211_mem-histone/fish3_72hpf_roi1,direct_14,tg(pdqm-5)302; tg(pdqm-133)324,tdmSG-2xLynk(N); tdmScarlet3-H2B(C),tdmSG-membrane; tdmScarlet3-histone,membrane; histone,sg; scarlet3,LHDH,12/8/25,,20070,10035,9883,38,114,pdqm-5(302),pdqm-133(324),,,direct,direct,pdqm-5(302); pdqm-133(324),tg(pdqm-5)302; tg(pdqm-133)324,sg; scarlet3,membrane; histone,sg; scarlet3
Aang_Foundation/20251211_mem-histone/fish3_72hpf_roi1CAM2,direct_14,tg(pdqm-5)302; tg(pdqm-133)324,tdmSG-2xLynk(N); tdmScarlet3-H2B(C),tdmSG-membrane; tdmScarlet3-histone,membrane; histone,sg; scarlet3,LHDH,12/8/25,,38,0,0,38,0,pdqm-5(302),pdqm-133(324),,,direct,direct,pdqm-5(302); pdqm-133(324),tg(pdqm-5)302; tg(pdqm-133)324,sg; scarlet3,membrane; histone,sg; scarlet3
Aang_Foundation/20251212_mem-histone/fish2_96hpf_roi1,direct_11,tg(pdqm-5)302; tg(pdqm-133)324,tdmSG-2xLynk(N); tdmScarlet3-H2B(C),tdmSG-membrane; tdmScarlet3-histone,membrane; histone,sg; scarlet3,LHDH,12/8/25,,994,497,101,99,297,pdqm-5(302),pdqm-133(324),,,direct,direct,pdqm-5(302); pdqm-133(324),tg(pdqm-5)302; tg(pdqm-133)324,sg; scarlet3,membrane; histone,sg; scarlet3
Aang_Foundation/20251212_mem-histone/fish2_96hpf_roi1CAM2,direct_11,tg(pdqm-5)302; tg(pdqm-133)324,tdmSG-2xLynk(N); tdmScarlet3-H2B(C),tdmSG-membrane; tdmScarlet3-histone,membrane; histone,sg; scarlet3,LHDH,12/8/25,,99,0,0,99,0,pdqm-5(302),pdqm-133(324),,,direct,direct,pdqm-5(302); pdqm-133(324),tg(pdqm-5)302; tg(pdqm-133)324,sg; scarlet3,membrane; histone,sg; scarlet3
Aang_Foundation/20251212_mem-histone/fish3_96hpf_roi1,direct_11,tg(pdqm-5)302; tg(pdqm-133)324,tdmSG-2xLynk(N); tdmScarlet3-H2B(C),tdmSG-membrane; tdmScarlet3-histone,membrane; histone,sg; scarlet3,LHDH,12/8/25,,22588,11294,9278,504,1512,pdqm-5(302),pdqm-133(324),,,direct,direct,pdqm-5(302); pdqm-133(324),tg(pdqm-5)302; tg(pdqm-133)324,sg; scarlet3,membrane; histone,sg; scarlet3
Aang_Foundation/20251212_mem-histone/fish3_96hpf_roi1CAM2,direct_11,tg(pdqm-5)302; tg(pdqm-133)324,tdmSG-2xLynk(N); tdmScarlet3-H2B(C),tdmSG-membrane; tdmScarlet3-histone,membrane; histone,sg; scarlet3,LHDH,12/8/25,,504,0,0,504,0,pdqm-5(302),pdqm-133(324),,,direct,direct,pdqm-5(302); pdqm-133(324),tg(pdqm-5)302; tg(pdqm-133)324,sg; scarlet3,membrane; histone,sg; scarlet3
Aang_Foundation/20251216_mem-histone/fish1_24hpf_roi1,direct_9,tg(pdqm-5)301; tg(pdqm-133)324,tdmSG-2xLynk(N); tdmScarlet3-H2B(C),tdmSG-membrane; tdmScarlet3-histone,membrane; histone,sg; scarlet3,DH,12/15/25,,4592,2296,2240,14,42,pdqm-5(301),pdqm-133(324),,,direct,direct,pdqm-5(301); pdqm-133(324),tg(pdqm-5)301; tg(pdqm-133)324,sg; scarlet3,membrane; histone,sg; scarlet3
Aang_Foundation/20251216_mem-histone/fish1_24hpf_roi1CAM2,direct_9,tg(pdqm-5)301; tg(pdqm-133)324,tdmSG-2xLynk(N); tdmScarlet3-H2B(C),tdmSG-membrane; tdmScarlet3-histone,membrane; histone,sg; scarlet3,DH,12/15/25,,14,0,0,14,0,pdqm-5(301),pdqm-133(324),,,direct,direct,pdqm-5(301); pdqm-133(324),tg(pdqm-5)301; tg(pdqm-133)324,sg; scarlet3,membrane; histone,sg; scarlet3
Aang_Foundation/20251216_mem-histone/fish2_24hpf_roi1,direct_9,tg(pdqm-5)301; tg(pdqm-133)324,tdmSG-2xLynk(N); tdmScarlet3-H2B(C),tdmSG-membrane; tdmScarlet3-histone,membrane; histone,sg; scarlet3,DH,12/15/25,,2992,1496,1440,14,42,pdqm-5(301),pdqm-133(324),,,direct,direct,pdqm-5(301); pdqm-133(324),tg(pdqm-5)301; tg(pdqm-133)324,sg; scarlet3,membrane; histone,sg; scarlet3
Aang_Foundation/20251216_mem-histone/fish2_24hpf_roi1CAM2,direct_9,tg(pdqm-5)301; tg(pdqm-133)324,tdmSG-2xLynk(N); tdmScarlet3-H2B(C),tdmSG-membrane; tdmScarlet3-histone,membrane; histone,sg; scarlet3,DH,12/15/25,,14,0,0,14,0,pdqm-5(301),pdqm-133(324),,,direct,direct,pdqm-5(301); pdqm-133(324),tg(pdqm-5)301; tg(pdqm-133)324,sg; scarlet3,membrane; histone,sg; scarlet3
Aang_Foundation/20251216_mem-histone/fish3_24hpf_roi1,direct_9,tg(pdqm-5)301; tg(pdqm-133)324,tdmSG-2xLynk(N); tdmScarlet3-H2B(C),tdmSG-membrane; tdmScarlet3-histone,membrane; histone,sg; scarlet3,DH,12/15/25,,5872,2936,2880,14,42,pdqm-5(301),pdqm-133(324),,,direct,direct,pdqm-5(301); pdqm-133(324),tg(pdqm-5)301; tg(pdqm-133)324,sg; scarlet3,membrane; histone,sg; scarlet3
Aang_Foundation/20251216_mem-histone/fish3_24hpf_roi1CAM2,direct_9,tg(pdqm-5)301; tg(pdqm-133)324,tdmSG-2xLynk(N); tdmScarlet3-H2B(C),tdmSG-membrane; tdmScarlet3-histone,membrane; histone,sg; scarlet3,DH,12/15/25,,14,0,0,14,0,pdqm-5(301),pdqm-133(324),,,direct,direct,pdqm-5(301); pdqm-133(324),tg(pdqm-5)301; tg(pdqm-133)324,sg; scarlet3,membrane; histone,sg; scarlet3
Aang_Foundation/20251216_mem-histone/fish4_24hpf_roi1,direct_9,tg(pdqm-5)301; tg(pdqm-133)324,tdmSG-2xLynk(N); tdmScarlet3-H2B(C),tdmSG-membrane; tdmScarlet3-histone,membrane; histone,sg; scarlet3,DH,12/15/25,,2708,1354,1242,28,84,pdqm-5(301),pdqm-133(324),,,direct,direct,pdqm-5(301); pdqm-133(324),tg(pdqm-5)301; tg(pdqm-133)324,sg; scarlet3,membrane; histone,sg; scarlet3
Aang_Foundation/20251216_mem-histone/fish4_24hpf_roi1-2,direct_9,tg(pdqm-5)301; tg(pdqm-133)324,tdmSG-2xLynk(N); tdmScarlet3-H2B(C),tdmSG-membrane; tdmScarlet3-histone,membrane; histone,sg; scarlet3,DH,12/15/25,,2696,1348,1292,14,42,pdqm-5(301),pdqm-133(324),,,direct,direct,pdqm-5(301); pdqm-133(324),tg(pdqm-5)301; tg(pdqm-133)324,sg; scarlet3,membrane; histone,sg; scarlet3
Aang_Foundation/20251216_mem-histone/fish4_24hpf_roi1-2CAM2,direct_9,tg(pdqm-5)301; tg(pdqm-133)324,tdmSG-2xLynk(N); tdmScarlet3-H2B(C),tdmSG-membrane; tdmScarlet3-histone,membrane; histone,sg; scarlet3,DH,12/15/25,,14,0,0,14,0,pdqm-5(301),pdqm-133(324),,,direct,direct,pdqm-5(301); pdqm-133(324),tg(pdqm-5)301; tg(pdqm-133)324,sg; scarlet3,membrane; histone,sg; scarlet3
Aang_Foundation/20251216_mem-histone/fish4_24hpf_roi1CAM2,direct_9,tg(pdqm-5)301; tg(pdqm-133)324,tdmSG-2xLynk(N); tdmScarlet3-H2B(C),tdmSG-membrane; tdmScarlet3-histone,membrane; histone,sg; scarlet3,DH,12/15/25,,28,0,0,28,0,pdqm-5(301),pdqm-133(324),,,direct,direct,pdqm-5(301); pdqm-133(324),tg(pdqm-5)301; tg(pdqm-133)324,sg; scarlet3,membrane; histone,sg; scarlet3
Aang_Foundation/20251217_mem-histone/fish1_48hpf_roi1,direct_8,tg(pdqm-5)302; tg(pdqm-133)324,tdmSG-2xLynk(N); tdmScarlet3-H2B(C),tdmSG-membrane; tdmScarlet3-histone,membrane; histone,sg; scarlet3,DH,12/15/25,,4468,2234,2066,42,126,pdqm-5(302),pdqm-133(324),,,direct,direct,pdqm-5(302); pdqm-133(324),tg(pdqm-5)302; tg(pdqm-133)324,sg; scarlet3,membrane; histone,sg; scarlet3
Aang_Foundation/20251217_mem-histone/fish1_48hpf_roi1CAM2,direct_8,tg(pdqm-5)302; tg(pdqm-133)324,tdmSG-2xLynk(N); tdmScarlet3-H2B(C),tdmSG-membrane; tdmScarlet3-histone,membrane; histone,sg; scarlet3,DH,12/15/25,,42,0,0,42,0,pdqm-5(302),pdqm-133(324),,,direct,direct,pdqm-5(302); pdqm-133(324),tg(pdqm-5)302; tg(pdqm-133)324,sg; scarlet3,membrane; histone,sg; scarlet3
Aang_Foundation/20251217_mem-histone/fish2_48hpf_roi1,direct_8,tg(pdqm-5)302; tg(pdqm-133)324,tdmSG-2xLynk(N); tdmScarlet3-H2B(C),tdmSG-membrane; tdmScarlet3-histone,membrane; histone,sg; scarlet3,DH,12/15/25,,10888,5444,4940,126,378,pdqm-5(302),pdqm-133(324),,,direct,direct,pdqm-5(302); pdqm-133(324),tg(pdqm-5)302; tg(pdqm-133)324,sg; scarlet3,membrane; histone,sg; scarlet3
Aang_Foundation/20251217_mem-histone/fish2_48hpf_roi1CAM2,direct_8,tg(pdqm-5)302; tg(pdqm-133)324,tdmSG-2xLynk(N); tdmScarlet3-H2B(C),tdmSG-membrane; tdmScarlet3-histone,membrane; histone,sg; scarlet3,DH,12/15/25,,126,0,0,126,0,pdqm-5(302),pdqm-133(324),,,direct,direct,pdqm-5(302); pdqm-133(324),tg(pdqm-5)302; tg(pdqm-133)324,sg; scarlet3,membrane; histone,sg; scarlet3
Aang_Foundation/20251217_mem-histone/fish3_48hpf_roi1,direct_8,tg(pdqm-5)302; tg(pdqm-133)324,tdmSG-2xLynk(N); tdmScarlet3-H2B(C),tdmSG-membrane; tdmScarlet3-histone,membrane; histone,sg; scarlet3,DH,12/15/25,,4292,2146,1978,42,126,pdqm-5(302),pdqm-133(324),,,direct,direct,pdqm-5(302); pdqm-133(324),tg(pdqm-5)302; tg(pdqm-133)324,sg; scarlet3,membrane; histone,sg; scarlet3
Aang_Foundation/20251217_mem-histone/fish3_48hpf_roi1CAM2,direct_8,tg(pdqm-5)302; tg(pdqm-133)324,tdmSG-2xLynk(N); tdmScarlet3-H2B(C),tdmSG-membrane; tdmScarlet3-histone,membrane; histone,sg; scarlet3,DH,12/15/25,,42,0,0,42,0,pdqm-5(302),pdqm-133(324),,,direct,direct,pdqm-5(302); pdqm-133(324),tg(pdqm-5)302; tg(pdqm-133)324,sg; scarlet3,membrane; histone,sg; scarlet3
Aang_Foundation/20251217_mem-histone/fish4_48hpf_roi1,direct_8,tg(pdqm-5)302; tg(pdqm-133)324,tdmSG-2xLynk(N); tdmScarlet3-H2B(C),tdmSG-membrane; tdmScarlet3-histone,membrane; histone,sg; scarlet3,DH,12/15/25,,29868,14934,12414,630,1890,pdqm-5(302),pdqm-133(324),,,direct,direct,pdqm-5(302); pdqm-133(324),tg(pdqm-5)302; tg(pdqm-133)324,sg; scarlet3,membrane; histone,sg; scarlet3
Aang_Foundation/20251217_mem-histone/fish4_48hpf_roi1CAM2,direct_8,tg(pdqm-5)302; tg(pdqm-133)324,tdmSG-2xLynk(N); tdmScarlet3-H2B(C),tdmSG-membrane; tdmScarlet3-histone,membrane; histone,sg; scarlet3,DH,12/15/25,,630,0,0,630,0,pdqm-5(302),pdqm-133(324),,,direct,direct,pdqm-5(302); pdqm-133(324),tg(pdqm-5)302; tg(pdqm-133)324,sg; scarlet3,membrane; histone,sg; scarlet3
Aang_Foundation/20251218_mem-histone/fish1_96hpf_roi1,manual_2,tg(pdqm-5)301; tg(pdqm-133)324,tdmSG-2xLynk(N); tdmScarlet3-H2B(C),tdmSG-membrane; tdmScarlet3-histone,membrane; histone,sg; scarlet3,,,,21120,10560,10240,80,240,pdqm-5(301),pdqm-133(324),,,direct_by_clue_map,manual,pdqm-5(301); pdqm-133(324),tg(pdqm-5)301; tg(pdqm-133)324,sg; scarlet3,membrane; histone,sg; scarlet3
Aang_Foundation/20251218_mem-histone/fish1_96hpf_roi1CAM2,manual_2,tg(pdqm-5)301; tg(pdqm-133)324,tdmSG-2xLynk(N); tdmScarlet3-H2B(C),tdmSG-membrane; tdmScarlet3-histone,membrane; histone,sg; scarlet3,,,,80,0,0,80,0,pdqm-5(301),pdqm-133(324),,,direct_by_clue_map,manual,pdqm-5(301); pdqm-133(324),tg(pdqm-5)301; tg(pdqm-133)324,sg; scarlet3,membrane; histone,sg; scarlet3
Aang_Foundation/20251218_mem-histone/fish3_96hpf_roi5,manual_2,tg(pdqm-5)301; tg(pdqm-133)324,tdmSG-2xLynk(N); tdmScarlet3-H2B(C),tdmSG-membrane; tdmScarlet3-histone,membrane; histone,sg; scarlet3,,,,502,251,50,50,151,pdqm-5(301),pdqm-133(324),,,direct_by_clue_map,manual,pdqm-5(301); pdqm-133(324),tg(pdqm-5)301; tg(pdqm-133)324,sg; scarlet3,membrane; histone,sg; scarlet3
Aang_Foundation/20251218_mem-histone/fish3_96hpf_roi5CAM2,manual_2,tg(pdqm-5)301; tg(pdqm-133)324,tdmSG-2xLynk(N); tdmScarlet3-H2B(C),tdmSG-membrane; tdmScarlet3-histone,membrane; histone,sg; scarlet3,,,,50,0,0,50,0,pdqm-5(301),pdqm-133(324),,,direct_by_clue_map,manual,pdqm-5(301); pdqm-133(324),tg(pdqm-5)301; tg(pdqm-133)324,sg; scarlet3,membrane; histone,sg; scarlet3
Aang_Foundation/20251218_mem-histone/fish3_96hpf_roi6,manual_2,tg(pdqm-5)301; tg(pdqm-133)324,tdmSG-2xLynk(N); tdmScarlet3-H2B(C),tdmSG-membrane; tdmScarlet3-histone,membrane; histone,sg; scarlet3,,,,5820,2910,2870,10,30,pdqm-5(301),pdqm-133(324),,,direct_by_clue_map,manual,pdqm-5(301); pdqm-133(324),tg(pdqm-5)301; tg(pdqm-133)324,sg; scarlet3,membrane; histone,sg; scarlet3
Aang_Foundation/20251218_mem-histone/fish3_96hpf_roi6CAM2,manual_2,tg(pdqm-5)301; tg(pdqm-133)324,tdmSG-2xLynk(N); tdmScarlet3-H2B(C),tdmSG-membrane; tdmScarlet3-histone,membrane; histone,sg; scarlet3,,,,10,0,0,10,0,pdqm-5(301),pdqm-133(324),,,direct_by_clue_map,manual,pdqm-5(301); pdqm-133(324),tg(pdqm-5)301; tg(pdqm-133)324,sg; scarlet3,membrane; histone,sg; scarlet3
Aang_Foundation/20251222_mem-histone/fish1_72hpf_roi1,manual_2,tg(pdqm-5)301; tg(pdqm-133)324,tdmSG-2xLynk(N); tdmScarlet3-H2B(C),tdmSG-membrane; tdmScarlet3-histone,membrane; histone,sg; scarlet3,,,,7888,3944,3800,36,108,pdqm-5(301),pdqm-133(324),,,direct_by_clue_map,manual,pdqm-5(301); pdqm-133(324),tg(pdqm-5)301; tg(pdqm-133)324,sg; scarlet3,membrane; histone,sg; scarlet3
Aang_Foundation/20251222_mem-histone/fish1_72hpf_roi1CAM2,manual_2,tg(pdqm-5)301; tg(pdqm-133)324,tdmSG-2xLynk(N); tdmScarlet3-H2B(C),tdmSG-membrane; tdmScarlet3-histone,membrane; histone,sg; scarlet3,,,,36,0,0,36,0,pdqm-5(301),pdqm-133(324),,,direct_by_clue_map,manual,pdqm-5(301); pdqm-133(324),tg(pdqm-5)301; tg(pdqm-133)324,sg; scarlet3,membrane; histone,sg; scarlet3
Aang_Foundation/20251222_mem-histone/fish1_72hpf_roi2,manual_2,tg(pdqm-5)301; tg(pdqm-133)324,tdmSG-2xLynk(N); tdmScarlet3-H2B(C),tdmSG-membrane; tdmScarlet3-histone,membrane; histone,sg; scarlet3,,,,9082,4541,4397,36,108,pdqm-5(301),pdqm-133(324),,,direct_by_clue_map,manual,pdqm-5(301); pdqm-133(324),tg(pdqm-5)301; tg(pdqm-133)324,sg; scarlet3,membrane; histone,sg; scarlet3
Aang_Foundation/20251222_mem-histone/fish1_72hpf_roi2CAM2,manual_2,tg(pdqm-5)301; tg(pdqm-133)324,tdmSG-2xLynk(N); tdmScarlet3-H2B(C),tdmSG-membrane; tdmScarlet3-histone,membrane; histone,sg; scarlet3,,,,36,0,0,36,0,pdqm-5(301),pdqm-133(324),,,direct_by_clue_map,manual,pdqm-5(301); pdqm-133(324),tg(pdqm-5)301; tg(pdqm-133)324,sg; scarlet3,membrane; histone,sg; scarlet3
Exploratory_fish/20250812_mem_organelle/fish1_mem-mSG_ER-mSC3/roi1,manual_8,rna(mgco-36) > tg(pdqm-5)pDQM005,rna(mScarlet3S2-sec61b(N)) > tdmSG-2xLynk(N),rna(mScarlet3S2-ER) > tdmSG-membrane,ER; membrane,scarlet3s2; sg,,,,24,16,8,0,0,(pdqm-5)302,,,mgco-36,direct_by_clue_map,manual,(pDQM005)302,rna(mgco-36) > tg(pdqm-5)pDQM005,scarlet3s2; sg,rna(ER) > membrane,rna(scarlet3s2) > sg
Exploratory_fish/20250812_mem_organelle/fish1_mem-mSG_ER-mSC3/roi2,manual_8,rna(mgco-36) > tg(pdqm-5)pDQM005,rna(mScarlet3S2-sec61b(N)) > tdmSG-2xLynk(N),rna(mScarlet3S2-ER) > tdmSG-membrane,ER; membrane,scarlet3s2; sg,,,,10,5,5,0,0,(pdqm-5)302,,,mgco-36,direct_by_clue_map,manual,(pDQM005)302,rna(mgco-36) > tg(pdqm-5)pDQM005,scarlet3s2; sg,rna(ER) > membrane,rna(scarlet3s2) > sg
Exploratory_fish/20250812_mem_organelle/fish1_mem-mSG_ER-mSC3/roi2-2,manual_8,rna(mgco-36) > tg(pdqm-5)pDQM005,rna(mScarlet3S2-sec61b(N)) > tdmSG-2xLynk(N),rna(mScarlet3S2-ER) > tdmSG-membrane,ER; membrane,scarlet3s2; sg,,,,24,8,16,0,0,(pdqm-5)302,,,mgco-36,direct_by_clue_map,manual,(pDQM005)302,rna(mgco-36) > tg(pdqm-5)pDQM005,scarlet3s2; sg,rna(ER) > membrane,rna(scarlet3s2) > sg
Exploratory_fish/20250812_mem_organelle/fish2_mem-mSG_ER-mSC3,manual_8,rna(mgco-36) > tg(pdqm-5)pDQM005,rna(mScarlet3S2-sec61b(N)) > tdmSG-2xLynk(N),rna(mScarlet3S2-ER) > tdmSG-membrane,ER; membrane,scarlet3s2; sg,,,,81,31,46,0,4,(pdqm-5)302,,,mgco-36,direct_by_clue_map,manual,(pDQM005)302,rna(mgco-36) > tg(pdqm-5)pDQM005,scarlet3s2; sg,rna(ER) > membrane,rna(scarlet3s2) > sg
Exploratory_fish/20250812_mem_organelle/fish2_mem-mSG_ER-mSC3/roi1,manual_8,rna(mgco-36) > tg(pdqm-5)pDQM005,rna(mScarlet3S2-sec61b(N)) > tdmSG-2xLynk(N),rna(mScarlet3S2-ER) > tdmSG-membrane,ER; membrane,scarlet3s2; sg,,,,77,31,46,0,0,(pdqm-5)302,,,mgco-36,direct_by_clue_map,manual,(pDQM005)302,rna(mgco-36) > tg(pdqm-5)pDQM005,scarlet3s2; sg,rna(ER) > membrane,rna(scarlet3s2) > sg
Exploratory_fish/20250812_mem_organelle/fish3_mem-mSG_mito-mSC3/roi1,manual_9,rna(mgco-35) > tg(pdqm-5)pDQM005,rna(mScarlet3S2-2Xcox8A(N)) > tdmSG-2xLynk(N),rna(mScarlet3S2-mitochondria) > tdmSG-membrane,mitochondria; membrane,scarlet3s2; sg,,,,98,26,72,0,0,(pdqm-5)302,,,mgco-35,direct_by_clue_map,manual,(pDQM005)302,rna(mgco-35) > tg(pdqm-5)pDQM005,scarlet3s2; sg,rna(mitochondria) > membrane,rna(scarlet3s2) > sg
Exploratory_fish/20250812_mem_organelle/fish3_mem-mSG_mito-mSC3/roi2,manual_9,rna(mgco-35) > tg(pdqm-5)pDQM005,rna(mScarlet3S2-2Xcox8A(N)) > tdmSG-2xLynk(N),rna(mScarlet3S2-mitochondria) > tdmSG-membrane,mitochondria; membrane,scarlet3s2; sg,,,,92,37,55,0,0,(pdqm-5)302,,,mgco-35,direct_by_clue_map,manual,(pDQM005)302,rna(mgco-35) > tg(pdqm-5)pDQM005,scarlet3s2; sg,rna(mitochondria) > membrane,rna(scarlet3s2) > sg
Exploratory_fish/20250812_mem_organelle/fish3_mem-mSG_mito-mSC3/roi3,manual_9,rna(mgco-35) > tg(pdqm-5)pDQM005,rna(mScarlet3S2-2Xcox8A(N)) > tdmSG-2xLynk(N),rna(mScarlet3S2-mitochondria) > tdmSG-membrane,mitochondria; membrane,scarlet3s2; sg,,,,72,24,48,0,0,(pdqm-5)302,,,mgco-35,direct_by_clue_map,manual,(pDQM005)302,rna(mgco-35) > tg(pdqm-5)pDQM005,scarlet3s2; sg,rna(mitochondria) > membrane,rna(scarlet3s2) > sg
Exploratory_fish/20250812_mem_organelle/fish3_mem-mSG_mito-mSC3/roi4,manual_9,rna(mgco-35) > tg(pdqm-5)pDQM005,rna(mScarlet3S2-2Xcox8A(N)) > tdmSG-2xLynk(N),rna(mScarlet3S2-mitochondria) > tdmSG-membrane,mitochondria; membrane,scarlet3s2; sg,,,,72,24,48,0,0,(pdqm-5)302,,,mgco-35,direct_by_clue_map,manual,(pDQM005)302,rna(mgco-35) > tg(pdqm-5)pDQM005,scarlet3s2; sg,rna(mitochondria) > membrane,rna(scarlet3s2) > sg
Exploratory_fish/20250814_cspinj-mgco35-mscar-mito/fish1_roi1,manual_15,rna(mgco-35),rna(mScarlet3S2-2Xcox8A(N)),rna(mScarlet3S2-mitochondria),mitochondria,scarlet3s2,,,,150,0,150,0,0,,,,mgco-35,direct_by_clue_map,manual,,rna(mgco-35),scarlet3s2,rna(mitochondria),rna(scarlet3s2)
Exploratory_fish/20250814_cspinj-mgco35-mscar-mito/fish1_roi2,manual_15,rna(mgco-35),rna(mScarlet3S2-2Xcox8A(N)),rna(mScarlet3S2-mitochondria),mitochondria,scarlet3s2,,,,250,0,250,0,0,,,,mgco-35,direct_by_clue_map,manual,,rna(mgco-35),scarlet3s2,rna(mitochondria),rna(scarlet3s2)
Exploratory_fish/20250815_2xlink_mscarlet3s2/fish1,manual_10,tg(pdqm-136)pDQM136,tdmScarlet3-2xLynk(N),tdmScarlet3-membrane,membrane,scarlet3,,,,300,0,300,0,0,(pdqm-136)325,,,,direct_by_clue_map,manual,(pDQM136)325,tg(pdqm-136)pDQM136,scarlet3,membrane,scarlet3
Exploratory_fish/20250815_2xlink_mscarlet3s2/fish2,manual_10,tg(pdqm-136)pDQM136,tdmScarlet3-2xLynk(N),tdmScarlet3-membrane,membrane,scarlet3,,,,4,0,4,0,0,(pdqm-136)325,,,,direct_by_clue_map,manual,(pDQM136)325,tg(pdqm-136)pDQM136,scarlet3,membrane,scarlet3
Exploratory_fish/20250815_2xlink_mscarlet3s2/fish2_2,manual_10,tg(pdqm-136)pDQM136,tdmScarlet3-2xLynk(N),tdmScarlet3-membrane,membrane,scarlet3,,,,200,0,200,0,0,(pdqm-136)325,,,,direct_by_clue_map,manual,(pDQM136)325,tg(pdqm-136)pDQM136,scarlet3,membrane,scarlet3
Exploratory_fish/20250818_mem-SG_PDQM085/fish1_roi1,manual_12,plasmid(pdqm-85) > tg(pdqm-5)pDQM005,plasmid(mKate2) > tdmSG-2xLynk(N),plasmid(mKate2-cytosol) > tdmSG-membrane,cytosol; membrane,kate2; sg,,,,300,100,200,0,0,(pdqm-5)302,,pdqm-85,,direct_by_clue_map,manual,(pDQM005)302,plasmid(pdqm-85) > tg(pdqm-5)pDQM005,kate2; sg,plasmid(cytosol) > membrane,plasmid(kate2) > sg
Exploratory_fish/20250818_mem-SG_PDQM085/fish2_roi1,manual_12,plasmid(pdqm-85) > tg(pdqm-5)pDQM005,plasmid(mKate2) > tdmSG-2xLynk(N),plasmid(mKate2-cytosol) > tdmSG-membrane,cytosol; membrane,kate2; sg,,,,240,80,160,0,0,(pdqm-5)302,,pdqm-85,,direct_by_clue_map,manual,(pDQM005)302,plasmid(pdqm-85) > tg(pdqm-5)pDQM005,kate2; sg,plasmid(cytosol) > membrane,plasmid(kate2) > sg
Exploratory_fish/20250818_mem-SG_PDQM085/fish2_roi2,manual_12,plasmid(pdqm-85) > tg(pdqm-5)pDQM005,plasmid(mKate2) > tdmSG-2xLynk(N),plasmid(mKate2-cytosol) > tdmSG-membrane,cytosol; membrane,kate2; sg,,,,360,120,240,0,0,(pdqm-5)302,,pdqm-85,,direct_by_clue_map,manual,(pDQM005)302,plasmid(pdqm-85) > tg(pdqm-5)pDQM005,kate2; sg,plasmid(cytosol) > membrane,plasmid(kate2) > sg
Exploratory_fish/20250818_mem-SG_PDQM145/fish1_roi1,manual_13,plasmid(pdqm-145) > tg(pdqm-5)pDQM005,plasmid(mCardinal) > tdmSG-2xLynk(N),plasmid(mCardinal-cytosol) > tdmSG-membrane,cytosol; membrane,cardinal; sg,,,,40,20,20,0,0,(pdqm-5)302,,pdqm-145,,direct_by_clue_map,manual,(pDQM005)302,plasmid(pdqm-145) > tg(pdqm-5)pDQM005,cardinal; sg,plasmid(cytosol) > membrane,plasmid(cardinal) > sg
Exploratory_fish/20250818_mem-SG_PDQM145/fish1_roi2,manual_13,plasmid(pdqm-145) > tg(pdqm-5)pDQM005,plasmid(mCardinal) > tdmSG-2xLynk(N),plasmid(mCardinal-cytosol) > tdmSG-membrane,cytosol; membrane,cardinal; sg,,,,240,120,120,0,0,(pdqm-5)302,,pdqm-145,,direct_by_clue_map,manual,(pDQM005)302,plasmid(pdqm-145) > tg(pdqm-5)pDQM005,cardinal; sg,plasmid(cytosol) > membrane,plasmid(cardinal) > sg
Exploratory_fish/20250818_mem-SG_PDQM145/fish2_roi1,manual_13,plasmid(pdqm-145) > tg(pdqm-5)pDQM005,plasmid(mCardinal) > tdmSG-2xLynk(N),plasmid(mCardinal-cytosol) > tdmSG-membrane,cytosol; membrane,cardinal; sg,,,,40,20,20,0,0,(pdqm-5)302,,pdqm-145,,direct_by_clue_map,manual,(pDQM005)302,plasmid(pdqm-145) > tg(pdqm-5)pDQM005,cardinal; sg,plasmid(cytosol) > membrane,plasmid(cardinal) > sg
Exploratory_fish/20250822_PDQM145/fish1_r1,direct_127,plasmid(pdqm-145),plasmid(mCardinal),plasmid(mCardinal-cytosol),cytosol,cardinal,,8/19/25,,600,200,400,0,0,,,pdqm-145,,direct,direct,,plasmid(pdqm-145),cardinal,plasmid(cytosol),plasmid(cardinal)
Exploratory_fish/20250822_PDQM145/fish1_r2,direct_127,plasmid(pdqm-145),plasmid(mCardinal),plasmid(mCardinal-cytosol),cytosol,cardinal,,8/19/25,,507,169,338,0,0,,,pdqm-145,,direct,direct,,plasmid(pdqm-145),cardinal,plasmid(cytosol),plasmid(cardinal)
Exploratory_fish/20250822_PDQM145/fish1_r3,direct_127,plasmid(pdqm-145),plasmid(mCardinal),plasmid(mCardinal-cytosol),cytosol,cardinal,,8/19/25,,600,200,400,0,0,,,pdqm-145,,direct,direct,,plasmid(pdqm-145),cardinal,plasmid(cytosol),plasmid(cardinal)
Exploratory_fish/20250825_mgco28_mito-mSG/fish1_r1,direct_122,plasmid(mgco-28),plasmid(mStayGold-2Xcox8A(N)),plasmid(mStayGold-mitochondria),mitochondria,staygold,,8/22/25,,80,80,0,0,0,,,mgco-28,,direct,direct,,plasmid(mgco-28),staygold,plasmid(mitochondria),plasmid(staygold)
Exploratory_fish/20250825_mgco28_mito-mSG/fish1_r2,direct_122,plasmid(mgco-28),plasmid(mStayGold-2Xcox8A(N)),plasmid(mStayGold-mitochondria),mitochondria,staygold,,8/22/25,,150,150,0,0,0,,,mgco-28,,direct,direct,,plasmid(mgco-28),staygold,plasmid(mitochondria),plasmid(staygold)
Exploratory_fish/20250825_mgco28_mito-mSG/fish2_r1,direct_122,plasmid(mgco-28),plasmid(mStayGold-2Xcox8A(N)),plasmid(mStayGold-mitochondria),mitochondria,staygold,,8/22/25,,80,80,0,0,0,,,mgco-28,,direct,direct,,plasmid(mgco-28),staygold,plasmid(mitochondria),plasmid(staygold)
Exploratory_fish/20250825_mgco29_er-msg/fish2_r1,direct_125,plasmid(mgco-27),plasmid(mStayGold-sec61b(N)),plasmid(mStayGold-ER),ER,staygold,,8/22/25,,150,150,0,0,0,,,mgco-27,,direct,direct,,plasmid(mgco-27),staygold,plasmid(ER),plasmid(staygold)
Exploratory_fish/20250825_mgco29_er-msg/fish2_r2,direct_125,plasmid(mgco-27),plasmid(mStayGold-sec61b(N)),plasmid(mStayGold-ER),ER,staygold,,8/22/25,,8,8,0,0,0,,,mgco-27,,direct,direct,,plasmid(mgco-27),staygold,plasmid(ER),plasmid(staygold)
Exploratory_fish/20250825_mgco29_er-msg/fish3_r1,direct_125,plasmid(mgco-27),plasmid(mStayGold-sec61b(N)),plasmid(mStayGold-ER),ER,staygold,,8/22/25,,300,300,0,0,0,,,mgco-27,,direct,direct,,plasmid(mgco-27),staygold,plasmid(ER),plasmid(staygold)
Exploratory_fish/20250825_mgco29_er-msg/fish3_r2,direct_125,plasmid(mgco-27),plasmid(mStayGold-sec61b(N)),plasmid(mStayGold-ER),ER,staygold,,8/22/25,,500,500,0,0,0,,,mgco-27,,direct,direct,,plasmid(mgco-27),staygold,plasmid(ER),plasmid(staygold)
Exploratory_fish/20250825_pqdm065_mem-histone/fish1_r1,direct_123,tg(pdqm-5)301,tdmSG-2xLynk(N),tdmSG-membrane,membrane,sg,,8/22/25,,10,5,5,0,0,,pdqm-5(301),,,direct,direct,pdqm-5(301),tg(pdqm-5)301,sg,membrane,sg
Exploratory_fish/20250825_pqdm065_mem-histone/fish2_r1,direct_123,tg(pdqm-5)301,tdmSG-2xLynk(N),tdmSG-membrane,membrane,sg,,8/22/25,,200,100,100,0,0,,pdqm-5(301),,,direct,direct,pdqm-5(301),tg(pdqm-5)301,sg,membrane,sg
Exploratory_fish/20250825_pqdm094_mem-histone/fish1_r1,direct_124,tg(pdqm-5)301,tdmSG-2xLynk(N),tdmSG-membrane,membrane,sg,,8/22/25,,10,5,5,0,0,,pdqm-5(301),,,direct,direct,pdqm-5(301),tg(pdqm-5)301,sg,membrane,sg
Exploratory_fish/20250825_pqdm094_mem-histone/fish2_r1,direct_124,tg(pdqm-5)301,tdmSG-2xLynk(N),tdmSG-membrane,membrane,sg,,8/22/25,,8,4,4,0,0,,pdqm-5(301),,,direct,direct,pdqm-5(301),tg(pdqm-5)301,sg,membrane,sg
Exploratory_fish/20250909_skittlez,manual_1,tg(pdqm-34)309,Electra2; mCitrine; mKOK; mKate2; mTFP1,Electra2-cytosol; mCitrine-cytosol; mKOK-cytosol; mKate2-cytosol; mTFP1-cytosol,cytosol,electra2; citrine; kok; kate2; tfp1,,,,174,96,76,0,2,pdqm-34(309),pdqm-34(309),,,direct_by_clue_map,manual,pdqm-34(309),tg(pdqm-34)309,electra2; citrine; kok; kate2; tfp1,cytosol,electra2; citrine; kok; kate2; tfp1
Exploratory_fish/20250909_skittlez/chris_x_liam/fish2,manual_1,tg(pdqm-34)309,Electra2; mCitrine; mKOK; mKate2; mTFP1,Electra2-cytosol; mCitrine-cytosol; mKOK-cytosol; mKate2-cytosol; mTFP1-cytosol,cytosol,electra2; citrine; kok; kate2; tfp1,,,,40,26,14,0,0,pdqm-34(309),pdqm-34(309),,,direct_by_clue_map,manual,pdqm-34(309),tg(pdqm-34)309,electra2; citrine; kok; kate2; tfp1,cytosol,electra2; citrine; kok; kate2; tfp1
Exploratory_fish/20250909_skittlez/chris_x_liam/fish3,manual_1,tg(pdqm-34)309,Electra2; mCitrine; mKOK; mKate2; mTFP1,Electra2-cytosol; mCitrine-cytosol; mKOK-cytosol; mKate2-cytosol; mTFP1-cytosol,cytosol,electra2; citrine; kok; kate2; tfp1,,,,36,24,12,0,0,pdqm-34(309),pdqm-34(309),,,direct_by_clue_map,manual,pdqm-34(309),tg(pdqm-34)309,electra2; citrine; kok; kate2; tfp1,cytosol,electra2; citrine; kok; kate2; tfp1
Exploratory_fish/20250909_skittlez/newSkittlez/fish1,manual_1,tg(pdqm-34)309,Electra2; mCitrine; mKOK; mKate2; mTFP1,Electra2-cytosol; mCitrine-cytosol; mKOK-cytosol; mKate2-cytosol; mTFP1-cytosol,cytosol,electra2; citrine; kok; kate2; tfp1,,,,20,10,10,0,0,pdqm-34(309),pdqm-34(309),,,direct_by_clue_map,manual,pdqm-34(309),tg(pdqm-34)309,electra2; citrine; kok; kate2; tfp1,cytosol,electra2; citrine; kok; kate2; tfp1
Exploratory_fish/20250909_skittlez/newSkittlez/fish2,manual_1,tg(pdqm-34)309,Electra2; mCitrine; mKOK; mKate2; mTFP1,Electra2-cytosol; mCitrine-cytosol; mKOK-cytosol; mKate2-cytosol; mTFP1-cytosol,cytosol,electra2; citrine; kok; kate2; tfp1,,,,36,18,18,0,0,pdqm-34(309),pdqm-34(309),,,direct_by_clue_map,manual,pdqm-34(309),tg(pdqm-34)309,electra2; citrine; kok; kate2; tfp1,cytosol,electra2; citrine; kok; kate2; tfp1
Exploratory_fish/20250909_skittlez/newSkittlez/fish3,manual_1,tg(pdqm-34)309,Electra2; mCitrine; mKOK; mKate2; mTFP1,Electra2-cytosol; mCitrine-cytosol; mKOK-cytosol; mKate2-cytosol; mTFP1-cytosol,cytosol,electra2; citrine; kok; kate2; tfp1,,,,40,18,22,0,0,pdqm-34(309),pdqm-34(309),,,direct_by_clue_map,manual,pdqm-34(309),tg(pdqm-34)309,electra2; citrine; kok; kate2; tfp1,cytosol,electra2; citrine; kok; kate2; tfp1
Exploratory_fish/20251009_tgmgco-28_founder,manual_21,rna(mgco-28),rna(mStayGold-2Xcox8A(N)),rna(mStayGold-mitochondria),mitochondria,staygold,,,,152,94,3,0,55,,,,mgco-28,direct_by_clue_map,manual,,rna(mgco-28),staygold,rna(mitochondria),rna(staygold)
Exploratory_fish/20251023_mScarlet3S2_2Xcox8A/roi1_z_stack_DOXZ_18um_range,direct_63,tg(mgco-35)336,mScarlet3S2-2Xcox8A(N),mScarlet3S2-mitochondria,mitochondria,scarlet3s2,DH,10/21/25,,1,0,0,0,1,mgco-35(336),,,,direct,direct,mgco-35(336),tg(mgco-35)336,scarlet3s2,mitochondria,scarlet3s2
Exploratory_fish/20251023_mScarlet3S2_2Xcox8A/roi1_z_stack_DOXZ_40um_range,direct_63,tg(mgco-35)336,mScarlet3S2-2Xcox8A(N),mScarlet3S2-mitochondria,mitochondria,scarlet3s2,DH,10/21/25,,1,0,0,0,1,mgco-35(336),,,,direct,direct,mgco-35(336),tg(mgco-35)336,scarlet3s2,mitochondria,scarlet3s2
Exploratory_fish/20251023_mScarlet3S2_2Xcox8A/roi2_lattice_SIM_DOXZ_40um_range,direct_63,tg(mgco-35)336,mScarlet3S2-2Xcox8A(N),mScarlet3S2-mitochondria,mitochondria,scarlet3s2,DH,10/21/25,,1,0,0,0,1,mgco-35(336),,,,direct,direct,mgco-35(336),tg(mgco-35)336,scarlet3s2,mitochondria,scarlet3s2
Exploratory_fish/20251025_er/fish2_r1,direct_57,plasmid(mgco-53),plasmid(mStayGold-calnexin(N)),plasmid(mStayGold-ER),ER,staygold,DH,10/22/25,,90,75,4,0,11,,,mgco-53,,direct,direct,,plasmid(mgco-53),staygold,plasmid(ER),plasmid(staygold)
Exploratory_fish/20251025_er/fish2_r2,direct_57,plasmid(mgco-53),plasmid(mStayGold-calnexin(N)),plasmid(mStayGold-ER),ER,staygold,DH,10/22/25,,736,608,32,0,96,,,mgco-53,,direct,direct,,plasmid(mgco-53),staygold,plasmid(ER),plasmid(staygold)
Exploratory_fish/20251025_lamellipodia_F-actin,direct_58,plasmid(mgco-51) > tg(pdqm-136)325,plasmid(mStayGold-cortactin(C)) > tdmScarlet3-2xLynk(N),plasmid(mStayGold-Lamellipodia) > tdmScarlet3-membrane,Lamellipodia; membrane,staygold; scarlet3,DH,10/22/25,,274,227,12,0,35,,pdqm-136(325),mgco-51,,direct,direct,pdqm-136(325),plasmid(mgco-51) > tg(pdqm-136)325,staygold; scarlet3,plasmid(Lamellipodia) > membrane,plasmid(staygold) > scarlet3
Exploratory_fish/20251025_lamellipodia_F-actin/fish1_roi2,direct_58,plasmid(mgco-51) > tg(pdqm-136)325,plasmid(mStayGold-cortactin(C)) > tdmScarlet3-2xLynk(N),plasmid(mStayGold-Lamellipodia) > tdmScarlet3-membrane,Lamellipodia; membrane,staygold; scarlet3,DH,10/22/25,,90,75,4,0,11,,pdqm-136(325),mgco-51,,direct,direct,pdqm-136(325),plasmid(mgco-51) > tg(pdqm-136)325,staygold; scarlet3,plasmid(Lamellipodia) > membrane,plasmid(staygold) > scarlet3
Exploratory_fish/20251025_lamellipodia_F-actin/fish2_roi1,direct_58,plasmid(mgco-51) > tg(pdqm-136)325,plasmid(mStayGold-cortactin(C)) > tdmScarlet3-2xLynk(N),plasmid(mStayGold-Lamellipodia) > tdmScarlet3-membrane,Lamellipodia; membrane,staygold; scarlet3,DH,10/22/25,,92,76,4,0,12,,pdqm-136(325),mgco-51,,direct,direct,pdqm-136(325),plasmid(mgco-51) > tg(pdqm-136)325,staygold; scarlet3,plasmid(Lamellipodia) > membrane,plasmid(staygold) > scarlet3
Exploratory_fish/20251112_mem-moesin/fish2_roi1,direct_44,plasmid(mgco-60) > tg(pdqm-136)325,plasmid(mStayGold-moesin(C)) > tdmScarlet3-2xLynk(N),plasmid(mStayGold-Factin) > tdmScarlet3-membrane,Factin; membrane,staygold; scarlet3,DH,11/10/25,,40,38,2,0,0,,pdqm-136(325),mgco-60,,direct,direct,pdqm-136(325),plasmid(mgco-60) > tg(pdqm-136)325,staygold; scarlet3,plasmid(Factin) > membrane,plasmid(staygold) > scarlet3
Exploratory_fish/20251112_mem-moesin/fish2_roi1-2,direct_44,plasmid(mgco-60) > tg(pdqm-136)325,plasmid(mStayGold-moesin(C)) > tdmScarlet3-2xLynk(N),plasmid(mStayGold-Factin) > tdmScarlet3-membrane,Factin; membrane,staygold; scarlet3,DH,11/10/25,,50,48,2,0,0,,pdqm-136(325),mgco-60,,direct,direct,pdqm-136(325),plasmid(mgco-60) > tg(pdqm-136)325,staygold; scarlet3,plasmid(Factin) > membrane,plasmid(staygold) > scarlet3
Exploratory_fish/20251211_microtubule/fish1,direct_15,tg(pdqm-132)361,tdmSG-2xLynk(N),tdmSG-membrane,membrane,sg,DH,12/10/25,,128,128,0,0,0,,pdqm-132(361),,,direct,direct,pdqm-132(361),tg(pdqm-132)361,sg,membrane,sg
Exploratory_fish/20251211_microtubule/fish2,direct_15,tg(pdqm-132)361,tdmSG-2xLynk(N),tdmSG-membrane,membrane,sg,DH,12/10/25,,93,93,0,0,0,,pdqm-132(361),,,direct,direct,pdqm-132(361),tg(pdqm-132)361,sg,membrane,sg
Exploratory_fish/20251211_microtubule/fish2_r2,direct_15,tg(pdqm-132)361,tdmSG-2xLynk(N),tdmSG-membrane,membrane,sg,DH,12/10/25,,128,128,0,0,0,,pdqm-132(361),,,direct,direct,pdqm-132(361),tg(pdqm-132)361,sg,membrane,sg
Janelia_Fish/20250731_mito-mSC3,manual_14,rna(mgco-35),rna(mScarlet3S2-2Xcox8A(N)),rna(mScarlet3S2-mitochondria),mitochondria,scarlet3s2,,,,298,0,297,0,1,,,,mgco-35,direct_by_clue_map,manual,,rna(mgco-35),scarlet3s2,rna(mitochondria),rna(scarlet3s2)
Janelia_Fish/20250731_mito-mSC3/fish2_roi1,manual_14,rna(mgco-35),rna(mScarlet3S2-2Xcox8A(N)),rna(mScarlet3S2-mitochondria),mitochondria,scarlet3s2,,,,179,0,179,0,0,,,,mgco-35,direct_by_clue_map,manual,,rna(mgco-35),scarlet3s2,rna(mitochondria),rna(scarlet3s2)
Janelia_Fish/20250731_mito-mSC3/fish2_roi2,manual_14,rna(mgco-35),rna(mScarlet3S2-2Xcox8A(N)),rna(mScarlet3S2-mitochondria),mitochondria,scarlet3s2,,,,118,0,118,0,0,,,,mgco-35,direct_by_clue_map,manual,,rna(mgco-35),scarlet3s2,rna(mitochondria),rna(scarlet3s2)
Janelia_Fish/20250807_golgi-mSG_ER-mSC3,manual_17,rna(mgco-7); rna(mgco-36),rna(mStayGold; mScarlet3S2-sec61b(N)),rna(mStayGold-cytosol; mScarlet3S2-ER),cytosol; ER,staygold; scarlet3s2,,,,2,1,1,0,0,,,,"mgco-7, mgco-36",direct_by_clue_map,manual,,rna(mgco-7); rna(mgco-36),staygold; scarlet3s2,rna(cytosol; ER),rna(staygold; scarlet3s2)
Janelia_Fish/20250813_lamp1-mSC3/fish1/roi1,manual_7,rna(mgco-37),rna(mScarlet3S2-LAMP1(N)),rna(mScarlet3S2-lysosome),lysosome,scarlet3s2,,,,120,60,60,0,0,,,,mgco-37,direct_by_clue_map,manual,,rna(mgco-37),scarlet3s2,rna(lysosome),rna(scarlet3s2)
Janelia_Fish/20250813_lamp1-mSC3/fish1/roi2,manual_7,rna(mgco-37),rna(mScarlet3S2-LAMP1(N)),rna(mScarlet3S2-lysosome),lysosome,scarlet3s2,,,,14,0,14,0,0,,,,mgco-37,direct_by_clue_map,manual,,rna(mgco-37),scarlet3s2,rna(lysosome),rna(scarlet3s2)
Janelia_Fish/20250813_lamp1-mSC3/fish2/roi1,manual_7,rna(mgco-37),rna(mScarlet3S2-LAMP1(N)),rna(mScarlet3S2-lysosome),lysosome,scarlet3s2,,,,20,0,20,0,0,,,,mgco-37,direct_by_clue_map,manual,,rna(mgco-37),scarlet3s2,rna(lysosome),rna(scarlet3s2)
Janelia_Fish/20250813_lamp1-mSC3/fish2/roi2,manual_7,rna(mgco-37),rna(mScarlet3S2-LAMP1(N)),rna(mScarlet3S2-lysosome),lysosome,scarlet3s2,,,,20,0,20,0,0,,,,mgco-37,direct_by_clue_map,manual,,rna(mgco-37),scarlet3s2,rna(lysosome),rna(scarlet3s2)
Janelia_Fish/20250813_lamp1-mSC3/fish2/roi3,manual_7,rna(mgco-37),rna(mScarlet3S2-LAMP1(N)),rna(mScarlet3S2-lysosome),lysosome,scarlet3s2,,,,2,0,2,0,0,,,,mgco-37,direct_by_clue_map,manual,,rna(mgco-37),scarlet3s2,rna(lysosome),rna(scarlet3s2)
Janelia_Fish/20250813_lamp1-mSC3/fish2/roi4,manual_7,rna(mgco-37),rna(mScarlet3S2-LAMP1(N)),rna(mScarlet3S2-lysosome),lysosome,scarlet3s2,,,,60,0,60,0,0,,,,mgco-37,direct_by_clue_map,manual,,rna(mgco-37),scarlet3s2,rna(lysosome),rna(scarlet3s2)
Janelia_Fish/20250821_tubulin-mSG/fish1,direct_131,plasmid(mgco-32),plasmid(mStayGold),plasmid(mStayGold-cytosol),cytosol,staygold,,,,29,29,0,0,0,,,mgco-32,,direct,direct,,plasmid(mgco-32),staygold,plasmid(cytosol),plasmid(staygold)
Janelia_Fish/20250821_tubulin-mSG/fish2_roi1,direct_131,plasmid(mgco-32),plasmid(mStayGold),plasmid(mStayGold-cytosol),cytosol,staygold,,,,280,280,0,0,0,,,mgco-32,,direct,direct,,plasmid(mgco-32),staygold,plasmid(cytosol),plasmid(staygold)
Janelia_Fish/20250829_lifeact-mSG/fish3_roi1,manual_11,rna(mgco-34),rna(mStayGold-lifeact(N)),rna(mStayGold-actin),actin,staygold,,,,197,176,5,0,16,,,,mgco-34,direct_by_clue_map,manual,,rna(mgco-34),staygold,rna(actin),rna(staygold)
Janelia_Fish/20250829_lifeact-mSG/fish3_roi1-2,manual_11,rna(mgco-34),rna(mStayGold-lifeact(N)),rna(mStayGold-actin),actin,staygold,,,,180,168,4,0,8,,,,mgco-34,direct_by_clue_map,manual,,rna(mgco-34),staygold,rna(actin),rna(staygold)
Janelia_Fish/20250829_lifeact-mSG/fish3_roi1-3,manual_11,rna(mgco-34),rna(mStayGold-lifeact(N)),rna(mStayGold-actin),actin,staygold,,,,96,91,1,0,4,,,,mgco-34,direct_by_clue_map,manual,,rna(mgco-34),staygold,rna(actin),rna(staygold)
Korra_Foundation/20250428_mem_histone/fish1_72hpf/roi1_tail,direct_217,rna(pdqm-117) > tg(pdqm-5)301,rna(mScarlet3S2-H2B(N)) > tdmSG-2xLynk(N),rna(mScarlet3S2-histone) > tdmSG-membrane,histone; membrane,scarlet3s2; sg,DT,4/26/25,,3677,1801,1603,117,156,pdqm-5(301),pdqm-5(301),,pdqm-117,direct,direct,pdqm-5(301),rna(pdqm-117) > tg(pdqm-5)301,scarlet3s2; sg,rna(histone) > membrane,rna(scarlet3s2) > sg
Korra_Foundation/20250428_mem_histone/fish1_72hpf/roi2_hindbrain_spine,direct_217,rna(pdqm-117) > tg(pdqm-5)301,rna(mScarlet3S2-H2B(N)) > tdmSG-2xLynk(N),rna(mScarlet3S2-histone) > tdmSG-membrane,histone; membrane,scarlet3s2; sg,DT,4/26/25,,13413,6542,4880,852,1139,pdqm-5(301),pdqm-5(301),,pdqm-117,direct,direct,pdqm-5(301),rna(pdqm-117) > tg(pdqm-5)301,scarlet3s2; sg,rna(histone) > membrane,rna(scarlet3s2) > sg
Korra_Foundation/20250429_mem_cytosol/fish1_24hpf/roi1,direct_216,plasmid(pdqm-140) > tg(pdqm-5)301,plasmid(mGold2s) > tdmSG-2xLynk(N),plasmid(mGold2s-cytosol) > tdmSG-membrane,cytosol; membrane,gold2s; sg,VHUHD,4/28/25,,10311,8456,0,795,1060,pdqm-5(301),pdqm-5(301),pdqm-140,,direct,direct,pdqm-5(301),plasmid(pdqm-140) > tg(pdqm-5)301,gold2s; sg,plasmid(cytosol) > membrane,plasmid(gold2s) > sg
Korra_Foundation/20250429_mem_cytosol/fish1_24hpf/roi1_test,direct_216,plasmid(pdqm-140) > tg(pdqm-5)301,plasmid(mGold2s) > tdmSG-2xLynk(N),plasmid(mGold2s-cytosol) > tdmSG-membrane,cytosol; membrane,gold2s; sg,VHUHD,4/28/25,,517,240,4,117,156,pdqm-5(301),pdqm-5(301),pdqm-140,,direct,direct,pdqm-5(301),plasmid(pdqm-140) > tg(pdqm-5)301,gold2s; sg,plasmid(cytosol) > membrane,plasmid(gold2s) > sg
Korra_Foundation/20250429_mem_cytosol/fish2_48hpf/roi1,direct_214,plasmid(pdqm-140) > tg(pdqm-5)301,plasmid(mGold2s) > tdmSG-2xLynk(N),plasmid(mGold2s-cytosol) > tdmSG-membrane,cytosol; membrane,gold2s; sg,DH,4/28/25,,3579,3348,0,99,132,pdqm-5(301),pdqm-5(301),pdqm-140,,direct,direct,pdqm-5(301),plasmid(pdqm-140) > tg(pdqm-5)301,gold2s; sg,plasmid(cytosol) > membrane,plasmid(gold2s) > sg
Korra_Foundation/20250429_mem_cytosol/fish3_mem-halo_24hpf/roi1,direct_215,plasmid(pdqm-140) > tg(pswin-1)is01,plasmid(mGold2s) > halo-2xLynk(N),plasmid(mGold2s-cytosol) > halo-membrane,cytosol; membrane,gold2s; halo,DH,4/29/25,,117,52,9,24,32,pswin-1(is01),pswin-1(is01),pdqm-140,,direct,direct,pswin-1(is01),plasmid(pdqm-140) > tg(pswin-1)is01,gold2s; halo,plasmid(cytosol) > membrane,plasmid(gold2s) > halo
Korra_Foundation/20250429_mem_cytosol/fish3_mem-halo_24hpf/roi2,direct_215,plasmid(pdqm-140) > tg(pswin-1)is01,plasmid(mGold2s) > halo-2xLynk(N),plasmid(mGold2s-cytosol) > halo-membrane,cytosol; membrane,gold2s; halo,DH,4/29/25,,7806,3792,2560,623,831,pswin-1(is01),pswin-1(is01),pdqm-140,,direct,direct,pswin-1(is01),plasmid(pdqm-140) > tg(pswin-1)is01,gold2s; halo,plasmid(cytosol) > membrane,plasmid(gold2s) > halo
Korra_Foundation/20250429_mem_cytosol/fish4_mem-halo_48hpf/roi1,direct_213,plasmid(pdqm-140) > tg(pswin-1)is01,plasmid(mGold2s) > halo-2xLynk(N),plasmid(mGold2s-cytosol) > halo-membrane,cytosol; membrane,gold2s; halo,DT,4/29/25,,5180,2571,1664,405,540,pswin-1(is01),pswin-1(is01),pdqm-140,,direct,direct,pswin-1(is01),plasmid(pdqm-140) > tg(pswin-1)is01,gold2s; halo,plasmid(cytosol) > membrane,plasmid(gold2s) > halo
Korra_Foundation/20250429_mem_cytosol/fish4_mem-halo_48hpf/roi2,direct_213,plasmid(pdqm-140) > tg(pswin-1)is01,plasmid(mGold2s) > halo-2xLynk(N),plasmid(mGold2s-cytosol) > halo-membrane,cytosol; membrane,gold2s; halo,DT,4/29/25,,5583,2838,2304,189,252,pswin-1(is01),pswin-1(is01),pdqm-140,,direct,direct,pswin-1(is01),plasmid(pdqm-140) > tg(pswin-1)is01,gold2s; halo,plasmid(cytosol) > membrane,plasmid(gold2s) > halo
Korra_Foundation/20250429_mem_cytosol/fish4_mem-halo_48hpf/roi3,direct_213,plasmid(pdqm-140) > tg(pswin-1)is01,plasmid(mGold2s) > halo-2xLynk(N),plasmid(mGold2s-cytosol) > halo-membrane,cytosol; membrane,gold2s; halo,DT,4/29/25,,7457,3715,3028,306,408,pswin-1(is01),pswin-1(is01),pdqm-140,,direct,direct,pswin-1(is01),plasmid(pdqm-140) > tg(pswin-1)is01,gold2s; halo,plasmid(cytosol) > membrane,plasmid(gold2s) > halo
Korra_Foundation/20250513_skittles,manual_1,tg(pdqm-34)309,Electra2; mCitrine; mKOK; mKate2; mTFP1,Electra2-cytosol; mCitrine-cytosol; mKOK-cytosol; mKate2-cytosol; mTFP1-cytosol,cytosol,electra2; citrine; kok; kate2; tfp1,,,,6237,3885,770,667,915,pdqm-34(309),pdqm-34(309),,,direct_by_clue_map,manual,pdqm-34(309),tg(pdqm-34)309,electra2; citrine; kok; kate2; tfp1,cytosol,electra2; citrine; kok; kate2; tfp1
Korra_Foundation/20250513_skittles/fish1/roi1,manual_1,tg(pdqm-34)309,Electra2; mCitrine; mKOK; mKate2; mTFP1,Electra2-cytosol; mCitrine-cytosol; mKOK-cytosol; mKate2-cytosol; mTFP1-cytosol,cytosol,electra2; citrine; kok; kate2; tfp1,,,,229,134,42,22,31,pdqm-34(309),pdqm-34(309),,,direct_by_clue_map,manual,pdqm-34(309),tg(pdqm-34)309,electra2; citrine; kok; kate2; tfp1,cytosol,electra2; citrine; kok; kate2; tfp1
Korra_Foundation/20250513_skittles/fish1/roi2,manual_1,tg(pdqm-34)309,Electra2; mCitrine; mKOK; mKate2; mTFP1,Electra2-cytosol; mCitrine-cytosol; mKOK-cytosol; mKate2-cytosol; mTFP1-cytosol,cytosol,electra2; citrine; kok; kate2; tfp1,,,,186,105,39,18,24,pdqm-34(309),pdqm-34(309),,,direct_by_clue_map,manual,pdqm-34(309),tg(pdqm-34)309,electra2; citrine; kok; kate2; tfp1,cytosol,electra2; citrine; kok; kate2; tfp1
Korra_Foundation/20250513_skittles/fish1/roi2_2,manual_1,tg(pdqm-34)309,Electra2; mCitrine; mKOK; mKate2; mTFP1,Electra2-cytosol; mCitrine-cytosol; mKOK-cytosol; mKate2-cytosol; mTFP1-cytosol,cytosol,electra2; citrine; kok; kate2; tfp1,,,,126,66,18,18,24,pdqm-34(309),pdqm-34(309),,,direct_by_clue_map,manual,pdqm-34(309),tg(pdqm-34)309,electra2; citrine; kok; kate2; tfp1,cytosol,electra2; citrine; kok; kate2; tfp1
Korra_Foundation/20250513_skittles/fish10/roi1,manual_1,tg(pdqm-34)309,Electra2; mCitrine; mKOK; mKate2; mTFP1,Electra2-cytosol; mCitrine-cytosol; mKOK-cytosol; mKate2-cytosol; mTFP1-cytosol,cytosol,electra2; citrine; kok; kate2; tfp1,,,,288,180,80,12,16,pdqm-34(309),pdqm-34(309),,,direct_by_clue_map,manual,pdqm-34(309),tg(pdqm-34)309,electra2; citrine; kok; kate2; tfp1,cytosol,electra2; citrine; kok; kate2; tfp1
Korra_Foundation/20250513_skittles/fish11/roi1,manual_1,tg(pdqm-34)309,Electra2; mCitrine; mKOK; mKate2; mTFP1,Electra2-cytosol; mCitrine-cytosol; mKOK-cytosol; mKate2-cytosol; mTFP1-cytosol,cytosol,electra2; citrine; kok; kate2; tfp1,,,,288,180,80,12,16,pdqm-34(309),pdqm-34(309),,,direct_by_clue_map,manual,pdqm-34(309),tg(pdqm-34)309,electra2; citrine; kok; kate2; tfp1,cytosol,electra2; citrine; kok; kate2; tfp1
Korra_Foundation/20250513_skittles/fish12/roi1,manual_1,tg(pdqm-34)309,Electra2; mCitrine; mKOK; mKate2; mTFP1,Electra2-cytosol; mCitrine-cytosol; mKOK-cytosol; mKate2-cytosol; mTFP1-cytosol,cytosol,electra2; citrine; kok; kate2; tfp1,,,,72,45,6,9,12,pdqm-34(309),pdqm-34(309),,,direct_by_clue_map,manual,pdqm-34(309),tg(pdqm-34)309,electra2; citrine; kok; kate2; tfp1,cytosol,electra2; citrine; kok; kate2; tfp1
Korra_Foundation/20250513_skittles/fish12/roi2,manual_1,tg(pdqm-34)309,Electra2; mCitrine; mKOK; mKate2; mTFP1,Electra2-cytosol; mCitrine-cytosol; mKOK-cytosol; mKate2-cytosol; mTFP1-cytosol,cytosol,electra2; citrine; kok; kate2; tfp1,,,,72,45,6,9,12,pdqm-34(309),pdqm-34(309),,,direct_by_clue_map,manual,pdqm-34(309),tg(pdqm-34)309,electra2; citrine; kok; kate2; tfp1,cytosol,electra2; citrine; kok; kate2; tfp1
Korra_Foundation/20250513_skittles/fish12/roi3,manual_1,tg(pdqm-34)309,Electra2; mCitrine; mKOK; mKate2; mTFP1,Electra2-cytosol; mCitrine-cytosol; mKOK-cytosol; mKate2-cytosol; mTFP1-cytosol,cytosol,electra2; citrine; kok; kate2; tfp1,,,,90,63,6,9,12,pdqm-34(309),pdqm-34(309),,,direct_by_clue_map,manual,pdqm-34(309),tg(pdqm-34)309,electra2; citrine; kok; kate2; tfp1,cytosol,electra2; citrine; kok; kate2; tfp1
Korra_Foundation/20250513_skittles/fish13/roi1,manual_1,tg(pdqm-34)309,Electra2; mCitrine; mKOK; mKate2; mTFP1,Electra2-cytosol; mCitrine-cytosol; mKOK-cytosol; mKate2-cytosol; mTFP1-cytosol,cytosol,electra2; citrine; kok; kate2; tfp1,,,,72,45,6,9,12,pdqm-34(309),pdqm-34(309),,,direct_by_clue_map,manual,pdqm-34(309),tg(pdqm-34)309,electra2; citrine; kok; kate2; tfp1,cytosol,electra2; citrine; kok; kate2; tfp1
Korra_Foundation/20250513_skittles/fish13/roi2,manual_1,tg(pdqm-34)309,Electra2; mCitrine; mKOK; mKate2; mTFP1,Electra2-cytosol; mCitrine-cytosol; mKOK-cytosol; mKate2-cytosol; mTFP1-cytosol,cytosol,electra2; citrine; kok; kate2; tfp1,,,,72,45,6,9,12,pdqm-34(309),pdqm-34(309),,,direct_by_clue_map,manual,pdqm-34(309),tg(pdqm-34)309,electra2; citrine; kok; kate2; tfp1,cytosol,electra2; citrine; kok; kate2; tfp1
Korra_Foundation/20250513_skittles/fish13/roi3,manual_1,tg(pdqm-34)309,Electra2; mCitrine; mKOK; mKate2; mTFP1,Electra2-cytosol; mCitrine-cytosol; mKOK-cytosol; mKate2-cytosol; mTFP1-cytosol,cytosol,electra2; citrine; kok; kate2; tfp1,,,,72,45,6,9,12,pdqm-34(309),pdqm-34(309),,,direct_by_clue_map,manual,pdqm-34(309),tg(pdqm-34)309,electra2; citrine; kok; kate2; tfp1,cytosol,electra2; citrine; kok; kate2; tfp1
Korra_Foundation/20250513_skittles/fish13/roi4,manual_1,tg(pdqm-34)309,Electra2; mCitrine; mKOK; mKate2; mTFP1,Electra2-cytosol; mCitrine-cytosol; mKOK-cytosol; mKate2-cytosol; mTFP1-cytosol,cytosol,electra2; citrine; kok; kate2; tfp1,,,,72,45,6,9,12,pdqm-34(309),pdqm-34(309),,,direct_by_clue_map,manual,pdqm-34(309),tg(pdqm-34)309,electra2; citrine; kok; kate2; tfp1,cytosol,electra2; citrine; kok; kate2; tfp1
Korra_Foundation/20250513_skittles/fish14/roi1_brain,manual_1,tg(pdqm-34)309,Electra2; mCitrine; mKOK; mKate2; mTFP1,Electra2-cytosol; mCitrine-cytosol; mKOK-cytosol; mKate2-cytosol; mTFP1-cytosol,cytosol,electra2; citrine; kok; kate2; tfp1,,,,110,65,12,13,20,pdqm-34(309),pdqm-34(309),,,direct_by_clue_map,manual,pdqm-34(309),tg(pdqm-34)309,electra2; citrine; kok; kate2; tfp1,cytosol,electra2; citrine; kok; kate2; tfp1
Korra_Foundation/20250513_skittles/fish14/roi2_tailbud,manual_1,tg(pdqm-34)309,Electra2; mCitrine; mKOK; mKate2; mTFP1,Electra2-cytosol; mCitrine-cytosol; mKOK-cytosol; mKate2-cytosol; mTFP1-cytosol,cytosol,electra2; citrine; kok; kate2; tfp1,,,,90,63,6,9,12,pdqm-34(309),pdqm-34(309),,,direct_by_clue_map,manual,pdqm-34(309),tg(pdqm-34)309,electra2; citrine; kok; kate2; tfp1,cytosol,electra2; citrine; kok; kate2; tfp1
Korra_Foundation/20250513_skittles/fish15/roi1,manual_1,tg(pdqm-34)309,Electra2; mCitrine; mKOK; mKate2; mTFP1,Electra2-cytosol; mCitrine-cytosol; mKOK-cytosol; mKate2-cytosol; mTFP1-cytosol,cytosol,electra2; citrine; kok; kate2; tfp1,,,,195,162,12,9,12,pdqm-34(309),pdqm-34(309),,,direct_by_clue_map,manual,pdqm-34(309),tg(pdqm-34)309,electra2; citrine; kok; kate2; tfp1,cytosol,electra2; citrine; kok; kate2; tfp1
Korra_Foundation/20250513_skittles/fish15/roi2,manual_1,tg(pdqm-34)309,Electra2; mCitrine; mKOK; mKate2; mTFP1,Electra2-cytosol; mCitrine-cytosol; mKOK-cytosol; mKate2-cytosol; mTFP1-cytosol,cytosol,electra2; citrine; kok; kate2; tfp1,,,,144,117,6,9,12,pdqm-34(309),pdqm-34(309),,,direct_by_clue_map,manual,pdqm-34(309),tg(pdqm-34)309,electra2; citrine; kok; kate2; tfp1,cytosol,electra2; citrine; kok; kate2; tfp1
Korra_Foundation/20250513_skittles/fish15/roi3,manual_1,tg(pdqm-34)309,Electra2; mCitrine; mKOK; mKate2; mTFP1,Electra2-cytosol; mCitrine-cytosol; mKOK-cytosol; mKate2-cytosol; mTFP1-cytosol,cytosol,electra2; citrine; kok; kate2; tfp1,,,,144,117,6,9,12,pdqm-34(309),pdqm-34(309),,,direct_by_clue_map,manual,pdqm-34(309),tg(pdqm-34)309,electra2; citrine; kok; kate2; tfp1,cytosol,electra2; citrine; kok; kate2; tfp1
Korra_Foundation/20250513_skittles/fish15/roi4,manual_1,tg(pdqm-34)309,Electra2; mCitrine; mKOK; mKate2; mTFP1,Electra2-cytosol; mCitrine-cytosol; mKOK-cytosol; mKate2-cytosol; mTFP1-cytosol,cytosol,electra2; citrine; kok; kate2; tfp1,,,,144,117,6,9,12,pdqm-34(309),pdqm-34(309),,,direct_by_clue_map,manual,pdqm-34(309),tg(pdqm-34)309,electra2; citrine; kok; kate2; tfp1,cytosol,electra2; citrine; kok; kate2; tfp1
Korra_Foundation/20250513_skittles/fish16/roi1_brain,manual_1,tg(pdqm-34)309,Electra2; mCitrine; mKOK; mKate2; mTFP1,Electra2-cytosol; mCitrine-cytosol; mKOK-cytosol; mKate2-cytosol; mTFP1-cytosol,cytosol,electra2; citrine; kok; kate2; tfp1,,,,90,63,6,9,12,pdqm-34(309),pdqm-34(309),,,direct_by_clue_map,manual,pdqm-34(309),tg(pdqm-34)309,electra2; citrine; kok; kate2; tfp1,cytosol,electra2; citrine; kok; kate2; tfp1
Korra_Foundation/20250513_skittles/fish2/roi1,manual_1,tg(pdqm-34)309,Electra2; mCitrine; mKOK; mKate2; mTFP1,Electra2-cytosol; mCitrine-cytosol; mKOK-cytosol; mKate2-cytosol; mTFP1-cytosol,cytosol,electra2; citrine; kok; kate2; tfp1,,,,95,45,6,18,26,pdqm-34(309),pdqm-34(309),,,direct_by_clue_map,manual,pdqm-34(309),tg(pdqm-34)309,electra2; citrine; kok; kate2; tfp1,cytosol,electra2; citrine; kok; kate2; tfp1
Korra_Foundation/20250513_skittles/fish2/roi2,manual_1,tg(pdqm-34)309,Electra2; mCitrine; mKOK; mKate2; mTFP1,Electra2-cytosol; mCitrine-cytosol; mKOK-cytosol; mKate2-cytosol; mTFP1-cytosol,cytosol,electra2; citrine; kok; kate2; tfp1,,,,82,36,4,18,24,pdqm-34(309),pdqm-34(309),,,direct_by_clue_map,manual,pdqm-34(309),tg(pdqm-34)309,electra2; citrine; kok; kate2; tfp1,cytosol,electra2; citrine; kok; kate2; tfp1
Korra_Foundation/20250513_skittles/fish3/roi1,manual_1,tg(pdqm-34)309,Electra2; mCitrine; mKOK; mKate2; mTFP1,Electra2-cytosol; mCitrine-cytosol; mKOK-cytosol; mKate2-cytosol; mTFP1-cytosol,cytosol,electra2; citrine; kok; kate2; tfp1,,,,144,78,24,18,24,pdqm-34(309),pdqm-34(309),,,direct_by_clue_map,manual,pdqm-34(309),tg(pdqm-34)309,electra2; citrine; kok; kate2; tfp1,cytosol,electra2; citrine; kok; kate2; tfp1
Korra_Foundation/20250513_skittles/fish3/roi2,manual_1,tg(pdqm-34)309,Electra2; mCitrine; mKOK; mKate2; mTFP1,Electra2-cytosol; mCitrine-cytosol; mKOK-cytosol; mKate2-cytosol; mTFP1-cytosol,cytosol,electra2; citrine; kok; kate2; tfp1,,,,174,120,12,18,24,pdqm-34(309),pdqm-34(309),,,direct_by_clue_map,manual,pdqm-34(309),tg(pdqm-34)309,electra2; citrine; kok; kate2; tfp1,cytosol,electra2; citrine; kok; kate2; tfp1
Korra_Foundation/20250513_skittles/fish3/roi3,manual_1,tg(pdqm-34)309,Electra2; mCitrine; mKOK; mKate2; mTFP1,Electra2-cytosol; mCitrine-cytosol; mKOK-cytosol; mKate2-cytosol; mTFP1-cytosol,cytosol,electra2; citrine; kok; kate2; tfp1,,,,174,120,12,18,24,pdqm-34(309),pdqm-34(309),,,direct_by_clue_map,manual,pdqm-34(309),tg(pdqm-34)309,electra2; citrine; kok; kate2; tfp1,cytosol,electra2; citrine; kok; kate2; tfp1
Korra_Foundation/20250513_skittles/fish3/roi4,manual_1,tg(pdqm-34)309,Electra2; mCitrine; mKOK; mKate2; mTFP1,Electra2-cytosol; mCitrine-cytosol; mKOK-cytosol; mKate2-cytosol; mTFP1-cytosol,cytosol,electra2; citrine; kok; kate2; tfp1,,,,174,120,12,18,24,pdqm-34(309),pdqm-34(309),,,direct_by_clue_map,manual,pdqm-34(309),tg(pdqm-34)309,electra2; citrine; kok; kate2; tfp1,cytosol,electra2; citrine; kok; kate2; tfp1
Korra_Foundation/20250513_skittles/fish4/roi1,manual_1,tg(pdqm-34)309,Electra2; mCitrine; mKOK; mKate2; mTFP1,Electra2-cytosol; mCitrine-cytosol; mKOK-cytosol; mKate2-cytosol; mTFP1-cytosol,cytosol,electra2; citrine; kok; kate2; tfp1,,,,128,73,13,18,24,pdqm-34(309),pdqm-34(309),,,direct_by_clue_map,manual,pdqm-34(309),tg(pdqm-34)309,electra2; citrine; kok; kate2; tfp1,cytosol,electra2; citrine; kok; kate2; tfp1
Korra_Foundation/20250513_skittles/fish4/roi2,manual_1,tg(pdqm-34)309,Electra2; mCitrine; mKOK; mKate2; mTFP1,Electra2-cytosol; mCitrine-cytosol; mKOK-cytosol; mKate2-cytosol; mTFP1-cytosol,cytosol,electra2; citrine; kok; kate2; tfp1,,,,180,114,24,18,24,pdqm-34(309),pdqm-34(309),,,direct_by_clue_map,manual,pdqm-34(309),tg(pdqm-34)309,electra2; citrine; kok; kate2; tfp1,cytosol,electra2; citrine; kok; kate2; tfp1
Korra_Foundation/20250513_skittles/fish4/roi3,manual_1,tg(pdqm-34)309,Electra2; mCitrine; mKOK; mKate2; mTFP1,Electra2-cytosol; mCitrine-cytosol; mKOK-cytosol; mKate2-cytosol; mTFP1-cytosol,cytosol,electra2; citrine; kok; kate2; tfp1,,,,126,72,12,18,24,pdqm-34(309),pdqm-34(309),,,direct_by_clue_map,manual,pdqm-34(309),tg(pdqm-34)309,electra2; citrine; kok; kate2; tfp1,cytosol,electra2; citrine; kok; kate2; tfp1
Korra_Foundation/20250513_skittles/fish5/roi1,manual_1,tg(pdqm-34)309,Electra2; mCitrine; mKOK; mKate2; mTFP1,Electra2-cytosol; mCitrine-cytosol; mKOK-cytosol; mKate2-cytosol; mTFP1-cytosol,cytosol,electra2; citrine; kok; kate2; tfp1,,,,345,241,62,18,24,pdqm-34(309),pdqm-34(309),,,direct_by_clue_map,manual,pdqm-34(309),tg(pdqm-34)309,electra2; citrine; kok; kate2; tfp1,cytosol,electra2; citrine; kok; kate2; tfp1
Korra_Foundation/20250513_skittles/fish5/roi2,manual_1,tg(pdqm-34)309,Electra2; mCitrine; mKOK; mKate2; mTFP1,Electra2-cytosol; mCitrine-cytosol; mKOK-cytosol; mKate2-cytosol; mTFP1-cytosol,cytosol,electra2; citrine; kok; kate2; tfp1,,,,126,72,12,18,24,pdqm-34(309),pdqm-34(309),,,direct_by_clue_map,manual,pdqm-34(309),tg(pdqm-34)309,electra2; citrine; kok; kate2; tfp1,cytosol,electra2; citrine; kok; kate2; tfp1
Korra_Foundation/20250513_skittles/fish5/roi3,manual_1,tg(pdqm-34)309,Electra2; mCitrine; mKOK; mKate2; mTFP1,Electra2-cytosol; mCitrine-cytosol; mKOK-cytosol; mKate2-cytosol; mTFP1-cytosol,cytosol,electra2; citrine; kok; kate2; tfp1,,,,126,72,12,18,24,pdqm-34(309),pdqm-34(309),,,direct_by_clue_map,manual,pdqm-34(309),tg(pdqm-34)309,electra2; citrine; kok; kate2; tfp1,cytosol,electra2; citrine; kok; kate2; tfp1
Korra_Foundation/20250513_skittles/fish5/roi4,manual_1,tg(pdqm-34)309,Electra2; mCitrine; mKOK; mKate2; mTFP1,Electra2-cytosol; mCitrine-cytosol; mKOK-cytosol; mKate2-cytosol; mTFP1-cytosol,cytosol,electra2; citrine; kok; kate2; tfp1,,,,126,72,12,18,24,pdqm-34(309),pdqm-34(309),,,direct_by_clue_map,manual,pdqm-34(309),tg(pdqm-34)309,electra2; citrine; kok; kate2; tfp1,cytosol,electra2; citrine; kok; kate2; tfp1
Korra_Foundation/20250513_skittles/fish5/roi5,manual_1,tg(pdqm-34)309,Electra2; mCitrine; mKOK; mKate2; mTFP1,Electra2-cytosol; mCitrine-cytosol; mKOK-cytosol; mKate2-cytosol; mTFP1-cytosol,cytosol,electra2; citrine; kok; kate2; tfp1,,,,126,72,12,18,24,pdqm-34(309),pdqm-34(309),,,direct_by_clue_map,manual,pdqm-34(309),tg(pdqm-34)309,electra2; citrine; kok; kate2; tfp1,cytosol,electra2; citrine; kok; kate2; tfp1
Korra_Foundation/20250513_skittles/fish5/roi6,manual_1,tg(pdqm-34)309,Electra2; mCitrine; mKOK; mKate2; mTFP1,Electra2-cytosol; mCitrine-cytosol; mKOK-cytosol; mKate2-cytosol; mTFP1-cytosol,cytosol,electra2; citrine; kok; kate2; tfp1,,,,126,72,12,18,24,pdqm-34(309),pdqm-34(309),,,direct_by_clue_map,manual,pdqm-34(309),tg(pdqm-34)309,electra2; citrine; kok; kate2; tfp1,cytosol,electra2; citrine; kok; kate2; tfp1
Korra_Foundation/20250513_skittles/fish5/roi7,manual_1,tg(pdqm-34)309,Electra2; mCitrine; mKOK; mKate2; mTFP1,Electra2-cytosol; mCitrine-cytosol; mKOK-cytosol; mKate2-cytosol; mTFP1-cytosol,cytosol,electra2; citrine; kok; kate2; tfp1,,,,126,72,12,18,24,pdqm-34(309),pdqm-34(309),,,direct_by_clue_map,manual,pdqm-34(309),tg(pdqm-34)309,electra2; citrine; kok; kate2; tfp1,cytosol,electra2; citrine; kok; kate2; tfp1
Korra_Foundation/20250513_skittles/fish6/roi1,manual_1,tg(pdqm-34)309,Electra2; mCitrine; mKOK; mKate2; mTFP1,Electra2-cytosol; mCitrine-cytosol; mKOK-cytosol; mKate2-cytosol; mTFP1-cytosol,cytosol,electra2; citrine; kok; kate2; tfp1,,,,198,102,12,36,48,pdqm-34(309),pdqm-34(309),,,direct_by_clue_map,manual,pdqm-34(309),tg(pdqm-34)309,electra2; citrine; kok; kate2; tfp1,cytosol,electra2; citrine; kok; kate2; tfp1
Korra_Foundation/20250513_skittles/fish6/roi2,manual_1,tg(pdqm-34)309,Electra2; mCitrine; mKOK; mKate2; mTFP1,Electra2-cytosol; mCitrine-cytosol; mKOK-cytosol; mKate2-cytosol; mTFP1-cytosol,cytosol,electra2; citrine; kok; kate2; tfp1,,,,126,72,12,18,24,pdqm-34(309),pdqm-34(309),,,direct_by_clue_map,manual,pdqm-34(309),tg(pdqm-34)309,electra2; citrine; kok; kate2; tfp1,cytosol,electra2; citrine; kok; kate2; tfp1
Korra_Foundation/20250513_skittles/fish6/roi3,manual_1,tg(pdqm-34)309,Electra2; mCitrine; mKOK; mKate2; mTFP1,Electra2-cytosol; mCitrine-cytosol; mKOK-cytosol; mKate2-cytosol; mTFP1-cytosol,cytosol,electra2; citrine; kok; kate2; tfp1,,,,126,72,12,18,24,pdqm-34(309),pdqm-34(309),,,direct_by_clue_map,manual,pdqm-34(309),tg(pdqm-34)309,electra2; citrine; kok; kate2; tfp1,cytosol,electra2; citrine; kok; kate2; tfp1
Korra_Foundation/20250513_skittles/fish6/roi4,manual_1,tg(pdqm-34)309,Electra2; mCitrine; mKOK; mKate2; mTFP1,Electra2-cytosol; mCitrine-cytosol; mKOK-cytosol; mKate2-cytosol; mTFP1-cytosol,cytosol,electra2; citrine; kok; kate2; tfp1,,,,126,72,12,18,24,pdqm-34(309),pdqm-34(309),,,direct_by_clue_map,manual,pdqm-34(309),tg(pdqm-34)309,electra2; citrine; kok; kate2; tfp1,cytosol,electra2; citrine; kok; kate2; tfp1
Korra_Foundation/20250513_skittles/fish7/roi1_ear_brain,manual_1,tg(pdqm-34)309,Electra2; mCitrine; mKOK; mKate2; mTFP1,Electra2-cytosol; mCitrine-cytosol; mKOK-cytosol; mKate2-cytosol; mTFP1-cytosol,cytosol,electra2; citrine; kok; kate2; tfp1,,,,180,114,24,18,24,pdqm-34(309),pdqm-34(309),,,direct_by_clue_map,manual,pdqm-34(309),tg(pdqm-34)309,electra2; citrine; kok; kate2; tfp1,cytosol,electra2; citrine; kok; kate2; tfp1
Korra_Foundation/20250513_skittles/fish7/roi2_brain,manual_1,tg(pdqm-34)309,Electra2; mCitrine; mKOK; mKate2; mTFP1,Electra2-cytosol; mCitrine-cytosol; mKOK-cytosol; mKate2-cytosol; mTFP1-cytosol,cytosol,electra2; citrine; kok; kate2; tfp1,,,,126,72,12,18,24,pdqm-34(309),pdqm-34(309),,,direct_by_clue_map,manual,pdqm-34(309),tg(pdqm-34)309,electra2; citrine; kok; kate2; tfp1,cytosol,electra2; citrine; kok; kate2; tfp1
Korra_Foundation/20250513_skittles/fish8/roi1,manual_1,tg(pdqm-34)309,Electra2; mCitrine; mKOK; mKate2; mTFP1,Electra2-cytosol; mCitrine-cytosol; mKOK-cytosol; mKate2-cytosol; mTFP1-cytosol,cytosol,electra2; citrine; kok; kate2; tfp1,,,,72,42,16,6,8,pdqm-34(309),pdqm-34(309),,,direct_by_clue_map,manual,pdqm-34(309),tg(pdqm-34)309,electra2; citrine; kok; kate2; tfp1,cytosol,electra2; citrine; kok; kate2; tfp1
Korra_Foundation/20250513_skittles/fish9/roi1,manual_1,tg(pdqm-34)309,Electra2; mCitrine; mKOK; mKate2; mTFP1,Electra2-cytosol; mCitrine-cytosol; mKOK-cytosol; mKate2-cytosol; mTFP1-cytosol,cytosol,electra2; citrine; kok; kate2; tfp1,,,,237,144,60,13,20,pdqm-34(309),pdqm-34(309),,,direct_by_clue_map,manual,pdqm-34(309),tg(pdqm-34)309,electra2; citrine; kok; kate2; tfp1,cytosol,electra2; citrine; kok; kate2; tfp1
Korra_Foundation/20250520_mem_histone/fish2/roi1,direct_201,rna(pdqm-117) > tg(pdqm-5)301,rna(mScarlet3S2-H2B(N)) > tdmSG-2xLynk(N),rna(mScarlet3S2-histone) > tdmSG-membrane,histone; membrane,scarlet3s2; sg,DT,,,3636,1801,1024,359,452,pdqm-5(301),pdqm-5(301),,pdqm-117,direct_by_rule_20250520_force_201,direct,pdqm-5(301),rna(pdqm-117) > tg(pdqm-5)301,scarlet3s2; sg,rna(histone) > membrane,rna(scarlet3s2) > sg
Korra_Foundation/20250520_mem_histone/fish4/roi1_tailbud,direct_199,rna(pdqm-117) > tg(pdqm-5)301,rna(mScarlet3S2-H2B(N)) > tdmSG-2xLynk(N),rna(mScarlet3S2-histone) > tdmSG-membrane,histone; membrane,scarlet3s2; sg,LHUT,,,666,311,133,94,128,pdqm-5(301),pdqm-5(301),,pdqm-117,direct,direct,pdqm-5(301),rna(pdqm-117) > tg(pdqm-5)301,scarlet3s2; sg,rna(histone) > membrane,rna(scarlet3s2) > sg
Korra_Foundation/20250520_mem_histone/fish4/roi1_tailbud_2,direct_199,rna(pdqm-117) > tg(pdqm-5)301,rna(mScarlet3S2-H2B(N)) > tdmSG-2xLynk(N),rna(mScarlet3S2-histone) > tdmSG-membrane,histone; membrane,scarlet3s2; sg,LHUT,,,1915,931,513,204,267,pdqm-5(301),pdqm-5(301),,pdqm-117,direct,direct,pdqm-5(301),rna(pdqm-117) > tg(pdqm-5)301,scarlet3s2; sg,rna(histone) > membrane,rna(scarlet3s2) > sg
Korra_Foundation/20250520_mem_histone/fish5/roi1_tailbud,direct_200,rna(pdqm-117) > tg(pdqm-5)301,rna(mScarlet3S2-H2B(N)) > tdmSG-2xLynk(N),rna(mScarlet3S2-histone) > tdmSG-membrane,histone; membrane,scarlet3s2; sg,LHUT,,,5256,2586,1520,502,648,pdqm-5(301),pdqm-5(301),,pdqm-117,direct,direct,pdqm-5(301),rna(pdqm-117) > tg(pdqm-5)301,scarlet3s2; sg,rna(histone) > membrane,rna(scarlet3s2) > sg
Korra_Foundation/20250521_skittles_no-membrane/fish1,direct_198,rna(pdqm-112) > tg(pdqm-36)318; tg(pdqm-34)309,rna(mScarlet) > Electra2; mCitrine; mKOK; mKate2; mTFP1,rna(mScarlet-cytosol) > Electra2-cytosol; mCitrine-cytosol; mKOK-cytosol; mKate2-cytosol; mTFP1-cytosol,cytosol,scarlet; electra2; citrine; kok; kate2; tfp1,,5/20/25,,75,45,30,0,0,pdqm-36(318),pdqm-34(309),,pdqm-112,direct,direct,pdqm-36(318); pdqm-34(309),rna(pdqm-112) > tg(pdqm-36)318; tg(pdqm-34)309,scarlet; electra2; citrine; kok; kate2; tfp1,rna(cytosol) > cytosol,rna(scarlet) > electra2; citrine; kok; kate2; tfp1
Korra_Foundation/20250521_skittles_no-membrane/fish2/roi1,direct_198,rna(pdqm-112) > tg(pdqm-36)318; tg(pdqm-34)309,rna(mScarlet) > Electra2; mCitrine; mKOK; mKate2; mTFP1,rna(mScarlet-cytosol) > Electra2-cytosol; mCitrine-cytosol; mKOK-cytosol; mKate2-cytosol; mTFP1-cytosol,cytosol,scarlet; electra2; citrine; kok; kate2; tfp1,,5/20/25,,180,108,72,0,0,pdqm-36(318),pdqm-34(309),,pdqm-112,direct,direct,pdqm-36(318); pdqm-34(309),rna(pdqm-112) > tg(pdqm-36)318; tg(pdqm-34)309,scarlet; electra2; citrine; kok; kate2; tfp1,rna(cytosol) > cytosol,rna(scarlet) > electra2; citrine; kok; kate2; tfp1
Korra_Foundation/20250521_skittles_no-membrane/fish2/roi2,direct_198,rna(pdqm-112) > tg(pdqm-36)318; tg(pdqm-34)309,rna(mScarlet) > Electra2; mCitrine; mKOK; mKate2; mTFP1,rna(mScarlet-cytosol) > Electra2-cytosol; mCitrine-cytosol; mKOK-cytosol; mKate2-cytosol; mTFP1-cytosol,cytosol,scarlet; electra2; citrine; kok; kate2; tfp1,,5/20/25,,60,36,24,0,0,pdqm-36(318),pdqm-34(309),,pdqm-112,direct,direct,pdqm-36(318); pdqm-34(309),rna(pdqm-112) > tg(pdqm-36)318; tg(pdqm-34)309,scarlet; electra2; citrine; kok; kate2; tfp1,rna(cytosol) > cytosol,rna(scarlet) > electra2; citrine; kok; kate2; tfp1
Korra_Foundation/20250521_skittles_no-membrane/fish3/roi1,direct_198,rna(pdqm-112) > tg(pdqm-36)318; tg(pdqm-34)309,rna(mScarlet) > Electra2; mCitrine; mKOK; mKate2; mTFP1,rna(mScarlet-cytosol) > Electra2-cytosol; mCitrine-cytosol; mKOK-cytosol; mKate2-cytosol; mTFP1-cytosol,cytosol,scarlet; electra2; citrine; kok; kate2; tfp1,,5/20/25,,75,45,30,0,0,pdqm-36(318),pdqm-34(309),,pdqm-112,direct,direct,pdqm-36(318); pdqm-34(309),rna(pdqm-112) > tg(pdqm-36)318; tg(pdqm-34)309,scarlet; electra2; citrine; kok; kate2; tfp1,rna(cytosol) > cytosol,rna(scarlet) > electra2; citrine; kok; kate2; tfp1
Korra_Foundation/20250521_skittles_no-membrane/fish4/roi1,direct_198,rna(pdqm-112) > tg(pdqm-36)318; tg(pdqm-34)309,rna(mScarlet) > Electra2; mCitrine; mKOK; mKate2; mTFP1,rna(mScarlet-cytosol) > Electra2-cytosol; mCitrine-cytosol; mKOK-cytosol; mKate2-cytosol; mTFP1-cytosol,cytosol,scarlet; electra2; citrine; kok; kate2; tfp1,,5/20/25,,90,54,36,0,0,pdqm-36(318),pdqm-34(309),,pdqm-112,direct,direct,pdqm-36(318); pdqm-34(309),rna(pdqm-112) > tg(pdqm-36)318; tg(pdqm-34)309,scarlet; electra2; citrine; kok; kate2; tfp1,rna(cytosol) > cytosol,rna(scarlet) > electra2; citrine; kok; kate2; tfp1
Korra_Foundation/20250521_skittles_no-membrane/fish4/roi2,direct_198,rna(pdqm-112) > tg(pdqm-36)318; tg(pdqm-34)309,rna(mScarlet) > Electra2; mCitrine; mKOK; mKate2; mTFP1,rna(mScarlet-cytosol) > Electra2-cytosol; mCitrine-cytosol; mKOK-cytosol; mKate2-cytosol; mTFP1-cytosol,cytosol,scarlet; electra2; citrine; kok; kate2; tfp1,,5/20/25,,90,54,36,0,0,pdqm-36(318),pdqm-34(309),,pdqm-112,direct,direct,pdqm-36(318); pdqm-34(309),rna(pdqm-112) > tg(pdqm-36)318; tg(pdqm-34)309,scarlet; electra2; citrine; kok; kate2; tfp1,rna(cytosol) > cytosol,rna(scarlet) > electra2; citrine; kok; kate2; tfp1
Korra_Foundation/20250522_skittlez/fish1/roi1,direct_196,tg(pdqm-34)309,Electra2; mCitrine; mKOK; mKate2; mTFP1,Electra2-cytosol; mCitrine-cytosol; mKOK-cytosol; mKate2-cytosol; mTFP1-cytosol,cytosol,electra2; citrine; kok; kate2; tfp1,,5/21/25,,138,83,34,9,12,pdqm-34(309),pdqm-34(309),,,direct,direct+manual_clue_fallback,pdqm-34(309),tg(pdqm-34)309,electra2; citrine; kok; kate2; tfp1,cytosol,electra2; citrine; kok; kate2; tfp1
Korra_Foundation/20250522_skittlez/fish1/roi2,direct_196,tg(pdqm-34)309,Electra2; mCitrine; mKOK; mKate2; mTFP1,Electra2-cytosol; mCitrine-cytosol; mKOK-cytosol; mKate2-cytosol; mTFP1-cytosol,cytosol,electra2; citrine; kok; kate2; tfp1,,5/21/25,,138,83,34,9,12,pdqm-34(309),pdqm-34(309),,,direct,direct+manual_clue_fallback,pdqm-34(309),tg(pdqm-34)309,electra2; citrine; kok; kate2; tfp1,cytosol,electra2; citrine; kok; kate2; tfp1
Korra_Foundation/20250522_skittlez/fish2/roi1,direct_196,tg(pdqm-34)309,Electra2; mCitrine; mKOK; mKate2; mTFP1,Electra2-cytosol; mCitrine-cytosol; mKOK-cytosol; mKate2-cytosol; mTFP1-cytosol,cytosol,electra2; citrine; kok; kate2; tfp1,,5/21/25,,138,83,34,9,12,pdqm-34(309),pdqm-34(309),,,direct,direct+manual_clue_fallback,pdqm-34(309),tg(pdqm-34)309,electra2; citrine; kok; kate2; tfp1,cytosol,electra2; citrine; kok; kate2; tfp1
Korra_Foundation/20250522_skittlez/fish2/roi2,direct_196,tg(pdqm-34)309,Electra2; mCitrine; mKOK; mKate2; mTFP1,Electra2-cytosol; mCitrine-cytosol; mKOK-cytosol; mKate2-cytosol; mTFP1-cytosol,cytosol,electra2; citrine; kok; kate2; tfp1,,5/21/25,,138,83,34,9,12,pdqm-34(309),pdqm-34(309),,,direct,direct+manual_clue_fallback,pdqm-34(309),tg(pdqm-34)309,electra2; citrine; kok; kate2; tfp1,cytosol,electra2; citrine; kok; kate2; tfp1
Korra_Foundation/20250522_skittlez/fish3/roi1,direct_196,tg(pdqm-34)309,Electra2; mCitrine; mKOK; mKate2; mTFP1,Electra2-cytosol; mCitrine-cytosol; mKOK-cytosol; mKate2-cytosol; mTFP1-cytosol,cytosol,electra2; citrine; kok; kate2; tfp1,,5/21/25,,138,83,34,9,12,pdqm-34(309),pdqm-34(309),,,direct,direct+manual_clue_fallback,pdqm-34(309),tg(pdqm-34)309,electra2; citrine; kok; kate2; tfp1,cytosol,electra2; citrine; kok; kate2; tfp1
Korra_Foundation/20250522_skittlez/fish3/roi2,direct_196,tg(pdqm-34)309,Electra2; mCitrine; mKOK; mKate2; mTFP1,Electra2-cytosol; mCitrine-cytosol; mKOK-cytosol; mKate2-cytosol; mTFP1-cytosol,cytosol,electra2; citrine; kok; kate2; tfp1,,5/21/25,,138,83,34,9,12,pdqm-34(309),pdqm-34(309),,,direct,direct+manual_clue_fallback,pdqm-34(309),tg(pdqm-34)309,electra2; citrine; kok; kate2; tfp1,cytosol,electra2; citrine; kok; kate2; tfp1
Korra_Foundation/20250522_skittlez/fish3/roi3,direct_196,tg(pdqm-34)309,Electra2; mCitrine; mKOK; mKate2; mTFP1,Electra2-cytosol; mCitrine-cytosol; mKOK-cytosol; mKate2-cytosol; mTFP1-cytosol,cytosol,electra2; citrine; kok; kate2; tfp1,,5/21/25,,138,83,34,9,12,pdqm-34(309),pdqm-34(309),,,direct,direct+manual_clue_fallback,pdqm-34(309),tg(pdqm-34)309,electra2; citrine; kok; kate2; tfp1,cytosol,electra2; citrine; kok; kate2; tfp1
Korra_Foundation/20250522_skittlez/fish4/roi1,direct_196,tg(pdqm-34)309,Electra2; mCitrine; mKOK; mKate2; mTFP1,Electra2-cytosol; mCitrine-cytosol; mKOK-cytosol; mKate2-cytosol; mTFP1-cytosol,cytosol,electra2; citrine; kok; kate2; tfp1,,5/21/25,,102,59,22,9,12,pdqm-34(309),pdqm-34(309),,,direct,direct+manual_clue_fallback,pdqm-34(309),tg(pdqm-34)309,electra2; citrine; kok; kate2; tfp1,cytosol,electra2; citrine; kok; kate2; tfp1
Korra_Foundation/20250522_skittlez/fish4/roi2,direct_196,tg(pdqm-34)309,Electra2; mCitrine; mKOK; mKate2; mTFP1,Electra2-cytosol; mCitrine-cytosol; mKOK-cytosol; mKate2-cytosol; mTFP1-cytosol,cytosol,electra2; citrine; kok; kate2; tfp1,,5/21/25,,102,59,22,9,12,pdqm-34(309),pdqm-34(309),,,direct,direct+manual_clue_fallback,pdqm-34(309),tg(pdqm-34)309,electra2; citrine; kok; kate2; tfp1,cytosol,electra2; citrine; kok; kate2; tfp1
Korra_Foundation/20250522_skittlez/fish5/roi1,direct_196,tg(pdqm-34)309,Electra2; mCitrine; mKOK; mKate2; mTFP1,Electra2-cytosol; mCitrine-cytosol; mKOK-cytosol; mKate2-cytosol; mTFP1-cytosol,cytosol,electra2; citrine; kok; kate2; tfp1,,5/21/25,,179,104,40,15,20,pdqm-34(309),pdqm-34(309),,,direct,direct+manual_clue_fallback,pdqm-34(309),tg(pdqm-34)309,electra2; citrine; kok; kate2; tfp1,cytosol,electra2; citrine; kok; kate2; tfp1
Korra_Foundation/20250522_skittlez/fish6/roi1,direct_196,tg(pdqm-34)309,Electra2; mCitrine; mKOK; mKate2; mTFP1,Electra2-cytosol; mCitrine-cytosol; mKOK-cytosol; mKate2-cytosol; mTFP1-cytosol,cytosol,electra2; citrine; kok; kate2; tfp1,,5/21/25,,156,95,40,9,12,pdqm-34(309),pdqm-34(309),,,direct,direct+manual_clue_fallback,pdqm-34(309),tg(pdqm-34)309,electra2; citrine; kok; kate2; tfp1,cytosol,electra2; citrine; kok; kate2; tfp1
Korra_Foundation/20250522_skittlez/fish6/roi2,direct_196,tg(pdqm-34)309,Electra2; mCitrine; mKOK; mKate2; mTFP1,Electra2-cytosol; mCitrine-cytosol; mKOK-cytosol; mKate2-cytosol; mTFP1-cytosol,cytosol,electra2; citrine; kok; kate2; tfp1,,5/21/25,,156,95,40,9,12,pdqm-34(309),pdqm-34(309),,,direct,direct+manual_clue_fallback,pdqm-34(309),tg(pdqm-34)309,electra2; citrine; kok; kate2; tfp1,cytosol,electra2; citrine; kok; kate2; tfp1
Korra_Foundation/20250522_skittlez/fish7/roi1,direct_196,tg(pdqm-34)309,Electra2; mCitrine; mKOK; mKate2; mTFP1,Electra2-cytosol; mCitrine-cytosol; mKOK-cytosol; mKate2-cytosol; mTFP1-cytosol,cytosol,electra2; citrine; kok; kate2; tfp1,,5/21/25,,156,95,40,9,12,pdqm-34(309),pdqm-34(309),,,direct,direct+manual_clue_fallback,pdqm-34(309),tg(pdqm-34)309,electra2; citrine; kok; kate2; tfp1,cytosol,electra2; citrine; kok; kate2; tfp1
Korra_Foundation/20250522_skittlez/fish7/roi2,direct_196,tg(pdqm-34)309,Electra2; mCitrine; mKOK; mKate2; mTFP1,Electra2-cytosol; mCitrine-cytosol; mKOK-cytosol; mKate2-cytosol; mTFP1-cytosol,cytosol,electra2; citrine; kok; kate2; tfp1,,5/21/25,,156,95,40,9,12,pdqm-34(309),pdqm-34(309),,,direct,direct+manual_clue_fallback,pdqm-34(309),tg(pdqm-34)309,electra2; citrine; kok; kate2; tfp1,cytosol,electra2; citrine; kok; kate2; tfp1
Korra_Foundation/20250522_skittlez/fish7/roi3,direct_196,tg(pdqm-34)309,Electra2; mCitrine; mKOK; mKate2; mTFP1,Electra2-cytosol; mCitrine-cytosol; mKOK-cytosol; mKate2-cytosol; mTFP1-cytosol,cytosol,electra2; citrine; kok; kate2; tfp1,,5/21/25,,156,95,40,9,12,pdqm-34(309),pdqm-34(309),,,direct,direct+manual_clue_fallback,pdqm-34(309),tg(pdqm-34)309,electra2; citrine; kok; kate2; tfp1,cytosol,electra2; citrine; kok; kate2; tfp1
Korra_Foundation/20250522_skittlez/fish8/roi1,direct_196,tg(pdqm-34)309,Electra2; mCitrine; mKOK; mKate2; mTFP1,Electra2-cytosol; mCitrine-cytosol; mKOK-cytosol; mKate2-cytosol; mTFP1-cytosol,cytosol,electra2; citrine; kok; kate2; tfp1,,5/21/25,,156,95,40,9,12,pdqm-34(309),pdqm-34(309),,,direct,direct+manual_clue_fallback,pdqm-34(309),tg(pdqm-34)309,electra2; citrine; kok; kate2; tfp1,cytosol,electra2; citrine; kok; kate2; tfp1
Korra_Foundation/20250522_skittlez/fish8/roi2,direct_196,tg(pdqm-34)309,Electra2; mCitrine; mKOK; mKate2; mTFP1,Electra2-cytosol; mCitrine-cytosol; mKOK-cytosol; mKate2-cytosol; mTFP1-cytosol,cytosol,electra2; citrine; kok; kate2; tfp1,,5/21/25,,156,95,40,9,12,pdqm-34(309),pdqm-34(309),,,direct,direct+manual_clue_fallback,pdqm-34(309),tg(pdqm-34)309,electra2; citrine; kok; kate2; tfp1,cytosol,electra2; citrine; kok; kate2; tfp1
Korra_Foundation/20250522_skittlez/fish8/roi3,direct_196,tg(pdqm-34)309,Electra2; mCitrine; mKOK; mKate2; mTFP1,Electra2-cytosol; mCitrine-cytosol; mKOK-cytosol; mKate2-cytosol; mTFP1-cytosol,cytosol,electra2; citrine; kok; kate2; tfp1,,5/21/25,,156,95,40,9,12,pdqm-34(309),pdqm-34(309),,,direct,direct+manual_clue_fallback,pdqm-34(309),tg(pdqm-34)309,electra2; citrine; kok; kate2; tfp1,cytosol,electra2; citrine; kok; kate2; tfp1
Korra_Foundation/20250522_skittlez/fish9/roi1,direct_196,tg(pdqm-34)309,Electra2; mCitrine; mKOK; mKate2; mTFP1,Electra2-cytosol; mCitrine-cytosol; mKOK-cytosol; mKate2-cytosol; mTFP1-cytosol,cytosol,electra2; citrine; kok; kate2; tfp1,,5/21/25,,198,120,50,12,16,pdqm-34(309),pdqm-34(309),,,direct,direct+manual_clue_fallback,pdqm-34(309),tg(pdqm-34)309,electra2; citrine; kok; kate2; tfp1,cytosol,electra2; citrine; kok; kate2; tfp1
Korra_Foundation/20250523_mem_histone/fish1/roi1,manual_2,tg(pdqm-5)301; tg(pdqm-133)324,tdmSG-2xLynk(N); tdmScarlet3-H2B(C),tdmSG-membrane; tdmScarlet3-histone,membrane; histone,sg; scarlet3,,,,7160,3360,2000,600,1200,pdqm-5(301),pdqm-133(324),,,direct_by_clue_map,manual,pdqm-5(301); pdqm-133(324),tg(pdqm-5)301; tg(pdqm-133)324,sg; scarlet3,membrane; histone,sg; scarlet3
Korra_Foundation/20250523_mem_histone/fish2/roi1,manual_2,tg(pdqm-5)301; tg(pdqm-133)324,tdmSG-2xLynk(N); tdmScarlet3-H2B(C),tdmSG-membrane; tdmScarlet3-histone,membrane; histone,sg; scarlet3,,,,14281,6742,4300,1079,2160,pdqm-5(301),pdqm-133(324),,,direct_by_clue_map,manual,pdqm-5(301); pdqm-133(324),tg(pdqm-5)301; tg(pdqm-133)324,sg; scarlet3,membrane; histone,sg; scarlet3
Korra_Foundation/20250523_mem_histone/fish3/roi1,manual_2,tg(pdqm-5)301; tg(pdqm-133)324,tdmSG-2xLynk(N); tdmScarlet3-H2B(C),tdmSG-membrane; tdmScarlet3-histone,membrane; histone,sg; scarlet3,,,,7160,3360,2000,600,1200,pdqm-5(301),pdqm-133(324),,,direct_by_clue_map,manual,pdqm-5(301); pdqm-133(324),tg(pdqm-5)301; tg(pdqm-133)324,sg; scarlet3,membrane; histone,sg; scarlet3
Korra_Foundation/20250523_mem_histone/fish4/roi1,manual_2,tg(pdqm-5)301; tg(pdqm-133)324,tdmSG-2xLynk(N); tdmScarlet3-H2B(C),tdmSG-membrane; tdmScarlet3-histone,membrane; histone,sg; scarlet3,,,,7160,3360,2000,600,1200,pdqm-5(301),pdqm-133(324),,,direct_by_clue_map,manual,pdqm-5(301); pdqm-133(324),tg(pdqm-5)301; tg(pdqm-133)324,sg; scarlet3,membrane; histone,sg; scarlet3
Korra_Foundation/20250523_mem_histone/fish5/roi1,direct_194,rna(pdqm-117) > tg(pdqm-5)302,rna(mScarlet3S2-H2B(N)) > tdmSG-2xLynk(N),rna(mScarlet3S2-histone) > tdmSG-membrane,histone; membrane,scarlet3s2; sg,VHUHE,,,12066,5741,3950,782,1593,pdqm-5(302),pdqm-5(302),,pdqm-117,direct,direct,pdqm-5(302),rna(pdqm-117) > tg(pdqm-5)302,scarlet3s2; sg,rna(histone) > membrane,rna(scarlet3s2) > sg
Korra_Foundation/20250528_mem-histone/fish1/roi1_spine,direct_189,rna(pdqm-117) > tg(pdqm-5)302,rna(mScarlet3S2-H2B(N)) > tdmSG-2xLynk(N),rna(mScarlet3S2-histone) > tdmSG-membrane,histone; membrane,scarlet3s2; sg,DT,5/27/25,,3513,1726,1596,62,129,pdqm-5(302),pdqm-5(302),,pdqm-117,direct,direct,pdqm-5(302),rna(pdqm-117) > tg(pdqm-5)302,scarlet3s2; sg,rna(histone) > membrane,rna(scarlet3s2) > sg
Korra_Foundation/20250528_mem-histone/fish2/roi1_brain,direct_192,rna(pdqm-117) > tg(pdqm-5)302,rna(mScarlet3S2-H2B(N)) > tdmSG-2xLynk(N),rna(mScarlet3S2-histone) > tdmSG-membrane,histone; membrane,scarlet3s2; sg,VHUHE,5/27/25,,2030,948,650,144,288,pdqm-5(302),pdqm-5(302),,pdqm-117,direct,direct,pdqm-5(302),rna(pdqm-117) > tg(pdqm-5)302,scarlet3s2; sg,rna(histone) > membrane,rna(scarlet3s2) > sg
Korra_Foundation/20250528_mem-histone/fish3/roi2_spine,direct_193,rna(pdqm-117) > tg(pdqm-5)302,rna(mScarlet3S2-H2B(N)) > tdmSG-2xLynk(N),rna(mScarlet3S2-histone) > tdmSG-membrane,histone; membrane,scarlet3s2; sg,DT,5/27/25,,8724,4064,2821,608,1231,pdqm-5(302),pdqm-5(302),,pdqm-117,direct,direct,pdqm-5(302),rna(pdqm-117) > tg(pdqm-5)302,scarlet3s2; sg,rna(histone) > membrane,rna(scarlet3s2) > sg
Korra_Foundation/20250528_skittlez/fish1/roi1,direct_191,tg(pdqm-34)309,Electra2; mCitrine; mKOK; mKate2; mTFP1,Electra2-cytosol; mCitrine-cytosol; mKOK-cytosol; mKate2-cytosol; mTFP1-cytosol,cytosol,electra2; citrine; kok; kate2; tfp1,DT,5/27/25,,62,36,8,3,15,pdqm-34(309),pdqm-34(309),,,direct,direct+manual_clue_fallback,pdqm-34(309),tg(pdqm-34)309,electra2; citrine; kok; kate2; tfp1,cytosol,electra2; citrine; kok; kate2; tfp1
Korra_Foundation/20250528_skittlez/fish1/roi2,direct_191,tg(pdqm-34)309,Electra2; mCitrine; mKOK; mKate2; mTFP1,Electra2-cytosol; mCitrine-cytosol; mKOK-cytosol; mKate2-cytosol; mTFP1-cytosol,cytosol,electra2; citrine; kok; kate2; tfp1,DT,5/27/25,,56,33,8,3,12,pdqm-34(309),pdqm-34(309),,,direct,direct+manual_clue_fallback,pdqm-34(309),tg(pdqm-34)309,electra2; citrine; kok; kate2; tfp1,cytosol,electra2; citrine; kok; kate2; tfp1
Korra_Foundation/20250529_skittlez/fish10_roi1,direct_190,rna(pdqm-104); rna(pdqm-112); rna(pdqm-47) > tg(pdqm-59)316; tg(pdqm-34)310,rna(mchilada; mScarlet; mSG-2xLynk(N)) > gfp; Electra2; mCitrine; mKOK; mKate2; mTFP1,rna(mchilada-cytosol; mScarlet-cytosol; mSG-membrane) > gfp-cytosol; Electra2-cytosol; mCitrine-cytosol; mKOK-cytosol; mKate2-cytosol; mTFP1-cytosol,cytosol; membrane,chilada; scarlet; sg; gfp; electra2; citrine; kok; kate2; tfp1,,5/28/25,,176,110,48,6,12,pdqm-59(316),pdqm-34(310),,"pdqm-104, pdqm-112, pdqm-47",direct,direct,pdqm-59(316); pdqm-34(310),rna(pdqm-104); rna(pdqm-112); rna(pdqm-47) > tg(pdqm-59)316; tg(pdqm-34)310,chilada; scarlet; sg; gfp; electra2; citrine; kok; kate2; tfp1,rna(cytosol; membrane) > cytosol,rna(chilada; scarlet; sg) > gfp; electra2; citrine; kok; kate2; tfp1
Korra_Foundation/20250529_skittlez/fish11_roi1_eye,direct_190,rna(pdqm-104); rna(pdqm-112); rna(pdqm-47) > tg(pdqm-59)316; tg(pdqm-34)310,rna(mchilada; mScarlet; mSG-2xLynk(N)) > gfp; Electra2; mCitrine; mKOK; mKate2; mTFP1,rna(mchilada-cytosol; mScarlet-cytosol; mSG-membrane) > gfp-cytosol; Electra2-cytosol; mCitrine-cytosol; mKOK-cytosol; mKate2-cytosol; mTFP1-cytosol,cytosol; membrane,chilada; scarlet; sg; gfp; electra2; citrine; kok; kate2; tfp1,,5/28/25,,88,54,22,4,8,pdqm-59(316),pdqm-34(310),,"pdqm-104, pdqm-112, pdqm-47",direct,direct,pdqm-59(316); pdqm-34(310),rna(pdqm-104); rna(pdqm-112); rna(pdqm-47) > tg(pdqm-59)316; tg(pdqm-34)310,chilada; scarlet; sg; gfp; electra2; citrine; kok; kate2; tfp1,rna(cytosol; membrane) > cytosol,rna(chilada; scarlet; sg) > gfp; electra2; citrine; kok; kate2; tfp1
Korra_Foundation/20250529_skittlez/fish11_roi1_eye_2,direct_190,rna(pdqm-104); rna(pdqm-112); rna(pdqm-47) > tg(pdqm-59)316; tg(pdqm-34)310,rna(mchilada; mScarlet; mSG-2xLynk(N)) > gfp; Electra2; mCitrine; mKOK; mKate2; mTFP1,rna(mchilada-cytosol; mScarlet-cytosol; mSG-membrane) > gfp-cytosol; Electra2-cytosol; mCitrine-cytosol; mKOK-cytosol; mKate2-cytosol; mTFP1-cytosol,cytosol; membrane,chilada; scarlet; sg; gfp; electra2; citrine; kok; kate2; tfp1,,5/28/25,,176,110,48,6,12,pdqm-59(316),pdqm-34(310),,"pdqm-104, pdqm-112, pdqm-47",direct,direct,pdqm-59(316); pdqm-34(310),rna(pdqm-104); rna(pdqm-112); rna(pdqm-47) > tg(pdqm-59)316; tg(pdqm-34)310,chilada; scarlet; sg; gfp; electra2; citrine; kok; kate2; tfp1,rna(cytosol; membrane) > cytosol,rna(chilada; scarlet; sg) > gfp; electra2; citrine; kok; kate2; tfp1
Korra_Foundation/20250529_skittlez/fish12_roi1,direct_190,rna(pdqm-104); rna(pdqm-112); rna(pdqm-47) > tg(pdqm-59)316; tg(pdqm-34)310,rna(mchilada; mScarlet; mSG-2xLynk(N)) > gfp; Electra2; mCitrine; mKOK; mKate2; mTFP1,rna(mchilada-cytosol; mScarlet-cytosol; mSG-membrane) > gfp-cytosol; Electra2-cytosol; mCitrine-cytosol; mKOK-cytosol; mKate2-cytosol; mTFP1-cytosol,cytosol; membrane,chilada; scarlet; sg; gfp; electra2; citrine; kok; kate2; tfp1,,5/28/25,,176,110,48,6,12,pdqm-59(316),pdqm-34(310),,"pdqm-104, pdqm-112, pdqm-47",direct,direct,pdqm-59(316); pdqm-34(310),rna(pdqm-104); rna(pdqm-112); rna(pdqm-47) > tg(pdqm-59)316; tg(pdqm-34)310,chilada; scarlet; sg; gfp; electra2; citrine; kok; kate2; tfp1,rna(cytosol; membrane) > cytosol,rna(chilada; scarlet; sg) > gfp; electra2; citrine; kok; kate2; tfp1
Korra_Foundation/20250529_skittlez/fish13_roi1,direct_190,rna(pdqm-104); rna(pdqm-112); rna(pdqm-47) > tg(pdqm-59)316; tg(pdqm-34)310,rna(mchilada; mScarlet; mSG-2xLynk(N)) > gfp; Electra2; mCitrine; mKOK; mKate2; mTFP1,rna(mchilada-cytosol; mScarlet-cytosol; mSG-membrane) > gfp-cytosol; Electra2-cytosol; mCitrine-cytosol; mKOK-cytosol; mKate2-cytosol; mTFP1-cytosol,cytosol; membrane,chilada; scarlet; sg; gfp; electra2; citrine; kok; kate2; tfp1,,5/28/25,,176,110,48,6,12,pdqm-59(316),pdqm-34(310),,"pdqm-104, pdqm-112, pdqm-47",direct,direct,pdqm-59(316); pdqm-34(310),rna(pdqm-104); rna(pdqm-112); rna(pdqm-47) > tg(pdqm-59)316; tg(pdqm-34)310,chilada; scarlet; sg; gfp; electra2; citrine; kok; kate2; tfp1,rna(cytosol; membrane) > cytosol,rna(chilada; scarlet; sg) > gfp; electra2; citrine; kok; kate2; tfp1
Korra_Foundation/20250529_skittlez/fish14_roi1,direct_190,rna(pdqm-104); rna(pdqm-112); rna(pdqm-47) > tg(pdqm-59)316; tg(pdqm-34)310,rna(mchilada; mScarlet; mSG-2xLynk(N)) > gfp; Electra2; mCitrine; mKOK; mKate2; mTFP1,rna(mchilada-cytosol; mScarlet-cytosol; mSG-membrane) > gfp-cytosol; Electra2-cytosol; mCitrine-cytosol; mKOK-cytosol; mKate2-cytosol; mTFP1-cytosol,cytosol; membrane,chilada; scarlet; sg; gfp; electra2; citrine; kok; kate2; tfp1,,5/28/25,,176,110,48,6,12,pdqm-59(316),pdqm-34(310),,"pdqm-104, pdqm-112, pdqm-47",direct,direct,pdqm-59(316); pdqm-34(310),rna(pdqm-104); rna(pdqm-112); rna(pdqm-47) > tg(pdqm-59)316; tg(pdqm-34)310,chilada; scarlet; sg; gfp; electra2; citrine; kok; kate2; tfp1,rna(cytosol; membrane) > cytosol,rna(chilada; scarlet; sg) > gfp; electra2; citrine; kok; kate2; tfp1
Korra_Foundation/20250529_skittlez/fish14_roi2,direct_190,rna(pdqm-104); rna(pdqm-112); rna(pdqm-47) > tg(pdqm-59)316; tg(pdqm-34)310,rna(mchilada; mScarlet; mSG-2xLynk(N)) > gfp; Electra2; mCitrine; mKOK; mKate2; mTFP1,rna(mchilada-cytosol; mScarlet-cytosol; mSG-membrane) > gfp-cytosol; Electra2-cytosol; mCitrine-cytosol; mKOK-cytosol; mKate2-cytosol; mTFP1-cytosol,cytosol; membrane,chilada; scarlet; sg; gfp; electra2; citrine; kok; kate2; tfp1,,5/28/25,,176,110,48,6,12,pdqm-59(316),pdqm-34(310),,"pdqm-104, pdqm-112, pdqm-47",direct,direct,pdqm-59(316); pdqm-34(310),rna(pdqm-104); rna(pdqm-112); rna(pdqm-47) > tg(pdqm-59)316; tg(pdqm-34)310,chilada; scarlet; sg; gfp; electra2; citrine; kok; kate2; tfp1,rna(cytosol; membrane) > cytosol,rna(chilada; scarlet; sg) > gfp; electra2; citrine; kok; kate2; tfp1
Korra_Foundation/20250529_skittlez/fish14_roi3,direct_190,rna(pdqm-104); rna(pdqm-112); rna(pdqm-47) > tg(pdqm-59)316; tg(pdqm-34)310,rna(mchilada; mScarlet; mSG-2xLynk(N)) > gfp; Electra2; mCitrine; mKOK; mKate2; mTFP1,rna(mchilada-cytosol; mScarlet-cytosol; mSG-membrane) > gfp-cytosol; Electra2-cytosol; mCitrine-cytosol; mKOK-cytosol; mKate2-cytosol; mTFP1-cytosol,cytosol; membrane,chilada; scarlet; sg; gfp; electra2; citrine; kok; kate2; tfp1,,5/28/25,,158,98,42,6,12,pdqm-59(316),pdqm-34(310),,"pdqm-104, pdqm-112, pdqm-47",direct,direct,pdqm-59(316); pdqm-34(310),rna(pdqm-104); rna(pdqm-112); rna(pdqm-47) > tg(pdqm-59)316; tg(pdqm-34)310,chilada; scarlet; sg; gfp; electra2; citrine; kok; kate2; tfp1,rna(cytosol; membrane) > cytosol,rna(chilada; scarlet; sg) > gfp; electra2; citrine; kok; kate2; tfp1
Korra_Foundation/20250529_skittlez/fish15_roi1,direct_190,rna(pdqm-104); rna(pdqm-112); rna(pdqm-47) > tg(pdqm-59)316; tg(pdqm-34)310,rna(mchilada; mScarlet; mSG-2xLynk(N)) > gfp; Electra2; mCitrine; mKOK; mKate2; mTFP1,rna(mchilada-cytosol; mScarlet-cytosol; mSG-membrane) > gfp-cytosol; Electra2-cytosol; mCitrine-cytosol; mKOK-cytosol; mKate2-cytosol; mTFP1-cytosol,cytosol; membrane,chilada; scarlet; sg; gfp; electra2; citrine; kok; kate2; tfp1,,5/28/25,,244,150,64,10,20,pdqm-59(316),pdqm-34(310),,"pdqm-104, pdqm-112, pdqm-47",direct,direct,pdqm-59(316); pdqm-34(310),rna(pdqm-104); rna(pdqm-112); rna(pdqm-47) > tg(pdqm-59)316; tg(pdqm-34)310,chilada; scarlet; sg; gfp; electra2; citrine; kok; kate2; tfp1,rna(cytosol; membrane) > cytosol,rna(chilada; scarlet; sg) > gfp; electra2; citrine; kok; kate2; tfp1
Korra_Foundation/20250529_skittlez/fish1_roi1,direct_190,rna(pdqm-104); rna(pdqm-112); rna(pdqm-47) > tg(pdqm-59)316; tg(pdqm-34)310,rna(mchilada; mScarlet; mSG-2xLynk(N)) > gfp; Electra2; mCitrine; mKOK; mKate2; mTFP1,rna(mchilada-cytosol; mScarlet-cytosol; mSG-membrane) > gfp-cytosol; Electra2-cytosol; mCitrine-cytosol; mKOK-cytosol; mKate2-cytosol; mTFP1-cytosol,cytosol; membrane,chilada; scarlet; sg; gfp; electra2; citrine; kok; kate2; tfp1,,5/28/25,,176,110,48,6,12,pdqm-59(316),pdqm-34(310),,"pdqm-104, pdqm-112, pdqm-47",direct,direct,pdqm-59(316); pdqm-34(310),rna(pdqm-104); rna(pdqm-112); rna(pdqm-47) > tg(pdqm-59)316; tg(pdqm-34)310,chilada; scarlet; sg; gfp; electra2; citrine; kok; kate2; tfp1,rna(cytosol; membrane) > cytosol,rna(chilada; scarlet; sg) > gfp; electra2; citrine; kok; kate2; tfp1
Korra_Foundation/20250529_skittlez/fish1_roi2,direct_190,rna(pdqm-104); rna(pdqm-112); rna(pdqm-47) > tg(pdqm-59)316; tg(pdqm-34)310,rna(mchilada; mScarlet; mSG-2xLynk(N)) > gfp; Electra2; mCitrine; mKOK; mKate2; mTFP1,rna(mchilada-cytosol; mScarlet-cytosol; mSG-membrane) > gfp-cytosol; Electra2-cytosol; mCitrine-cytosol; mKOK-cytosol; mKate2-cytosol; mTFP1-cytosol,cytosol; membrane,chilada; scarlet; sg; gfp; electra2; citrine; kok; kate2; tfp1,,5/28/25,,176,110,48,6,12,pdqm-59(316),pdqm-34(310),,"pdqm-104, pdqm-112, pdqm-47",direct,direct,pdqm-59(316); pdqm-34(310),rna(pdqm-104); rna(pdqm-112); rna(pdqm-47) > tg(pdqm-59)316; tg(pdqm-34)310,chilada; scarlet; sg; gfp; electra2; citrine; kok; kate2; tfp1,rna(cytosol; membrane) > cytosol,rna(chilada; scarlet; sg) > gfp; electra2; citrine; kok; kate2; tfp1
Korra_Foundation/20250529_skittlez/fish1_roi3,direct_190,rna(pdqm-104); rna(pdqm-112); rna(pdqm-47) > tg(pdqm-59)316; tg(pdqm-34)310,rna(mchilada; mScarlet; mSG-2xLynk(N)) > gfp; Electra2; mCitrine; mKOK; mKate2; mTFP1,rna(mchilada-cytosol; mScarlet-cytosol; mSG-membrane) > gfp-cytosol; Electra2-cytosol; mCitrine-cytosol; mKOK-cytosol; mKate2-cytosol; mTFP1-cytosol,cytosol; membrane,chilada; scarlet; sg; gfp; electra2; citrine; kok; kate2; tfp1,,5/28/25,,128,78,32,6,12,pdqm-59(316),pdqm-34(310),,"pdqm-104, pdqm-112, pdqm-47",direct,direct,pdqm-59(316); pdqm-34(310),rna(pdqm-104); rna(pdqm-112); rna(pdqm-47) > tg(pdqm-59)316; tg(pdqm-34)310,chilada; scarlet; sg; gfp; electra2; citrine; kok; kate2; tfp1,rna(cytosol; membrane) > cytosol,rna(chilada; scarlet; sg) > gfp; electra2; citrine; kok; kate2; tfp1
Korra_Foundation/20250529_skittlez/fish2_roi1,direct_190,rna(pdqm-104); rna(pdqm-112); rna(pdqm-47) > tg(pdqm-59)316; tg(pdqm-34)310,rna(mchilada; mScarlet; mSG-2xLynk(N)) > gfp; Electra2; mCitrine; mKOK; mKate2; mTFP1,rna(mchilada-cytosol; mScarlet-cytosol; mSG-membrane) > gfp-cytosol; Electra2-cytosol; mCitrine-cytosol; mKOK-cytosol; mKate2-cytosol; mTFP1-cytosol,cytosol; membrane,chilada; scarlet; sg; gfp; electra2; citrine; kok; kate2; tfp1,,5/28/25,,180,110,46,8,16,pdqm-59(316),pdqm-34(310),,"pdqm-104, pdqm-112, pdqm-47",direct,direct,pdqm-59(316); pdqm-34(310),rna(pdqm-104); rna(pdqm-112); rna(pdqm-47) > tg(pdqm-59)316; tg(pdqm-34)310,chilada; scarlet; sg; gfp; electra2; citrine; kok; kate2; tfp1,rna(cytosol; membrane) > cytosol,rna(chilada; scarlet; sg) > gfp; electra2; citrine; kok; kate2; tfp1
Korra_Foundation/20250529_skittlez/fish2_roi2,direct_190,rna(pdqm-104); rna(pdqm-112); rna(pdqm-47) > tg(pdqm-59)316; tg(pdqm-34)310,rna(mchilada; mScarlet; mSG-2xLynk(N)) > gfp; Electra2; mCitrine; mKOK; mKate2; mTFP1,rna(mchilada-cytosol; mScarlet-cytosol; mSG-membrane) > gfp-cytosol; Electra2-cytosol; mCitrine-cytosol; mKOK-cytosol; mKate2-cytosol; mTFP1-cytosol,cytosol; membrane,chilada; scarlet; sg; gfp; electra2; citrine; kok; kate2; tfp1,,5/28/25,,180,110,46,8,16,pdqm-59(316),pdqm-34(310),,"pdqm-104, pdqm-112, pdqm-47",direct,direct,pdqm-59(316); pdqm-34(310),rna(pdqm-104); rna(pdqm-112); rna(pdqm-47) > tg(pdqm-59)316; tg(pdqm-34)310,chilada; scarlet; sg; gfp; electra2; citrine; kok; kate2; tfp1,rna(cytosol; membrane) > cytosol,rna(chilada; scarlet; sg) > gfp; electra2; citrine; kok; kate2; tfp1
Korra_Foundation/20250529_skittlez/fish4_roi1,direct_190,rna(pdqm-104); rna(pdqm-112); rna(pdqm-47) > tg(pdqm-59)316; tg(pdqm-34)310,rna(mchilada; mScarlet; mSG-2xLynk(N)) > gfp; Electra2; mCitrine; mKOK; mKate2; mTFP1,rna(mchilada-cytosol; mScarlet-cytosol; mSG-membrane) > gfp-cytosol; Electra2-cytosol; mCitrine-cytosol; mKOK-cytosol; mKate2-cytosol; mTFP1-cytosol,cytosol; membrane,chilada; scarlet; sg; gfp; electra2; citrine; kok; kate2; tfp1,,5/28/25,,180,110,46,8,16,pdqm-59(316),pdqm-34(310),,"pdqm-104, pdqm-112, pdqm-47",direct,direct,pdqm-59(316); pdqm-34(310),rna(pdqm-104); rna(pdqm-112); rna(pdqm-47) > tg(pdqm-59)316; tg(pdqm-34)310,chilada; scarlet; sg; gfp; electra2; citrine; kok; kate2; tfp1,rna(cytosol; membrane) > cytosol,rna(chilada; scarlet; sg) > gfp; electra2; citrine; kok; kate2; tfp1
Korra_Foundation/20250529_skittlez/fish5_roi1,direct_190,rna(pdqm-104); rna(pdqm-112); rna(pdqm-47) > tg(pdqm-59)316; tg(pdqm-34)310,rna(mchilada; mScarlet; mSG-2xLynk(N)) > gfp; Electra2; mCitrine; mKOK; mKate2; mTFP1,rna(mchilada-cytosol; mScarlet-cytosol; mSG-membrane) > gfp-cytosol; Electra2-cytosol; mCitrine-cytosol; mKOK-cytosol; mKate2-cytosol; mTFP1-cytosol,cytosol; membrane,chilada; scarlet; sg; gfp; electra2; citrine; kok; kate2; tfp1,,5/28/25,,210,130,56,8,16,pdqm-59(316),pdqm-34(310),,"pdqm-104, pdqm-112, pdqm-47",direct,direct,pdqm-59(316); pdqm-34(310),rna(pdqm-104); rna(pdqm-112); rna(pdqm-47) > tg(pdqm-59)316; tg(pdqm-34)310,chilada; scarlet; sg; gfp; electra2; citrine; kok; kate2; tfp1,rna(cytosol; membrane) > cytosol,rna(chilada; scarlet; sg) > gfp; electra2; citrine; kok; kate2; tfp1
Korra_Foundation/20250529_skittlez/fish5_roi2,direct_190,rna(pdqm-104); rna(pdqm-112); rna(pdqm-47) > tg(pdqm-59)316; tg(pdqm-34)310,rna(mchilada; mScarlet; mSG-2xLynk(N)) > gfp; Electra2; mCitrine; mKOK; mKate2; mTFP1,rna(mchilada-cytosol; mScarlet-cytosol; mSG-membrane) > gfp-cytosol; Electra2-cytosol; mCitrine-cytosol; mKOK-cytosol; mKate2-cytosol; mTFP1-cytosol,cytosol; membrane,chilada; scarlet; sg; gfp; electra2; citrine; kok; kate2; tfp1,,5/28/25,,210,130,56,8,16,pdqm-59(316),pdqm-34(310),,"pdqm-104, pdqm-112, pdqm-47",direct,direct,pdqm-59(316); pdqm-34(310),rna(pdqm-104); rna(pdqm-112); rna(pdqm-47) > tg(pdqm-59)316; tg(pdqm-34)310,chilada; scarlet; sg; gfp; electra2; citrine; kok; kate2; tfp1,rna(cytosol; membrane) > cytosol,rna(chilada; scarlet; sg) > gfp; electra2; citrine; kok; kate2; tfp1
Korra_Foundation/20250529_skittlez/fish6_roi1,direct_190,rna(pdqm-104); rna(pdqm-112); rna(pdqm-47) > tg(pdqm-59)316; tg(pdqm-34)310,rna(mchilada; mScarlet; mSG-2xLynk(N)) > gfp; Electra2; mCitrine; mKOK; mKate2; mTFP1,rna(mchilada-cytosol; mScarlet-cytosol; mSG-membrane) > gfp-cytosol; Electra2-cytosol; mCitrine-cytosol; mKOK-cytosol; mKate2-cytosol; mTFP1-cytosol,cytosol; membrane,chilada; scarlet; sg; gfp; electra2; citrine; kok; kate2; tfp1,,5/28/25,,210,130,56,8,16,pdqm-59(316),pdqm-34(310),,"pdqm-104, pdqm-112, pdqm-47",direct,direct,pdqm-59(316); pdqm-34(310),rna(pdqm-104); rna(pdqm-112); rna(pdqm-47) > tg(pdqm-59)316; tg(pdqm-34)310,chilada; scarlet; sg; gfp; electra2; citrine; kok; kate2; tfp1,rna(cytosol; membrane) > cytosol,rna(chilada; scarlet; sg) > gfp; electra2; citrine; kok; kate2; tfp1
Korra_Foundation/20250529_skittlez/fish7_roi1,direct_190,rna(pdqm-104); rna(pdqm-112); rna(pdqm-47) > tg(pdqm-59)316; tg(pdqm-34)310,rna(mchilada; mScarlet; mSG-2xLynk(N)) > gfp; Electra2; mCitrine; mKOK; mKate2; mTFP1,rna(mchilada-cytosol; mScarlet-cytosol; mSG-membrane) > gfp-cytosol; Electra2-cytosol; mCitrine-cytosol; mKOK-cytosol; mKate2-cytosol; mTFP1-cytosol,cytosol; membrane,chilada; scarlet; sg; gfp; electra2; citrine; kok; kate2; tfp1,,5/28/25,,124,78,34,4,8,pdqm-59(316),pdqm-34(310),,"pdqm-104, pdqm-112, pdqm-47",direct,direct,pdqm-59(316); pdqm-34(310),rna(pdqm-104); rna(pdqm-112); rna(pdqm-47) > tg(pdqm-59)316; tg(pdqm-34)310,chilada; scarlet; sg; gfp; electra2; citrine; kok; kate2; tfp1,rna(cytosol; membrane) > cytosol,rna(chilada; scarlet; sg) > gfp; electra2; citrine; kok; kate2; tfp1
Korra_Foundation/20250529_skittlez/fish8_roi1,direct_190,rna(pdqm-104); rna(pdqm-112); rna(pdqm-47) > tg(pdqm-59)316; tg(pdqm-34)310,rna(mchilada; mScarlet; mSG-2xLynk(N)) > gfp; Electra2; mCitrine; mKOK; mKate2; mTFP1,rna(mchilada-cytosol; mScarlet-cytosol; mSG-membrane) > gfp-cytosol; Electra2-cytosol; mCitrine-cytosol; mKOK-cytosol; mKate2-cytosol; mTFP1-cytosol,cytosol; membrane,chilada; scarlet; sg; gfp; electra2; citrine; kok; kate2; tfp1,,5/28/25,,158,98,42,6,12,pdqm-59(316),pdqm-34(310),,"pdqm-104, pdqm-112, pdqm-47",direct,direct,pdqm-59(316); pdqm-34(310),rna(pdqm-104); rna(pdqm-112); rna(pdqm-47) > tg(pdqm-59)316; tg(pdqm-34)310,chilada; scarlet; sg; gfp; electra2; citrine; kok; kate2; tfp1,rna(cytosol; membrane) > cytosol,rna(chilada; scarlet; sg) > gfp; electra2; citrine; kok; kate2; tfp1
Korra_Foundation/20250529_skittlez/fish9_roi1,direct_190,rna(pdqm-104); rna(pdqm-112); rna(pdqm-47) > tg(pdqm-59)316; tg(pdqm-34)310,rna(mchilada; mScarlet; mSG-2xLynk(N)) > gfp; Electra2; mCitrine; mKOK; mKate2; mTFP1,rna(mchilada-cytosol; mScarlet-cytosol; mSG-membrane) > gfp-cytosol; Electra2-cytosol; mCitrine-cytosol; mKOK-cytosol; mKate2-cytosol; mTFP1-cytosol,cytosol; membrane,chilada; scarlet; sg; gfp; electra2; citrine; kok; kate2; tfp1,,5/28/25,,158,98,42,6,12,pdqm-59(316),pdqm-34(310),,"pdqm-104, pdqm-112, pdqm-47",direct,direct,pdqm-59(316); pdqm-34(310),rna(pdqm-104); rna(pdqm-112); rna(pdqm-47) > tg(pdqm-59)316; tg(pdqm-34)310,chilada; scarlet; sg; gfp; electra2; citrine; kok; kate2; tfp1,rna(cytosol; membrane) > cytosol,rna(chilada; scarlet; sg) > gfp; electra2; citrine; kok; kate2; tfp1
Korra_Foundation/20250529_skittlez/fish9_roi2,direct_190,rna(pdqm-104); rna(pdqm-112); rna(pdqm-47) > tg(pdqm-59)316; tg(pdqm-34)310,rna(mchilada; mScarlet; mSG-2xLynk(N)) > gfp; Electra2; mCitrine; mKOK; mKate2; mTFP1,rna(mchilada-cytosol; mScarlet-cytosol; mSG-membrane) > gfp-cytosol; Electra2-cytosol; mCitrine-cytosol; mKOK-cytosol; mKate2-cytosol; mTFP1-cytosol,cytosol; membrane,chilada; scarlet; sg; gfp; electra2; citrine; kok; kate2; tfp1,,5/28/25,,176,110,48,6,12,pdqm-59(316),pdqm-34(310),,"pdqm-104, pdqm-112, pdqm-47",direct,direct,pdqm-59(316); pdqm-34(310),rna(pdqm-104); rna(pdqm-112); rna(pdqm-47) > tg(pdqm-59)316; tg(pdqm-34)310,chilada; scarlet; sg; gfp; electra2; citrine; kok; kate2; tfp1,rna(cytosol; membrane) > cytosol,rna(chilada; scarlet; sg) > gfp; electra2; citrine; kok; kate2; tfp1
Korra_Foundation/20250530_mem-histone/fish1_roi1,direct_188,rna(pdqm-117) > tg(pdqm-5)302,rna(mScarlet3S2-H2B(N)) > tdmSG-2xLynk(N),rna(mScarlet3S2-histone) > tdmSG-membrane,histone; membrane,scarlet3s2; sg,DT,5/28/25,,4688,2164,1318,402,804,pdqm-5(302),pdqm-5(302),,pdqm-117,direct,direct,pdqm-5(302),rna(pdqm-117) > tg(pdqm-5)302,scarlet3s2; sg,rna(histone) > membrane,rna(scarlet3s2) > sg
Korra_Foundation/20250530_mem-histone/fish1_roi1-2,direct_188,rna(pdqm-117) > tg(pdqm-5)302,rna(mScarlet3S2-H2B(N)) > tdmSG-2xLynk(N),rna(mScarlet3S2-histone) > tdmSG-membrane,histone; membrane,scarlet3s2; sg,DT,5/28/25,,19670,9208,6100,1454,2908,pdqm-5(302),pdqm-5(302),,pdqm-117,direct,direct,pdqm-5(302),rna(pdqm-117) > tg(pdqm-5)302,scarlet3s2; sg,rna(histone) > membrane,rna(scarlet3s2) > sg
Korra_Foundation/20250530_mem-histone/fish2_roi1,direct_188,rna(pdqm-117) > tg(pdqm-5)302,rna(mScarlet3S2-H2B(N)) > tdmSG-2xLynk(N),rna(mScarlet3S2-histone) > tdmSG-membrane,histone; membrane,scarlet3s2; sg,DT,5/28/25,,10919,4906,2175,1278,2560,pdqm-5(302),pdqm-5(302),,pdqm-117,direct,direct,pdqm-5(302),rna(pdqm-117) > tg(pdqm-5)302,scarlet3s2; sg,rna(histone) > membrane,rna(scarlet3s2) > sg
Korra_Foundation/20250602_mem/fish2_roi1,direct_187,tg(pdqm-5)302,tdmSG-2xLynk(N),tdmSG-membrane,membrane,sg,LHDT,5/30/25,,25740,11956,7906,1956,3922,,pdqm-5(302),,,direct,direct,pdqm-5(302),tg(pdqm-5)302,sg,membrane,sg
Korra_Foundation/20250603_skittlez/fish10_roi1,direct_186,rna(pdqm-112); rna(pdqm-47) > tg(pdqm-59)321; tg(pdqm-34)317,rna(mScarlet; mSG-2xLynk(N)) > gfp; Electra2; mCitrine; mKOK; mKate2; mTFP1,rna(mScarlet-cytosol; mSG-membrane) > gfp-cytosol; Electra2-cytosol; mCitrine-cytosol; mKOK-cytosol; mKate2-cytosol; mTFP1-cytosol,cytosol; membrane,scarlet; sg; gfp; electra2; citrine; kok; kate2; tfp1,,6/2/25,,214,130,54,10,20,pdqm-59(321),pdqm-34(317),,"pdqm-112, pdqm-47",direct,direct,pdqm-59(321); pdqm-34(317),rna(pdqm-112); rna(pdqm-47) > tg(pdqm-59)321; tg(pdqm-34)317,scarlet; sg; gfp; electra2; citrine; kok; kate2; tfp1,rna(cytosol; membrane) > cytosol,rna(scarlet; sg) > gfp; electra2; citrine; kok; kate2; tfp1
Korra_Foundation/20250603_skittlez/fish11_roi1,direct_186,rna(pdqm-112); rna(pdqm-47) > tg(pdqm-59)321; tg(pdqm-34)317,rna(mScarlet; mSG-2xLynk(N)) > gfp; Electra2; mCitrine; mKOK; mKate2; mTFP1,rna(mScarlet-cytosol; mSG-membrane) > gfp-cytosol; Electra2-cytosol; mCitrine-cytosol; mKOK-cytosol; mKate2-cytosol; mTFP1-cytosol,cytosol; membrane,scarlet; sg; gfp; electra2; citrine; kok; kate2; tfp1,,6/2/25,,146,90,38,6,12,pdqm-59(321),pdqm-34(317),,"pdqm-112, pdqm-47",direct,direct,pdqm-59(321); pdqm-34(317),rna(pdqm-112); rna(pdqm-47) > tg(pdqm-59)321; tg(pdqm-34)317,scarlet; sg; gfp; electra2; citrine; kok; kate2; tfp1,rna(cytosol; membrane) > cytosol,rna(scarlet; sg) > gfp; electra2; citrine; kok; kate2; tfp1
Korra_Foundation/20250603_skittlez/fish12_roi1,direct_186,rna(pdqm-112); rna(pdqm-47) > tg(pdqm-59)321; tg(pdqm-34)317,rna(mScarlet; mSG-2xLynk(N)) > gfp; Electra2; mCitrine; mKOK; mKate2; mTFP1,rna(mScarlet-cytosol; mSG-membrane) > gfp-cytosol; Electra2-cytosol; mCitrine-cytosol; mKOK-cytosol; mKate2-cytosol; mTFP1-cytosol,cytosol; membrane,scarlet; sg; gfp; electra2; citrine; kok; kate2; tfp1,,6/2/25,,282,170,70,14,28,pdqm-59(321),pdqm-34(317),,"pdqm-112, pdqm-47",direct,direct,pdqm-59(321); pdqm-34(317),rna(pdqm-112); rna(pdqm-47) > tg(pdqm-59)321; tg(pdqm-34)317,scarlet; sg; gfp; electra2; citrine; kok; kate2; tfp1,rna(cytosol; membrane) > cytosol,rna(scarlet; sg) > gfp; electra2; citrine; kok; kate2; tfp1
Korra_Foundation/20250603_skittlez/fish13_roi1,direct_186,rna(pdqm-112); rna(pdqm-47) > tg(pdqm-59)321; tg(pdqm-34)317,rna(mScarlet; mSG-2xLynk(N)) > gfp; Electra2; mCitrine; mKOK; mKate2; mTFP1,rna(mScarlet-cytosol; mSG-membrane) > gfp-cytosol; Electra2-cytosol; mCitrine-cytosol; mKOK-cytosol; mKate2-cytosol; mTFP1-cytosol,cytosol; membrane,scarlet; sg; gfp; electra2; citrine; kok; kate2; tfp1,,6/2/25,,146,90,38,6,12,pdqm-59(321),pdqm-34(317),,"pdqm-112, pdqm-47",direct,direct,pdqm-59(321); pdqm-34(317),rna(pdqm-112); rna(pdqm-47) > tg(pdqm-59)321; tg(pdqm-34)317,scarlet; sg; gfp; electra2; citrine; kok; kate2; tfp1,rna(cytosol; membrane) > cytosol,rna(scarlet; sg) > gfp; electra2; citrine; kok; kate2; tfp1
Korra_Foundation/20250603_skittlez/fish14_roi1,direct_186,rna(pdqm-112); rna(pdqm-47) > tg(pdqm-59)321; tg(pdqm-34)317,rna(mScarlet; mSG-2xLynk(N)) > gfp; Electra2; mCitrine; mKOK; mKate2; mTFP1,rna(mScarlet-cytosol; mSG-membrane) > gfp-cytosol; Electra2-cytosol; mCitrine-cytosol; mKOK-cytosol; mKate2-cytosol; mTFP1-cytosol,cytosol; membrane,scarlet; sg; gfp; electra2; citrine; kok; kate2; tfp1,,6/2/25,,350,210,86,18,36,pdqm-59(321),pdqm-34(317),,"pdqm-112, pdqm-47",direct,direct,pdqm-59(321); pdqm-34(317),rna(pdqm-112); rna(pdqm-47) > tg(pdqm-59)321; tg(pdqm-34)317,scarlet; sg; gfp; electra2; citrine; kok; kate2; tfp1,rna(cytosol; membrane) > cytosol,rna(scarlet; sg) > gfp; electra2; citrine; kok; kate2; tfp1
Korra_Foundation/20250603_skittlez/fish15_roi1,direct_186,rna(pdqm-112); rna(pdqm-47) > tg(pdqm-59)321; tg(pdqm-34)317,rna(mScarlet; mSG-2xLynk(N)) > gfp; Electra2; mCitrine; mKOK; mKate2; mTFP1,rna(mScarlet-cytosol; mSG-membrane) > gfp-cytosol; Electra2-cytosol; mCitrine-cytosol; mKOK-cytosol; mKate2-cytosol; mTFP1-cytosol,cytosol; membrane,scarlet; sg; gfp; electra2; citrine; kok; kate2; tfp1,,6/2/25,,248,150,62,12,24,pdqm-59(321),pdqm-34(317),,"pdqm-112, pdqm-47",direct,direct,pdqm-59(321); pdqm-34(317),rna(pdqm-112); rna(pdqm-47) > tg(pdqm-59)321; tg(pdqm-34)317,scarlet; sg; gfp; electra2; citrine; kok; kate2; tfp1,rna(cytosol; membrane) > cytosol,rna(scarlet; sg) > gfp; electra2; citrine; kok; kate2; tfp1
Korra_Foundation/20250603_skittlez/fish16_roi1,direct_186,rna(pdqm-112); rna(pdqm-47) > tg(pdqm-59)321; tg(pdqm-34)317,rna(mScarlet; mSG-2xLynk(N)) > gfp; Electra2; mCitrine; mKOK; mKate2; mTFP1,rna(mScarlet-cytosol; mSG-membrane) > gfp-cytosol; Electra2-cytosol; mCitrine-cytosol; mKOK-cytosol; mKate2-cytosol; mTFP1-cytosol,cytosol; membrane,scarlet; sg; gfp; electra2; citrine; kok; kate2; tfp1,,6/2/25,,180,110,46,8,16,pdqm-59(321),pdqm-34(317),,"pdqm-112, pdqm-47",direct,direct,pdqm-59(321); pdqm-34(317),rna(pdqm-112); rna(pdqm-47) > tg(pdqm-59)321; tg(pdqm-34)317,scarlet; sg; gfp; electra2; citrine; kok; kate2; tfp1,rna(cytosol; membrane) > cytosol,rna(scarlet; sg) > gfp; electra2; citrine; kok; kate2; tfp1
Korra_Foundation/20250603_skittlez/fish1_roi1_1,direct_186,rna(pdqm-112); rna(pdqm-47) > tg(pdqm-59)321; tg(pdqm-34)317,rna(mScarlet; mSG-2xLynk(N)) > gfp; Electra2; mCitrine; mKOK; mKate2; mTFP1,rna(mScarlet-cytosol; mSG-membrane) > gfp-cytosol; Electra2-cytosol; mCitrine-cytosol; mKOK-cytosol; mKate2-cytosol; mTFP1-cytosol,cytosol; membrane,scarlet; sg; gfp; electra2; citrine; kok; kate2; tfp1,,6/2/25,,122,74,30,6,12,pdqm-59(321),pdqm-34(317),,"pdqm-112, pdqm-47",direct,direct,pdqm-59(321); pdqm-34(317),rna(pdqm-112); rna(pdqm-47) > tg(pdqm-59)321; tg(pdqm-34)317,scarlet; sg; gfp; electra2; citrine; kok; kate2; tfp1,rna(cytosol; membrane) > cytosol,rna(scarlet; sg) > gfp; electra2; citrine; kok; kate2; tfp1
Korra_Foundation/20250603_skittlez/fish2_roi1,direct_186,rna(pdqm-112); rna(pdqm-47) > tg(pdqm-59)321; tg(pdqm-34)317,rna(mScarlet; mSG-2xLynk(N)) > gfp; Electra2; mCitrine; mKOK; mKate2; mTFP1,rna(mScarlet-cytosol; mSG-membrane) > gfp-cytosol; Electra2-cytosol; mCitrine-cytosol; mKOK-cytosol; mKate2-cytosol; mTFP1-cytosol,cytosol; membrane,scarlet; sg; gfp; electra2; citrine; kok; kate2; tfp1,,6/2/25,,38,18,2,6,12,pdqm-59(321),pdqm-34(317),,"pdqm-112, pdqm-47",direct,direct,pdqm-59(321); pdqm-34(317),rna(pdqm-112); rna(pdqm-47) > tg(pdqm-59)321; tg(pdqm-34)317,scarlet; sg; gfp; electra2; citrine; kok; kate2; tfp1,rna(cytosol; membrane) > cytosol,rna(scarlet; sg) > gfp; electra2; citrine; kok; kate2; tfp1
Korra_Foundation/20250603_skittlez/fish2_roi1_1,direct_186,rna(pdqm-112); rna(pdqm-47) > tg(pdqm-59)321; tg(pdqm-34)317,rna(mScarlet; mSG-2xLynk(N)) > gfp; Electra2; mCitrine; mKOK; mKate2; mTFP1,rna(mScarlet-cytosol; mSG-membrane) > gfp-cytosol; Electra2-cytosol; mCitrine-cytosol; mKOK-cytosol; mKate2-cytosol; mTFP1-cytosol,cytosol; membrane,scarlet; sg; gfp; electra2; citrine; kok; kate2; tfp1,,6/2/25,,122,74,30,6,12,pdqm-59(321),pdqm-34(317),,"pdqm-112, pdqm-47",direct,direct,pdqm-59(321); pdqm-34(317),rna(pdqm-112); rna(pdqm-47) > tg(pdqm-59)321; tg(pdqm-34)317,scarlet; sg; gfp; electra2; citrine; kok; kate2; tfp1,rna(cytosol; membrane) > cytosol,rna(scarlet; sg) > gfp; electra2; citrine; kok; kate2; tfp1
Korra_Foundation/20250603_skittlez/fish3_roi1,direct_186,rna(pdqm-112); rna(pdqm-47) > tg(pdqm-59)321; tg(pdqm-34)317,rna(mScarlet; mSG-2xLynk(N)) > gfp; Electra2; mCitrine; mKOK; mKate2; mTFP1,rna(mScarlet-cytosol; mSG-membrane) > gfp-cytosol; Electra2-cytosol; mCitrine-cytosol; mKOK-cytosol; mKate2-cytosol; mTFP1-cytosol,cytosol; membrane,scarlet; sg; gfp; electra2; citrine; kok; kate2; tfp1,,6/2/25,,150,90,36,8,16,pdqm-59(321),pdqm-34(317),,"pdqm-112, pdqm-47",direct,direct,pdqm-59(321); pdqm-34(317),rna(pdqm-112); rna(pdqm-47) > tg(pdqm-59)321; tg(pdqm-34)317,scarlet; sg; gfp; electra2; citrine; kok; kate2; tfp1,rna(cytosol; membrane) > cytosol,rna(scarlet; sg) > gfp; electra2; citrine; kok; kate2; tfp1
Korra_Foundation/20250603_skittlez/fish4_roi1,direct_186,rna(pdqm-112); rna(pdqm-47) > tg(pdqm-59)321; tg(pdqm-34)317,rna(mScarlet; mSG-2xLynk(N)) > gfp; Electra2; mCitrine; mKOK; mKate2; mTFP1,rna(mScarlet-cytosol; mSG-membrane) > gfp-cytosol; Electra2-cytosol; mCitrine-cytosol; mKOK-cytosol; mKate2-cytosol; mTFP1-cytosol,cytosol; membrane,scarlet; sg; gfp; electra2; citrine; kok; kate2; tfp1,,6/2/25,,206,122,48,12,24,pdqm-59(321),pdqm-34(317),,"pdqm-112, pdqm-47",direct,direct,pdqm-59(321); pdqm-34(317),rna(pdqm-112); rna(pdqm-47) > tg(pdqm-59)321; tg(pdqm-34)317,scarlet; sg; gfp; electra2; citrine; kok; kate2; tfp1,rna(cytosol; membrane) > cytosol,rna(scarlet; sg) > gfp; electra2; citrine; kok; kate2; tfp1
Korra_Foundation/20250603_skittlez/fish6_roi1,direct_186,rna(pdqm-112); rna(pdqm-47) > tg(pdqm-59)321; tg(pdqm-34)317,rna(mScarlet; mSG-2xLynk(N)) > gfp; Electra2; mCitrine; mKOK; mKate2; mTFP1,rna(mScarlet-cytosol; mSG-membrane) > gfp-cytosol; Electra2-cytosol; mCitrine-cytosol; mKOK-cytosol; mKate2-cytosol; mTFP1-cytosol,cytosol; membrane,scarlet; sg; gfp; electra2; citrine; kok; kate2; tfp1,,6/2/25,,274,162,64,16,32,pdqm-59(321),pdqm-34(317),,"pdqm-112, pdqm-47",direct,direct,pdqm-59(321); pdqm-34(317),rna(pdqm-112); rna(pdqm-47) > tg(pdqm-59)321; tg(pdqm-34)317,scarlet; sg; gfp; electra2; citrine; kok; kate2; tfp1,rna(cytosol; membrane) > cytosol,rna(scarlet; sg) > gfp; electra2; citrine; kok; kate2; tfp1
Korra_Foundation/20250603_skittlez/fish7_roi1,direct_186,rna(pdqm-112); rna(pdqm-47) > tg(pdqm-59)321; tg(pdqm-34)317,rna(mScarlet; mSG-2xLynk(N)) > gfp; Electra2; mCitrine; mKOK; mKate2; mTFP1,rna(mScarlet-cytosol; mSG-membrane) > gfp-cytosol; Electra2-cytosol; mCitrine-cytosol; mKOK-cytosol; mKate2-cytosol; mTFP1-cytosol,cytosol; membrane,scarlet; sg; gfp; electra2; citrine; kok; kate2; tfp1,,6/2/25,,178,106,42,10,20,pdqm-59(321),pdqm-34(317),,"pdqm-112, pdqm-47",direct,direct,pdqm-59(321); pdqm-34(317),rna(pdqm-112); rna(pdqm-47) > tg(pdqm-59)321; tg(pdqm-34)317,scarlet; sg; gfp; electra2; citrine; kok; kate2; tfp1,rna(cytosol; membrane) > cytosol,rna(scarlet; sg) > gfp; electra2; citrine; kok; kate2; tfp1
Korra_Foundation/20250603_skittlez/fish8_roi1,direct_186,rna(pdqm-112); rna(pdqm-47) > tg(pdqm-59)321; tg(pdqm-34)317,rna(mScarlet; mSG-2xLynk(N)) > gfp; Electra2; mCitrine; mKOK; mKate2; mTFP1,rna(mScarlet-cytosol; mSG-membrane) > gfp-cytosol; Electra2-cytosol; mCitrine-cytosol; mKOK-cytosol; mKate2-cytosol; mTFP1-cytosol,cytosol; membrane,scarlet; sg; gfp; electra2; citrine; kok; kate2; tfp1,,6/2/25,,122,74,30,6,12,pdqm-59(321),pdqm-34(317),,"pdqm-112, pdqm-47",direct,direct,pdqm-59(321); pdqm-34(317),rna(pdqm-112); rna(pdqm-47) > tg(pdqm-59)321; tg(pdqm-34)317,scarlet; sg; gfp; electra2; citrine; kok; kate2; tfp1,rna(cytosol; membrane) > cytosol,rna(scarlet; sg) > gfp; electra2; citrine; kok; kate2; tfp1
Korra_Foundation/20250603_skittlez/fish9_roi1,direct_186,rna(pdqm-112); rna(pdqm-47) > tg(pdqm-59)321; tg(pdqm-34)317,rna(mScarlet; mSG-2xLynk(N)) > gfp; Electra2; mCitrine; mKOK; mKate2; mTFP1,rna(mScarlet-cytosol; mSG-membrane) > gfp-cytosol; Electra2-cytosol; mCitrine-cytosol; mKOK-cytosol; mKate2-cytosol; mTFP1-cytosol,cytosol; membrane,scarlet; sg; gfp; electra2; citrine; kok; kate2; tfp1,,6/2/25,,188,118,52,6,12,pdqm-59(321),pdqm-34(317),,"pdqm-112, pdqm-47",direct,direct,pdqm-59(321); pdqm-34(317),rna(pdqm-112); rna(pdqm-47) > tg(pdqm-59)321; tg(pdqm-34)317,scarlet; sg; gfp; electra2; citrine; kok; kate2; tfp1,rna(cytosol; membrane) > cytosol,rna(scarlet; sg) > gfp; electra2; citrine; kok; kate2; tfp1
Korra_Foundation/20250603_skittlez/fish9_roi2,direct_186,rna(pdqm-112); rna(pdqm-47) > tg(pdqm-59)321; tg(pdqm-34)317,rna(mScarlet; mSG-2xLynk(N)) > gfp; Electra2; mCitrine; mKOK; mKate2; mTFP1,rna(mScarlet-cytosol; mSG-membrane) > gfp-cytosol; Electra2-cytosol; mCitrine-cytosol; mKOK-cytosol; mKate2-cytosol; mTFP1-cytosol,cytosol; membrane,scarlet; sg; gfp; electra2; citrine; kok; kate2; tfp1,,6/2/25,,98,58,22,6,12,pdqm-59(321),pdqm-34(317),,"pdqm-112, pdqm-47",direct,direct,pdqm-59(321); pdqm-34(317),rna(pdqm-112); rna(pdqm-47) > tg(pdqm-59)321; tg(pdqm-34)317,scarlet; sg; gfp; electra2; citrine; kok; kate2; tfp1,rna(cytosol; membrane) > cytosol,rna(scarlet; sg) > gfp; electra2; citrine; kok; kate2; tfp1
Korra_Foundation/20250603_skittlez/fish9_roi3,direct_186,rna(pdqm-112); rna(pdqm-47) > tg(pdqm-59)321; tg(pdqm-34)317,rna(mScarlet; mSG-2xLynk(N)) > gfp; Electra2; mCitrine; mKOK; mKate2; mTFP1,rna(mScarlet-cytosol; mSG-membrane) > gfp-cytosol; Electra2-cytosol; mCitrine-cytosol; mKOK-cytosol; mKate2-cytosol; mTFP1-cytosol,cytosol; membrane,scarlet; sg; gfp; electra2; citrine; kok; kate2; tfp1,,6/2/25,,98,58,22,6,12,pdqm-59(321),pdqm-34(317),,"pdqm-112, pdqm-47",direct,direct,pdqm-59(321); pdqm-34(317),rna(pdqm-112); rna(pdqm-47) > tg(pdqm-59)321; tg(pdqm-34)317,scarlet; sg; gfp; electra2; citrine; kok; kate2; tfp1,rna(cytosol; membrane) > cytosol,rna(scarlet; sg) > gfp; electra2; citrine; kok; kate2; tfp1
Korra_Foundation/20250605_skittlez/fish10_roi1,direct_185,rna(pdqm-112); rna(pdqm-47) > tg(pdqm-36)318; tg(pdqm-34)309,rna(mScarlet; mSG-2xLynk(N)) > Electra2; mCitrine; mKOK; mKate2; mTFP1,rna(mScarlet-cytosol; mSG-membrane) > Electra2-cytosol; mCitrine-cytosol; mKOK-cytosol; mKate2-cytosol; mTFP1-cytosol,cytosol; membrane,scarlet; sg; electra2; citrine; kok; kate2; tfp1,,6/4/25,,122,74,30,6,12,pdqm-36(318),pdqm-34(309),,"pdqm-112, pdqm-47",direct,direct,pdqm-36(318); pdqm-34(309),rna(pdqm-112); rna(pdqm-47) > tg(pdqm-36)318; tg(pdqm-34)309,scarlet; sg; electra2; citrine; kok; kate2; tfp1,rna(cytosol; membrane) > cytosol,rna(scarlet; sg) > electra2; citrine; kok; kate2; tfp1
Korra_Foundation/20250605_skittlez/fish10_roi2,direct_185,rna(pdqm-112); rna(pdqm-47) > tg(pdqm-36)318; tg(pdqm-34)309,rna(mScarlet; mSG-2xLynk(N)) > Electra2; mCitrine; mKOK; mKate2; mTFP1,rna(mScarlet-cytosol; mSG-membrane) > Electra2-cytosol; mCitrine-cytosol; mKOK-cytosol; mKate2-cytosol; mTFP1-cytosol,cytosol; membrane,scarlet; sg; electra2; citrine; kok; kate2; tfp1,,6/4/25,,122,74,30,6,12,pdqm-36(318),pdqm-34(309),,"pdqm-112, pdqm-47",direct,direct,pdqm-36(318); pdqm-34(309),rna(pdqm-112); rna(pdqm-47) > tg(pdqm-36)318; tg(pdqm-34)309,scarlet; sg; electra2; citrine; kok; kate2; tfp1,rna(cytosol; membrane) > cytosol,rna(scarlet; sg) > electra2; citrine; kok; kate2; tfp1
Korra_Foundation/20250605_skittlez/fish11_roi1,direct_185,rna(pdqm-112); rna(pdqm-47) > tg(pdqm-36)318; tg(pdqm-34)309,rna(mScarlet; mSG-2xLynk(N)) > Electra2; mCitrine; mKOK; mKate2; mTFP1,rna(mScarlet-cytosol; mSG-membrane) > Electra2-cytosol; mCitrine-cytosol; mKOK-cytosol; mKate2-cytosol; mTFP1-cytosol,cytosol; membrane,scarlet; sg; electra2; citrine; kok; kate2; tfp1,,6/4/25,,146,90,38,6,12,pdqm-36(318),pdqm-34(309),,"pdqm-112, pdqm-47",direct,direct,pdqm-36(318); pdqm-34(309),rna(pdqm-112); rna(pdqm-47) > tg(pdqm-36)318; tg(pdqm-34)309,scarlet; sg; electra2; citrine; kok; kate2; tfp1,rna(cytosol; membrane) > cytosol,rna(scarlet; sg) > electra2; citrine; kok; kate2; tfp1
Korra_Foundation/20250605_skittlez/fish11_roi2,direct_185,rna(pdqm-112); rna(pdqm-47) > tg(pdqm-36)318; tg(pdqm-34)309,rna(mScarlet; mSG-2xLynk(N)) > Electra2; mCitrine; mKOK; mKate2; mTFP1,rna(mScarlet-cytosol; mSG-membrane) > Electra2-cytosol; mCitrine-cytosol; mKOK-cytosol; mKate2-cytosol; mTFP1-cytosol,cytosol; membrane,scarlet; sg; electra2; citrine; kok; kate2; tfp1,,6/4/25,,180,110,46,8,16,pdqm-36(318),pdqm-34(309),,"pdqm-112, pdqm-47",direct,direct,pdqm-36(318); pdqm-34(309),rna(pdqm-112); rna(pdqm-47) > tg(pdqm-36)318; tg(pdqm-34)309,scarlet; sg; electra2; citrine; kok; kate2; tfp1,rna(cytosol; membrane) > cytosol,rna(scarlet; sg) > electra2; citrine; kok; kate2; tfp1
Korra_Foundation/20250605_skittlez/fish12_roi1,direct_185,rna(pdqm-112); rna(pdqm-47) > tg(pdqm-36)318; tg(pdqm-34)309,rna(mScarlet; mSG-2xLynk(N)) > Electra2; mCitrine; mKOK; mKate2; mTFP1,rna(mScarlet-cytosol; mSG-membrane) > Electra2-cytosol; mCitrine-cytosol; mKOK-cytosol; mKate2-cytosol; mTFP1-cytosol,cytosol; membrane,scarlet; sg; electra2; citrine; kok; kate2; tfp1,,6/4/25,,146,90,38,6,12,pdqm-36(318),pdqm-34(309),,"pdqm-112, pdqm-47",direct,direct,pdqm-36(318); pdqm-34(309),rna(pdqm-112); rna(pdqm-47) > tg(pdqm-36)318; tg(pdqm-34)309,scarlet; sg; electra2; citrine; kok; kate2; tfp1,rna(cytosol; membrane) > cytosol,rna(scarlet; sg) > electra2; citrine; kok; kate2; tfp1
Korra_Foundation/20250605_skittlez/fish13_roi1,direct_185,rna(pdqm-112); rna(pdqm-47) > tg(pdqm-36)318; tg(pdqm-34)309,rna(mScarlet; mSG-2xLynk(N)) > Electra2; mCitrine; mKOK; mKate2; mTFP1,rna(mScarlet-cytosol; mSG-membrane) > Electra2-cytosol; mCitrine-cytosol; mKOK-cytosol; mKate2-cytosol; mTFP1-cytosol,cytosol; membrane,scarlet; sg; electra2; citrine; kok; kate2; tfp1,,6/4/25,,146,90,38,6,12,pdqm-36(318),pdqm-34(309),,"pdqm-112, pdqm-47",direct,direct,pdqm-36(318); pdqm-34(309),rna(pdqm-112); rna(pdqm-47) > tg(pdqm-36)318; tg(pdqm-34)309,scarlet; sg; electra2; citrine; kok; kate2; tfp1,rna(cytosol; membrane) > cytosol,rna(scarlet; sg) > electra2; citrine; kok; kate2; tfp1
Korra_Foundation/20250605_skittlez/fish13_roi2,direct_185,rna(pdqm-112); rna(pdqm-47) > tg(pdqm-36)318; tg(pdqm-34)309,rna(mScarlet; mSG-2xLynk(N)) > Electra2; mCitrine; mKOK; mKate2; mTFP1,rna(mScarlet-cytosol; mSG-membrane) > Electra2-cytosol; mCitrine-cytosol; mKOK-cytosol; mKate2-cytosol; mTFP1-cytosol,cytosol; membrane,scarlet; sg; electra2; citrine; kok; kate2; tfp1,,6/4/25,,146,90,38,6,12,pdqm-36(318),pdqm-34(309),,"pdqm-112, pdqm-47",direct,direct,pdqm-36(318); pdqm-34(309),rna(pdqm-112); rna(pdqm-47) > tg(pdqm-36)318; tg(pdqm-34)309,scarlet; sg; electra2; citrine; kok; kate2; tfp1,rna(cytosol; membrane) > cytosol,rna(scarlet; sg) > electra2; citrine; kok; kate2; tfp1
Korra_Foundation/20250605_skittlez/fish14_roi1,direct_185,rna(pdqm-112); rna(pdqm-47) > tg(pdqm-36)318; tg(pdqm-34)309,rna(mScarlet; mSG-2xLynk(N)) > Electra2; mCitrine; mKOK; mKate2; mTFP1,rna(mScarlet-cytosol; mSG-membrane) > Electra2-cytosol; mCitrine-cytosol; mKOK-cytosol; mKate2-cytosol; mTFP1-cytosol,cytosol; membrane,scarlet; sg; electra2; citrine; kok; kate2; tfp1,,6/4/25,,146,90,38,6,12,pdqm-36(318),pdqm-34(309),,"pdqm-112, pdqm-47",direct,direct,pdqm-36(318); pdqm-34(309),rna(pdqm-112); rna(pdqm-47) > tg(pdqm-36)318; tg(pdqm-34)309,scarlet; sg; electra2; citrine; kok; kate2; tfp1,rna(cytosol; membrane) > cytosol,rna(scarlet; sg) > electra2; citrine; kok; kate2; tfp1
Korra_Foundation/20250605_skittlez/fish1_roi1,direct_185,rna(pdqm-112); rna(pdqm-47) > tg(pdqm-36)318; tg(pdqm-34)309,rna(mScarlet; mSG-2xLynk(N)) > Electra2; mCitrine; mKOK; mKate2; mTFP1,rna(mScarlet-cytosol; mSG-membrane) > Electra2-cytosol; mCitrine-cytosol; mKOK-cytosol; mKate2-cytosol; mTFP1-cytosol,cytosol; membrane,scarlet; sg; electra2; citrine; kok; kate2; tfp1,,6/4/25,,150,90,36,8,16,pdqm-36(318),pdqm-34(309),,"pdqm-112, pdqm-47",direct,direct,pdqm-36(318); pdqm-34(309),rna(pdqm-112); rna(pdqm-47) > tg(pdqm-36)318; tg(pdqm-34)309,scarlet; sg; electra2; citrine; kok; kate2; tfp1,rna(cytosol; membrane) > cytosol,rna(scarlet; sg) > electra2; citrine; kok; kate2; tfp1
Korra_Foundation/20250605_skittlez/fish2_roi1,direct_185,rna(pdqm-112); rna(pdqm-47) > tg(pdqm-36)318; tg(pdqm-34)309,rna(mScarlet; mSG-2xLynk(N)) > Electra2; mCitrine; mKOK; mKate2; mTFP1,rna(mScarlet-cytosol; mSG-membrane) > Electra2-cytosol; mCitrine-cytosol; mKOK-cytosol; mKate2-cytosol; mTFP1-cytosol,cytosol; membrane,scarlet; sg; electra2; citrine; kok; kate2; tfp1,,6/4/25,,122,74,30,6,12,pdqm-36(318),pdqm-34(309),,"pdqm-112, pdqm-47",direct,direct,pdqm-36(318); pdqm-34(309),rna(pdqm-112); rna(pdqm-47) > tg(pdqm-36)318; tg(pdqm-34)309,scarlet; sg; electra2; citrine; kok; kate2; tfp1,rna(cytosol; membrane) > cytosol,rna(scarlet; sg) > electra2; citrine; kok; kate2; tfp1
Korra_Foundation/20250605_skittlez/fish2_roi12,direct_185,rna(pdqm-112); rna(pdqm-47) > tg(pdqm-36)318; tg(pdqm-34)309,rna(mScarlet; mSG-2xLynk(N)) > Electra2; mCitrine; mKOK; mKate2; mTFP1,rna(mScarlet-cytosol; mSG-membrane) > Electra2-cytosol; mCitrine-cytosol; mKOK-cytosol; mKate2-cytosol; mTFP1-cytosol,cytosol; membrane,scarlet; sg; electra2; citrine; kok; kate2; tfp1,,6/4/25,,122,74,30,6,12,pdqm-36(318),pdqm-34(309),,"pdqm-112, pdqm-47",direct,direct,pdqm-36(318); pdqm-34(309),rna(pdqm-112); rna(pdqm-47) > tg(pdqm-36)318; tg(pdqm-34)309,scarlet; sg; electra2; citrine; kok; kate2; tfp1,rna(cytosol; membrane) > cytosol,rna(scarlet; sg) > electra2; citrine; kok; kate2; tfp1
Korra_Foundation/20250605_skittlez/fish3_roi12,direct_185,rna(pdqm-112); rna(pdqm-47) > tg(pdqm-36)318; tg(pdqm-34)309,rna(mScarlet; mSG-2xLynk(N)) > Electra2; mCitrine; mKOK; mKate2; mTFP1,rna(mScarlet-cytosol; mSG-membrane) > Electra2-cytosol; mCitrine-cytosol; mKOK-cytosol; mKate2-cytosol; mTFP1-cytosol,cytosol; membrane,scarlet; sg; electra2; citrine; kok; kate2; tfp1,,6/4/25,,122,74,30,6,12,pdqm-36(318),pdqm-34(309),,"pdqm-112, pdqm-47",direct,direct,pdqm-36(318); pdqm-34(309),rna(pdqm-112); rna(pdqm-47) > tg(pdqm-36)318; tg(pdqm-34)309,scarlet; sg; electra2; citrine; kok; kate2; tfp1,rna(cytosol; membrane) > cytosol,rna(scarlet; sg) > electra2; citrine; kok; kate2; tfp1
Korra_Foundation/20250605_skittlez/fish3_roi2,direct_185,rna(pdqm-112); rna(pdqm-47) > tg(pdqm-36)318; tg(pdqm-34)309,rna(mScarlet; mSG-2xLynk(N)) > Electra2; mCitrine; mKOK; mKate2; mTFP1,rna(mScarlet-cytosol; mSG-membrane) > Electra2-cytosol; mCitrine-cytosol; mKOK-cytosol; mKate2-cytosol; mTFP1-cytosol,cytosol; membrane,scarlet; sg; electra2; citrine; kok; kate2; tfp1,,6/4/25,,122,74,30,6,12,pdqm-36(318),pdqm-34(309),,"pdqm-112, pdqm-47",direct,direct,pdqm-36(318); pdqm-34(309),rna(pdqm-112); rna(pdqm-47) > tg(pdqm-36)318; tg(pdqm-34)309,scarlet; sg; electra2; citrine; kok; kate2; tfp1,rna(cytosol; membrane) > cytosol,rna(scarlet; sg) > electra2; citrine; kok; kate2; tfp1
Korra_Foundation/20250605_skittlez/fish4_roi1,direct_185,rna(pdqm-112); rna(pdqm-47) > tg(pdqm-36)318; tg(pdqm-34)309,rna(mScarlet; mSG-2xLynk(N)) > Electra2; mCitrine; mKOK; mKate2; mTFP1,rna(mScarlet-cytosol; mSG-membrane) > Electra2-cytosol; mCitrine-cytosol; mKOK-cytosol; mKate2-cytosol; mTFP1-cytosol,cytosol; membrane,scarlet; sg; electra2; citrine; kok; kate2; tfp1,,6/4/25,,122,74,30,6,12,pdqm-36(318),pdqm-34(309),,"pdqm-112, pdqm-47",direct,direct,pdqm-36(318); pdqm-34(309),rna(pdqm-112); rna(pdqm-47) > tg(pdqm-36)318; tg(pdqm-34)309,scarlet; sg; electra2; citrine; kok; kate2; tfp1,rna(cytosol; membrane) > cytosol,rna(scarlet; sg) > electra2; citrine; kok; kate2; tfp1
Korra_Foundation/20250605_skittlez/fish5_roi1,direct_185,rna(pdqm-112); rna(pdqm-47) > tg(pdqm-36)318; tg(pdqm-34)309,rna(mScarlet; mSG-2xLynk(N)) > Electra2; mCitrine; mKOK; mKate2; mTFP1,rna(mScarlet-cytosol; mSG-membrane) > Electra2-cytosol; mCitrine-cytosol; mKOK-cytosol; mKate2-cytosol; mTFP1-cytosol,cytosol; membrane,scarlet; sg; electra2; citrine; kok; kate2; tfp1,,6/4/25,,94,58,24,4,8,pdqm-36(318),pdqm-34(309),,"pdqm-112, pdqm-47",direct,direct,pdqm-36(318); pdqm-34(309),rna(pdqm-112); rna(pdqm-47) > tg(pdqm-36)318; tg(pdqm-34)309,scarlet; sg; electra2; citrine; kok; kate2; tfp1,rna(cytosol; membrane) > cytosol,rna(scarlet; sg) > electra2; citrine; kok; kate2; tfp1
Korra_Foundation/20250605_skittlez/fish5_roi2,direct_185,rna(pdqm-112); rna(pdqm-47) > tg(pdqm-36)318; tg(pdqm-34)309,rna(mScarlet; mSG-2xLynk(N)) > Electra2; mCitrine; mKOK; mKate2; mTFP1,rna(mScarlet-cytosol; mSG-membrane) > Electra2-cytosol; mCitrine-cytosol; mKOK-cytosol; mKate2-cytosol; mTFP1-cytosol,cytosol; membrane,scarlet; sg; electra2; citrine; kok; kate2; tfp1,,6/4/25,,94,58,24,4,8,pdqm-36(318),pdqm-34(309),,"pdqm-112, pdqm-47",direct,direct,pdqm-36(318); pdqm-34(309),rna(pdqm-112); rna(pdqm-47) > tg(pdqm-36)318; tg(pdqm-34)309,scarlet; sg; electra2; citrine; kok; kate2; tfp1,rna(cytosol; membrane) > cytosol,rna(scarlet; sg) > electra2; citrine; kok; kate2; tfp1
Korra_Foundation/20250605_skittlez/fish6_roi1,direct_185,rna(pdqm-112); rna(pdqm-47) > tg(pdqm-36)318; tg(pdqm-34)309,rna(mScarlet; mSG-2xLynk(N)) > Electra2; mCitrine; mKOK; mKate2; mTFP1,rna(mScarlet-cytosol; mSG-membrane) > Electra2-cytosol; mCitrine-cytosol; mKOK-cytosol; mKate2-cytosol; mTFP1-cytosol,cytosol; membrane,scarlet; sg; electra2; citrine; kok; kate2; tfp1,,6/4/25,,122,74,30,6,12,pdqm-36(318),pdqm-34(309),,"pdqm-112, pdqm-47",direct,direct,pdqm-36(318); pdqm-34(309),rna(pdqm-112); rna(pdqm-47) > tg(pdqm-36)318; tg(pdqm-34)309,scarlet; sg; electra2; citrine; kok; kate2; tfp1,rna(cytosol; membrane) > cytosol,rna(scarlet; sg) > electra2; citrine; kok; kate2; tfp1
Korra_Foundation/20250605_skittlez/fish7_roi1,direct_185,rna(pdqm-112); rna(pdqm-47) > tg(pdqm-36)318; tg(pdqm-34)309,rna(mScarlet; mSG-2xLynk(N)) > Electra2; mCitrine; mKOK; mKate2; mTFP1,rna(mScarlet-cytosol; mSG-membrane) > Electra2-cytosol; mCitrine-cytosol; mKOK-cytosol; mKate2-cytosol; mTFP1-cytosol,cytosol; membrane,scarlet; sg; electra2; citrine; kok; kate2; tfp1,,6/4/25,,122,74,30,6,12,pdqm-36(318),pdqm-34(309),,"pdqm-112, pdqm-47",direct,direct,pdqm-36(318); pdqm-34(309),rna(pdqm-112); rna(pdqm-47) > tg(pdqm-36)318; tg(pdqm-34)309,scarlet; sg; electra2; citrine; kok; kate2; tfp1,rna(cytosol; membrane) > cytosol,rna(scarlet; sg) > electra2; citrine; kok; kate2; tfp1
Korra_Foundation/20250605_skittlez/fish8_roi1,direct_185,rna(pdqm-112); rna(pdqm-47) > tg(pdqm-36)318; tg(pdqm-34)309,rna(mScarlet; mSG-2xLynk(N)) > Electra2; mCitrine; mKOK; mKate2; mTFP1,rna(mScarlet-cytosol; mSG-membrane) > Electra2-cytosol; mCitrine-cytosol; mKOK-cytosol; mKate2-cytosol; mTFP1-cytosol,cytosol; membrane,scarlet; sg; electra2; citrine; kok; kate2; tfp1,,6/4/25,,94,58,24,4,8,pdqm-36(318),pdqm-34(309),,"pdqm-112, pdqm-47",direct,direct,pdqm-36(318); pdqm-34(309),rna(pdqm-112); rna(pdqm-47) > tg(pdqm-36)318; tg(pdqm-34)309,scarlet; sg; electra2; citrine; kok; kate2; tfp1,rna(cytosol; membrane) > cytosol,rna(scarlet; sg) > electra2; citrine; kok; kate2; tfp1
Korra_Foundation/20250605_skittlez/fish9_roi1,direct_185,rna(pdqm-112); rna(pdqm-47) > tg(pdqm-36)318; tg(pdqm-34)309,rna(mScarlet; mSG-2xLynk(N)) > Electra2; mCitrine; mKOK; mKate2; mTFP1,rna(mScarlet-cytosol; mSG-membrane) > Electra2-cytosol; mCitrine-cytosol; mKOK-cytosol; mKate2-cytosol; mTFP1-cytosol,cytosol; membrane,scarlet; sg; electra2; citrine; kok; kate2; tfp1,,6/4/25,,122,74,30,6,12,pdqm-36(318),pdqm-34(309),,"pdqm-112, pdqm-47",direct,direct,pdqm-36(318); pdqm-34(309),rna(pdqm-112); rna(pdqm-47) > tg(pdqm-36)318; tg(pdqm-34)309,scarlet; sg; electra2; citrine; kok; kate2; tfp1,rna(cytosol; membrane) > cytosol,rna(scarlet; sg) > electra2; citrine; kok; kate2; tfp1
Korra_Foundation/20250605_skittlez/fish9_roi2,direct_185,rna(pdqm-112); rna(pdqm-47) > tg(pdqm-36)318; tg(pdqm-34)309,rna(mScarlet; mSG-2xLynk(N)) > Electra2; mCitrine; mKOK; mKate2; mTFP1,rna(mScarlet-cytosol; mSG-membrane) > Electra2-cytosol; mCitrine-cytosol; mKOK-cytosol; mKate2-cytosol; mTFP1-cytosol,cytosol; membrane,scarlet; sg; electra2; citrine; kok; kate2; tfp1,,6/4/25,,122,74,30,6,12,pdqm-36(318),pdqm-34(309),,"pdqm-112, pdqm-47",direct,direct,pdqm-36(318); pdqm-34(309),rna(pdqm-112); rna(pdqm-47) > tg(pdqm-36)318; tg(pdqm-34)309,scarlet; sg; electra2; citrine; kok; kate2; tfp1,rna(cytosol; membrane) > cytosol,rna(scarlet; sg) > electra2; citrine; kok; kate2; tfp1
Korra_Foundation/20250606_skittlez/fish10_roi1,direct_184,rna(pdqm-112); rna(pdqm-47) > tg(pdqm-59)316; tg(pdqm-34)310,rna(mScarlet; mSG-2xLynk(N)) > gfp; Electra2; mCitrine; mKOK; mKate2; mTFP1,rna(mScarlet-cytosol; mSG-membrane) > gfp-cytosol; Electra2-cytosol; mCitrine-cytosol; mKOK-cytosol; mKate2-cytosol; mTFP1-cytosol,cytosol; membrane,scarlet; sg; gfp; electra2; citrine; kok; kate2; tfp1,,6/5/25,,134,82,34,6,12,pdqm-59(316),pdqm-34(310),,"pdqm-112, pdqm-47",direct,direct,pdqm-59(316); pdqm-34(310),rna(pdqm-112); rna(pdqm-47) > tg(pdqm-59)316; tg(pdqm-34)310,scarlet; sg; gfp; electra2; citrine; kok; kate2; tfp1,rna(cytosol; membrane) > cytosol,rna(scarlet; sg) > gfp; electra2; citrine; kok; kate2; tfp1
Korra_Foundation/20250606_skittlez/fish11_roi1,direct_184,rna(pdqm-112); rna(pdqm-47) > tg(pdqm-59)316; tg(pdqm-34)310,rna(mScarlet; mSG-2xLynk(N)) > gfp; Electra2; mCitrine; mKOK; mKate2; mTFP1,rna(mScarlet-cytosol; mSG-membrane) > gfp-cytosol; Electra2-cytosol; mCitrine-cytosol; mKOK-cytosol; mKate2-cytosol; mTFP1-cytosol,cytosol; membrane,scarlet; sg; gfp; electra2; citrine; kok; kate2; tfp1,,6/5/25,,134,82,34,6,12,pdqm-59(316),pdqm-34(310),,"pdqm-112, pdqm-47",direct,direct,pdqm-59(316); pdqm-34(310),rna(pdqm-112); rna(pdqm-47) > tg(pdqm-59)316; tg(pdqm-34)310,scarlet; sg; gfp; electra2; citrine; kok; kate2; tfp1,rna(cytosol; membrane) > cytosol,rna(scarlet; sg) > gfp; electra2; citrine; kok; kate2; tfp1
Korra_Foundation/20250606_skittlez/fish11_roi2,direct_184,rna(pdqm-112); rna(pdqm-47) > tg(pdqm-59)316; tg(pdqm-34)310,rna(mScarlet; mSG-2xLynk(N)) > gfp; Electra2; mCitrine; mKOK; mKate2; mTFP1,rna(mScarlet-cytosol; mSG-membrane) > gfp-cytosol; Electra2-cytosol; mCitrine-cytosol; mKOK-cytosol; mKate2-cytosol; mTFP1-cytosol,cytosol; membrane,scarlet; sg; gfp; electra2; citrine; kok; kate2; tfp1,,6/5/25,,134,82,34,6,12,pdqm-59(316),pdqm-34(310),,"pdqm-112, pdqm-47",direct,direct,pdqm-59(316); pdqm-34(310),rna(pdqm-112); rna(pdqm-47) > tg(pdqm-59)316; tg(pdqm-34)310,scarlet; sg; gfp; electra2; citrine; kok; kate2; tfp1,rna(cytosol; membrane) > cytosol,rna(scarlet; sg) > gfp; electra2; citrine; kok; kate2; tfp1
Korra_Foundation/20250606_skittlez/fish12_roi1,direct_184,rna(pdqm-112); rna(pdqm-47) > tg(pdqm-59)316; tg(pdqm-34)310,rna(mScarlet; mSG-2xLynk(N)) > gfp; Electra2; mCitrine; mKOK; mKate2; mTFP1,rna(mScarlet-cytosol; mSG-membrane) > gfp-cytosol; Electra2-cytosol; mCitrine-cytosol; mKOK-cytosol; mKate2-cytosol; mTFP1-cytosol,cytosol; membrane,scarlet; sg; gfp; electra2; citrine; kok; kate2; tfp1,,6/5/25,,134,82,34,6,12,pdqm-59(316),pdqm-34(310),,"pdqm-112, pdqm-47",direct,direct,pdqm-59(316); pdqm-34(310),rna(pdqm-112); rna(pdqm-47) > tg(pdqm-59)316; tg(pdqm-34)310,scarlet; sg; gfp; electra2; citrine; kok; kate2; tfp1,rna(cytosol; membrane) > cytosol,rna(scarlet; sg) > gfp; electra2; citrine; kok; kate2; tfp1
Korra_Foundation/20250606_skittlez/fish12_roi2,direct_184,rna(pdqm-112); rna(pdqm-47) > tg(pdqm-59)316; tg(pdqm-34)310,rna(mScarlet; mSG-2xLynk(N)) > gfp; Electra2; mCitrine; mKOK; mKate2; mTFP1,rna(mScarlet-cytosol; mSG-membrane) > gfp-cytosol; Electra2-cytosol; mCitrine-cytosol; mKOK-cytosol; mKate2-cytosol; mTFP1-cytosol,cytosol; membrane,scarlet; sg; gfp; electra2; citrine; kok; kate2; tfp1,,6/5/25,,134,82,34,6,12,pdqm-59(316),pdqm-34(310),,"pdqm-112, pdqm-47",direct,direct,pdqm-59(316); pdqm-34(310),rna(pdqm-112); rna(pdqm-47) > tg(pdqm-59)316; tg(pdqm-34)310,scarlet; sg; gfp; electra2; citrine; kok; kate2; tfp1,rna(cytosol; membrane) > cytosol,rna(scarlet; sg) > gfp; electra2; citrine; kok; kate2; tfp1
Korra_Foundation/20250606_skittlez/fish13_roi1,direct_184,rna(pdqm-112); rna(pdqm-47) > tg(pdqm-59)316; tg(pdqm-34)310,rna(mScarlet; mSG-2xLynk(N)) > gfp; Electra2; mCitrine; mKOK; mKate2; mTFP1,rna(mScarlet-cytosol; mSG-membrane) > gfp-cytosol; Electra2-cytosol; mCitrine-cytosol; mKOK-cytosol; mKate2-cytosol; mTFP1-cytosol,cytosol; membrane,scarlet; sg; gfp; electra2; citrine; kok; kate2; tfp1,,6/5/25,,134,82,34,6,12,pdqm-59(316),pdqm-34(310),,"pdqm-112, pdqm-47",direct,direct,pdqm-59(316); pdqm-34(310),rna(pdqm-112); rna(pdqm-47) > tg(pdqm-59)316; tg(pdqm-34)310,scarlet; sg; gfp; electra2; citrine; kok; kate2; tfp1,rna(cytosol; membrane) > cytosol,rna(scarlet; sg) > gfp; electra2; citrine; kok; kate2; tfp1
Korra_Foundation/20250606_skittlez/fish13_roi2,direct_184,rna(pdqm-112); rna(pdqm-47) > tg(pdqm-59)316; tg(pdqm-34)310,rna(mScarlet; mSG-2xLynk(N)) > gfp; Electra2; mCitrine; mKOK; mKate2; mTFP1,rna(mScarlet-cytosol; mSG-membrane) > gfp-cytosol; Electra2-cytosol; mCitrine-cytosol; mKOK-cytosol; mKate2-cytosol; mTFP1-cytosol,cytosol; membrane,scarlet; sg; gfp; electra2; citrine; kok; kate2; tfp1,,6/5/25,,134,82,34,6,12,pdqm-59(316),pdqm-34(310),,"pdqm-112, pdqm-47",direct,direct,pdqm-59(316); pdqm-34(310),rna(pdqm-112); rna(pdqm-47) > tg(pdqm-59)316; tg(pdqm-34)310,scarlet; sg; gfp; electra2; citrine; kok; kate2; tfp1,rna(cytosol; membrane) > cytosol,rna(scarlet; sg) > gfp; electra2; citrine; kok; kate2; tfp1
Korra_Foundation/20250606_skittlez/fish14_roi1,direct_184,rna(pdqm-112); rna(pdqm-47) > tg(pdqm-59)316; tg(pdqm-34)310,rna(mScarlet; mSG-2xLynk(N)) > gfp; Electra2; mCitrine; mKOK; mKate2; mTFP1,rna(mScarlet-cytosol; mSG-membrane) > gfp-cytosol; Electra2-cytosol; mCitrine-cytosol; mKOK-cytosol; mKate2-cytosol; mTFP1-cytosol,cytosol; membrane,scarlet; sg; gfp; electra2; citrine; kok; kate2; tfp1,,6/5/25,,134,82,34,6,12,pdqm-59(316),pdqm-34(310),,"pdqm-112, pdqm-47",direct,direct,pdqm-59(316); pdqm-34(310),rna(pdqm-112); rna(pdqm-47) > tg(pdqm-59)316; tg(pdqm-34)310,scarlet; sg; gfp; electra2; citrine; kok; kate2; tfp1,rna(cytosol; membrane) > cytosol,rna(scarlet; sg) > gfp; electra2; citrine; kok; kate2; tfp1
Korra_Foundation/20250606_skittlez/fish14_roi2,direct_184,rna(pdqm-112); rna(pdqm-47) > tg(pdqm-59)316; tg(pdqm-34)310,rna(mScarlet; mSG-2xLynk(N)) > gfp; Electra2; mCitrine; mKOK; mKate2; mTFP1,rna(mScarlet-cytosol; mSG-membrane) > gfp-cytosol; Electra2-cytosol; mCitrine-cytosol; mKOK-cytosol; mKate2-cytosol; mTFP1-cytosol,cytosol; membrane,scarlet; sg; gfp; electra2; citrine; kok; kate2; tfp1,,6/5/25,,134,82,34,6,12,pdqm-59(316),pdqm-34(310),,"pdqm-112, pdqm-47",direct,direct,pdqm-59(316); pdqm-34(310),rna(pdqm-112); rna(pdqm-47) > tg(pdqm-59)316; tg(pdqm-34)310,scarlet; sg; gfp; electra2; citrine; kok; kate2; tfp1,rna(cytosol; membrane) > cytosol,rna(scarlet; sg) > gfp; electra2; citrine; kok; kate2; tfp1
Korra_Foundation/20250606_skittlez/fish14_roi3,direct_184,rna(pdqm-112); rna(pdqm-47) > tg(pdqm-59)316; tg(pdqm-34)310,rna(mScarlet; mSG-2xLynk(N)) > gfp; Electra2; mCitrine; mKOK; mKate2; mTFP1,rna(mScarlet-cytosol; mSG-membrane) > gfp-cytosol; Electra2-cytosol; mCitrine-cytosol; mKOK-cytosol; mKate2-cytosol; mTFP1-cytosol,cytosol; membrane,scarlet; sg; gfp; electra2; citrine; kok; kate2; tfp1,,6/5/25,,134,82,34,6,12,pdqm-59(316),pdqm-34(310),,"pdqm-112, pdqm-47",direct,direct,pdqm-59(316); pdqm-34(310),rna(pdqm-112); rna(pdqm-47) > tg(pdqm-59)316; tg(pdqm-34)310,scarlet; sg; gfp; electra2; citrine; kok; kate2; tfp1,rna(cytosol; membrane) > cytosol,rna(scarlet; sg) > gfp; electra2; citrine; kok; kate2; tfp1
Korra_Foundation/20250606_skittlez/fish15_roi1,direct_184,rna(pdqm-112); rna(pdqm-47) > tg(pdqm-59)316; tg(pdqm-34)310,rna(mScarlet; mSG-2xLynk(N)) > gfp; Electra2; mCitrine; mKOK; mKate2; mTFP1,rna(mScarlet-cytosol; mSG-membrane) > gfp-cytosol; Electra2-cytosol; mCitrine-cytosol; mKOK-cytosol; mKate2-cytosol; mTFP1-cytosol,cytosol; membrane,scarlet; sg; gfp; electra2; citrine; kok; kate2; tfp1,,6/5/25,,134,82,34,6,12,pdqm-59(316),pdqm-34(310),,"pdqm-112, pdqm-47",direct,direct,pdqm-59(316); pdqm-34(310),rna(pdqm-112); rna(pdqm-47) > tg(pdqm-59)316; tg(pdqm-34)310,scarlet; sg; gfp; electra2; citrine; kok; kate2; tfp1,rna(cytosol; membrane) > cytosol,rna(scarlet; sg) > gfp; electra2; citrine; kok; kate2; tfp1
Korra_Foundation/20250606_skittlez/fish15_roi2,direct_184,rna(pdqm-112); rna(pdqm-47) > tg(pdqm-59)316; tg(pdqm-34)310,rna(mScarlet; mSG-2xLynk(N)) > gfp; Electra2; mCitrine; mKOK; mKate2; mTFP1,rna(mScarlet-cytosol; mSG-membrane) > gfp-cytosol; Electra2-cytosol; mCitrine-cytosol; mKOK-cytosol; mKate2-cytosol; mTFP1-cytosol,cytosol; membrane,scarlet; sg; gfp; electra2; citrine; kok; kate2; tfp1,,6/5/25,,134,82,34,6,12,pdqm-59(316),pdqm-34(310),,"pdqm-112, pdqm-47",direct,direct,pdqm-59(316); pdqm-34(310),rna(pdqm-112); rna(pdqm-47) > tg(pdqm-59)316; tg(pdqm-34)310,scarlet; sg; gfp; electra2; citrine; kok; kate2; tfp1,rna(cytosol; membrane) > cytosol,rna(scarlet; sg) > gfp; electra2; citrine; kok; kate2; tfp1
Korra_Foundation/20250606_skittlez/fish15_roi3,direct_184,rna(pdqm-112); rna(pdqm-47) > tg(pdqm-59)316; tg(pdqm-34)310,rna(mScarlet; mSG-2xLynk(N)) > gfp; Electra2; mCitrine; mKOK; mKate2; mTFP1,rna(mScarlet-cytosol; mSG-membrane) > gfp-cytosol; Electra2-cytosol; mCitrine-cytosol; mKOK-cytosol; mKate2-cytosol; mTFP1-cytosol,cytosol; membrane,scarlet; sg; gfp; electra2; citrine; kok; kate2; tfp1,,6/5/25,,134,82,34,6,12,pdqm-59(316),pdqm-34(310),,"pdqm-112, pdqm-47",direct,direct,pdqm-59(316); pdqm-34(310),rna(pdqm-112); rna(pdqm-47) > tg(pdqm-59)316; tg(pdqm-34)310,scarlet; sg; gfp; electra2; citrine; kok; kate2; tfp1,rna(cytosol; membrane) > cytosol,rna(scarlet; sg) > gfp; electra2; citrine; kok; kate2; tfp1
Korra_Foundation/20250606_skittlez/fish1_roi1,direct_184,rna(pdqm-112); rna(pdqm-47) > tg(pdqm-59)316; tg(pdqm-34)310,rna(mScarlet; mSG-2xLynk(N)) > gfp; Electra2; mCitrine; mKOK; mKate2; mTFP1,rna(mScarlet-cytosol; mSG-membrane) > gfp-cytosol; Electra2-cytosol; mCitrine-cytosol; mKOK-cytosol; mKate2-cytosol; mTFP1-cytosol,cytosol; membrane,scarlet; sg; gfp; electra2; citrine; kok; kate2; tfp1,,6/5/25,,110,66,26,6,12,pdqm-59(316),pdqm-34(310),,"pdqm-112, pdqm-47",direct,direct,pdqm-59(316); pdqm-34(310),rna(pdqm-112); rna(pdqm-47) > tg(pdqm-59)316; tg(pdqm-34)310,scarlet; sg; gfp; electra2; citrine; kok; kate2; tfp1,rna(cytosol; membrane) > cytosol,rna(scarlet; sg) > gfp; electra2; citrine; kok; kate2; tfp1
Korra_Foundation/20250606_skittlez/fish2_roi1,direct_184,rna(pdqm-112); rna(pdqm-47) > tg(pdqm-59)316; tg(pdqm-34)310,rna(mScarlet; mSG-2xLynk(N)) > gfp; Electra2; mCitrine; mKOK; mKate2; mTFP1,rna(mScarlet-cytosol; mSG-membrane) > gfp-cytosol; Electra2-cytosol; mCitrine-cytosol; mKOK-cytosol; mKate2-cytosol; mTFP1-cytosol,cytosol; membrane,scarlet; sg; gfp; electra2; citrine; kok; kate2; tfp1,,6/5/25,,110,66,26,6,12,pdqm-59(316),pdqm-34(310),,"pdqm-112, pdqm-47",direct,direct,pdqm-59(316); pdqm-34(310),rna(pdqm-112); rna(pdqm-47) > tg(pdqm-59)316; tg(pdqm-34)310,scarlet; sg; gfp; electra2; citrine; kok; kate2; tfp1,rna(cytosol; membrane) > cytosol,rna(scarlet; sg) > gfp; electra2; citrine; kok; kate2; tfp1
Korra_Foundation/20250606_skittlez/fish3_roi1,direct_184,rna(pdqm-112); rna(pdqm-47) > tg(pdqm-59)316; tg(pdqm-34)310,rna(mScarlet; mSG-2xLynk(N)) > gfp; Electra2; mCitrine; mKOK; mKate2; mTFP1,rna(mScarlet-cytosol; mSG-membrane) > gfp-cytosol; Electra2-cytosol; mCitrine-cytosol; mKOK-cytosol; mKate2-cytosol; mTFP1-cytosol,cytosol; membrane,scarlet; sg; gfp; electra2; citrine; kok; kate2; tfp1,,6/5/25,,110,66,26,6,12,pdqm-59(316),pdqm-34(310),,"pdqm-112, pdqm-47",direct,direct,pdqm-59(316); pdqm-34(310),rna(pdqm-112); rna(pdqm-47) > tg(pdqm-59)316; tg(pdqm-34)310,scarlet; sg; gfp; electra2; citrine; kok; kate2; tfp1,rna(cytosol; membrane) > cytosol,rna(scarlet; sg) > gfp; electra2; citrine; kok; kate2; tfp1
Korra_Foundation/20250606_skittlez/fish4_roi1,direct_184,rna(pdqm-112); rna(pdqm-47) > tg(pdqm-59)316; tg(pdqm-34)310,rna(mScarlet; mSG-2xLynk(N)) > gfp; Electra2; mCitrine; mKOK; mKate2; mTFP1,rna(mScarlet-cytosol; mSG-membrane) > gfp-cytosol; Electra2-cytosol; mCitrine-cytosol; mKOK-cytosol; mKate2-cytosol; mTFP1-cytosol,cytosol; membrane,scarlet; sg; gfp; electra2; citrine; kok; kate2; tfp1,,6/5/25,,110,66,26,6,12,pdqm-59(316),pdqm-34(310),,"pdqm-112, pdqm-47",direct,direct,pdqm-59(316); pdqm-34(310),rna(pdqm-112); rna(pdqm-47) > tg(pdqm-59)316; tg(pdqm-34)310,scarlet; sg; gfp; electra2; citrine; kok; kate2; tfp1,rna(cytosol; membrane) > cytosol,rna(scarlet; sg) > gfp; electra2; citrine; kok; kate2; tfp1
Korra_Foundation/20250606_skittlez/fish6_roi1,direct_184,rna(pdqm-112); rna(pdqm-47) > tg(pdqm-59)316; tg(pdqm-34)310,rna(mScarlet; mSG-2xLynk(N)) > gfp; Electra2; mCitrine; mKOK; mKate2; mTFP1,rna(mScarlet-cytosol; mSG-membrane) > gfp-cytosol; Electra2-cytosol; mCitrine-cytosol; mKOK-cytosol; mKate2-cytosol; mTFP1-cytosol,cytosol; membrane,scarlet; sg; gfp; electra2; citrine; kok; kate2; tfp1,,6/5/25,,110,66,26,6,12,pdqm-59(316),pdqm-34(310),,"pdqm-112, pdqm-47",direct,direct,pdqm-59(316); pdqm-34(310),rna(pdqm-112); rna(pdqm-47) > tg(pdqm-59)316; tg(pdqm-34)310,scarlet; sg; gfp; electra2; citrine; kok; kate2; tfp1,rna(cytosol; membrane) > cytosol,rna(scarlet; sg) > gfp; electra2; citrine; kok; kate2; tfp1
Korra_Foundation/20250606_skittlez/fish7_roi1,direct_184,rna(pdqm-112); rna(pdqm-47) > tg(pdqm-59)316; tg(pdqm-34)310,rna(mScarlet; mSG-2xLynk(N)) > gfp; Electra2; mCitrine; mKOK; mKate2; mTFP1,rna(mScarlet-cytosol; mSG-membrane) > gfp-cytosol; Electra2-cytosol; mCitrine-cytosol; mKOK-cytosol; mKate2-cytosol; mTFP1-cytosol,cytosol; membrane,scarlet; sg; gfp; electra2; citrine; kok; kate2; tfp1,,6/5/25,,110,66,26,6,12,pdqm-59(316),pdqm-34(310),,"pdqm-112, pdqm-47",direct,direct,pdqm-59(316); pdqm-34(310),rna(pdqm-112); rna(pdqm-47) > tg(pdqm-59)316; tg(pdqm-34)310,scarlet; sg; gfp; electra2; citrine; kok; kate2; tfp1,rna(cytosol; membrane) > cytosol,rna(scarlet; sg) > gfp; electra2; citrine; kok; kate2; tfp1
Korra_Foundation/20250606_skittlez/fish7_roi2,direct_184,rna(pdqm-112); rna(pdqm-47) > tg(pdqm-59)316; tg(pdqm-34)310,rna(mScarlet; mSG-2xLynk(N)) > gfp; Electra2; mCitrine; mKOK; mKate2; mTFP1,rna(mScarlet-cytosol; mSG-membrane) > gfp-cytosol; Electra2-cytosol; mCitrine-cytosol; mKOK-cytosol; mKate2-cytosol; mTFP1-cytosol,cytosol; membrane,scarlet; sg; gfp; electra2; citrine; kok; kate2; tfp1,,6/5/25,,110,66,26,6,12,pdqm-59(316),pdqm-34(310),,"pdqm-112, pdqm-47",direct,direct,pdqm-59(316); pdqm-34(310),rna(pdqm-112); rna(pdqm-47) > tg(pdqm-59)316; tg(pdqm-34)310,scarlet; sg; gfp; electra2; citrine; kok; kate2; tfp1,rna(cytosol; membrane) > cytosol,rna(scarlet; sg) > gfp; electra2; citrine; kok; kate2; tfp1
Korra_Foundation/20250606_skittlez/fish8_roi1,direct_184,rna(pdqm-112); rna(pdqm-47) > tg(pdqm-59)316; tg(pdqm-34)310,rna(mScarlet; mSG-2xLynk(N)) > gfp; Electra2; mCitrine; mKOK; mKate2; mTFP1,rna(mScarlet-cytosol; mSG-membrane) > gfp-cytosol; Electra2-cytosol; mCitrine-cytosol; mKOK-cytosol; mKate2-cytosol; mTFP1-cytosol,cytosol; membrane,scarlet; sg; gfp; electra2; citrine; kok; kate2; tfp1,,6/5/25,,110,66,26,6,12,pdqm-59(316),pdqm-34(310),,"pdqm-112, pdqm-47",direct,direct,pdqm-59(316); pdqm-34(310),rna(pdqm-112); rna(pdqm-47) > tg(pdqm-59)316; tg(pdqm-34)310,scarlet; sg; gfp; electra2; citrine; kok; kate2; tfp1,rna(cytosol; membrane) > cytosol,rna(scarlet; sg) > gfp; electra2; citrine; kok; kate2; tfp1
Korra_Foundation/20250606_skittlez/fish9_roi1,direct_184,rna(pdqm-112); rna(pdqm-47) > tg(pdqm-59)316; tg(pdqm-34)310,rna(mScarlet; mSG-2xLynk(N)) > gfp; Electra2; mCitrine; mKOK; mKate2; mTFP1,rna(mScarlet-cytosol; mSG-membrane) > gfp-cytosol; Electra2-cytosol; mCitrine-cytosol; mKOK-cytosol; mKate2-cytosol; mTFP1-cytosol,cytosol; membrane,scarlet; sg; gfp; electra2; citrine; kok; kate2; tfp1,,6/5/25,,134,82,34,6,12,pdqm-59(316),pdqm-34(310),,"pdqm-112, pdqm-47",direct,direct,pdqm-59(316); pdqm-34(310),rna(pdqm-112); rna(pdqm-47) > tg(pdqm-59)316; tg(pdqm-34)310,scarlet; sg; gfp; electra2; citrine; kok; kate2; tfp1,rna(cytosol; membrane) > cytosol,rna(scarlet; sg) > gfp; electra2; citrine; kok; kate2; tfp1
Korra_Foundation/20250606_skittlez/fish9_roi2,direct_184,rna(pdqm-112); rna(pdqm-47) > tg(pdqm-59)316; tg(pdqm-34)310,rna(mScarlet; mSG-2xLynk(N)) > gfp; Electra2; mCitrine; mKOK; mKate2; mTFP1,rna(mScarlet-cytosol; mSG-membrane) > gfp-cytosol; Electra2-cytosol; mCitrine-cytosol; mKOK-cytosol; mKate2-cytosol; mTFP1-cytosol,cytosol; membrane,scarlet; sg; gfp; electra2; citrine; kok; kate2; tfp1,,6/5/25,,134,82,34,6,12,pdqm-59(316),pdqm-34(310),,"pdqm-112, pdqm-47",direct,direct,pdqm-59(316); pdqm-34(310),rna(pdqm-112); rna(pdqm-47) > tg(pdqm-59)316; tg(pdqm-34)310,scarlet; sg; gfp; electra2; citrine; kok; kate2; tfp1,rna(cytosol; membrane) > cytosol,rna(scarlet; sg) > gfp; electra2; citrine; kok; kate2; tfp1
Korra_Foundation/20250609_mem-histone/fish11_72hpf_roi1,direct_183,rna(pdqm-117) > tg(pdqm-5)301,rna(mScarlet3S2-H2B(N)) > tdmSG-2xLynk(N),rna(mScarlet3S2-histone) > tdmSG-membrane,histone; membrane,scarlet3s2; sg,DH,6/6/25,,14860,6853,4084,1303,2620,pdqm-5(301),pdqm-5(301),,pdqm-117,direct,direct,pdqm-5(301),rna(pdqm-117) > tg(pdqm-5)301,scarlet3s2; sg,rna(histone) > membrane,rna(scarlet3s2) > sg
Korra_Foundation/20250609_mem-histone/fish2_24hpf_roi1,manual_2,tg(pdqm-5)301; tg(pdqm-133)324,tdmSG-2xLynk(N); tdmScarlet3-H2B(C),tdmSG-membrane; tdmScarlet3-histone,membrane; histone,sg; scarlet3,,,,3807,1818,1440,182,367,pdqm-5(301),pdqm-133(324),,,direct_by_clue_map,manual,pdqm-5(301); pdqm-133(324),tg(pdqm-5)301; tg(pdqm-133)324,sg; scarlet3,membrane; histone,sg; scarlet3
Korra_Foundation/20250609_mem-histone/fish2_24hpf_roi2,manual_2,tg(pdqm-5)301; tg(pdqm-133)324,tdmSG-2xLynk(N); tdmScarlet3-H2B(C),tdmSG-membrane; tdmScarlet3-histone,membrane; histone,sg; scarlet3,,,,4432,2132,1760,180,360,pdqm-5(301),pdqm-133(324),,,direct_by_clue_map,manual,pdqm-5(301); pdqm-133(324),tg(pdqm-5)301; tg(pdqm-133)324,sg; scarlet3,membrane; histone,sg; scarlet3
Korra_Foundation/20250609_mem-histone/fish3_24hpf_roi1,manual_2,tg(pdqm-5)301; tg(pdqm-133)324,tdmSG-2xLynk(N); tdmScarlet3-H2B(C),tdmSG-membrane; tdmScarlet3-histone,membrane; histone,sg; scarlet3,,,,4912,2372,2000,180,360,pdqm-5(301),pdqm-133(324),,,direct_by_clue_map,manual,pdqm-5(301); pdqm-133(324),tg(pdqm-5)301; tg(pdqm-133)324,sg; scarlet3,membrane; histone,sg; scarlet3
Korra_Foundation/20250609_mem-histone/fish4_24hpf_roi1,manual_2,tg(pdqm-5)301; tg(pdqm-133)324,tdmSG-2xLynk(N); tdmScarlet3-H2B(C),tdmSG-membrane; tdmScarlet3-histone,membrane; histone,sg; scarlet3,,,,3472,1652,1280,180,360,pdqm-5(301),pdqm-133(324),,,direct_by_clue_map,manual,pdqm-5(301); pdqm-133(324),tg(pdqm-5)301; tg(pdqm-133)324,sg; scarlet3,membrane; histone,sg; scarlet3
Korra_Foundation/20250609_mem-histone/fish5_24hpf_roi1,manual_2,tg(pdqm-5)301; tg(pdqm-133)324,tdmSG-2xLynk(N); tdmScarlet3-H2B(C),tdmSG-membrane; tdmScarlet3-histone,membrane; histone,sg; scarlet3,,,,3472,1652,1280,180,360,pdqm-5(301),pdqm-133(324),,,direct_by_clue_map,manual,pdqm-5(301); pdqm-133(324),tg(pdqm-5)301; tg(pdqm-133)324,sg; scarlet3,membrane; histone,sg; scarlet3
Korra_Foundation/20250609_mem-histone/fish5_48hpf_roi2,manual_2,tg(pdqm-5)301; tg(pdqm-133)324,tdmSG-2xLynk(N); tdmScarlet3-H2B(C),tdmSG-membrane; tdmScarlet3-histone,membrane; histone,sg; scarlet3,,,,3320,1590,1280,150,300,pdqm-5(301),pdqm-133(324),,,direct_by_clue_map,manual,pdqm-5(301); pdqm-133(324),tg(pdqm-5)301; tg(pdqm-133)324,sg; scarlet3,membrane; histone,sg; scarlet3
Korra_Foundation/20250609_mem-histone/fish6_48hpf_roi1,manual_2,tg(pdqm-5)301; tg(pdqm-133)324,tdmSG-2xLynk(N); tdmScarlet3-H2B(C),tdmSG-membrane; tdmScarlet3-histone,membrane; histone,sg; scarlet3,,,,2840,1350,1040,150,300,pdqm-5(301),pdqm-133(324),,,direct_by_clue_map,manual,pdqm-5(301); pdqm-133(324),tg(pdqm-5)301; tg(pdqm-133)324,sg; scarlet3,membrane; histone,sg; scarlet3
Korra_Foundation/20250609_mem-histone/fish6_48hpf_roi2,manual_2,tg(pdqm-5)301; tg(pdqm-133)324,tdmSG-2xLynk(N); tdmScarlet3-H2B(C),tdmSG-membrane; tdmScarlet3-histone,membrane; histone,sg; scarlet3,,,,2360,1110,800,150,300,pdqm-5(301),pdqm-133(324),,,direct_by_clue_map,manual,pdqm-5(301); pdqm-133(324),tg(pdqm-5)301; tg(pdqm-133)324,sg; scarlet3,membrane; histone,sg; scarlet3
Korra_Foundation/20250612_skittlez/fish1_roi1,direct_180,rna(pdqm-112); rna(pdqm-47) > tg(pdqm-36)318; tg(pdqm-34)309,rna(mScarlet; mSG-2xLynk(N)) > Electra2; mCitrine; mKOK; mKate2; mTFP1,rna(mScarlet-cytosol; mSG-membrane) > Electra2-cytosol; mCitrine-cytosol; mKOK-cytosol; mKate2-cytosol; mTFP1-cytosol,cytosol; membrane,scarlet; sg; electra2; citrine; kok; kate2; tfp1,,6/11/25,,392,238,100,18,36,pdqm-36(318),pdqm-34(309),,"pdqm-112, pdqm-47",direct,direct,pdqm-36(318); pdqm-34(309),rna(pdqm-112); rna(pdqm-47) > tg(pdqm-36)318; tg(pdqm-34)309,scarlet; sg; electra2; citrine; kok; kate2; tfp1,rna(cytosol; membrane) > cytosol,rna(scarlet; sg) > electra2; citrine; kok; kate2; tfp1
Korra_Foundation/20250612_skittlez/fish2_roi1,direct_180,rna(pdqm-112); rna(pdqm-47) > tg(pdqm-36)318; tg(pdqm-34)309,rna(mScarlet; mSG-2xLynk(N)) > Electra2; mCitrine; mKOK; mKate2; mTFP1,rna(mScarlet-cytosol; mSG-membrane) > Electra2-cytosol; mCitrine-cytosol; mKOK-cytosol; mKate2-cytosol; mTFP1-cytosol,cytosol; membrane,scarlet; sg; electra2; citrine; kok; kate2; tfp1,,6/11/25,,152,94,40,6,12,pdqm-36(318),pdqm-34(309),,"pdqm-112, pdqm-47",direct,direct,pdqm-36(318); pdqm-34(309),rna(pdqm-112); rna(pdqm-47) > tg(pdqm-36)318; tg(pdqm-34)309,scarlet; sg; electra2; citrine; kok; kate2; tfp1,rna(cytosol; membrane) > cytosol,rna(scarlet; sg) > electra2; citrine; kok; kate2; tfp1
Korra_Foundation/20250612_skittlez/fish3_roi1,direct_180,rna(pdqm-112); rna(pdqm-47) > tg(pdqm-36)318; tg(pdqm-34)309,rna(mScarlet; mSG-2xLynk(N)) > Electra2; mCitrine; mKOK; mKate2; mTFP1,rna(mScarlet-cytosol; mSG-membrane) > Electra2-cytosol; mCitrine-cytosol; mKOK-cytosol; mKate2-cytosol; mTFP1-cytosol,cytosol; membrane,scarlet; sg; electra2; citrine; kok; kate2; tfp1,,6/11/25,,192,118,50,8,16,pdqm-36(318),pdqm-34(309),,"pdqm-112, pdqm-47",direct,direct,pdqm-36(318); pdqm-34(309),rna(pdqm-112); rna(pdqm-47) > tg(pdqm-36)318; tg(pdqm-34)309,scarlet; sg; electra2; citrine; kok; kate2; tfp1,rna(cytosol; membrane) > cytosol,rna(scarlet; sg) > electra2; citrine; kok; kate2; tfp1
Korra_Foundation/20250612_skittlez/fish4_roi1,direct_180,rna(pdqm-112); rna(pdqm-47) > tg(pdqm-36)318; tg(pdqm-34)309,rna(mScarlet; mSG-2xLynk(N)) > Electra2; mCitrine; mKOK; mKate2; mTFP1,rna(mScarlet-cytosol; mSG-membrane) > Electra2-cytosol; mCitrine-cytosol; mKOK-cytosol; mKate2-cytosol; mTFP1-cytosol,cytosol; membrane,scarlet; sg; electra2; citrine; kok; kate2; tfp1,,6/11/25,,352,214,90,16,32,pdqm-36(318),pdqm-34(309),,"pdqm-112, pdqm-47",direct,direct,pdqm-36(318); pdqm-34(309),rna(pdqm-112); rna(pdqm-47) > tg(pdqm-36)318; tg(pdqm-34)309,scarlet; sg; electra2; citrine; kok; kate2; tfp1,rna(cytosol; membrane) > cytosol,rna(scarlet; sg) > electra2; citrine; kok; kate2; tfp1
Korra_Foundation/20250612_skittlez/fish5_roi1,direct_180,rna(pdqm-112); rna(pdqm-47) > tg(pdqm-36)318; tg(pdqm-34)309,rna(mScarlet; mSG-2xLynk(N)) > Electra2; mCitrine; mKOK; mKate2; mTFP1,rna(mScarlet-cytosol; mSG-membrane) > Electra2-cytosol; mCitrine-cytosol; mKOK-cytosol; mKate2-cytosol; mTFP1-cytosol,cytosol; membrane,scarlet; sg; electra2; citrine; kok; kate2; tfp1,,6/11/25,,152,94,40,6,12,pdqm-36(318),pdqm-34(309),,"pdqm-112, pdqm-47",direct,direct,pdqm-36(318); pdqm-34(309),rna(pdqm-112); rna(pdqm-47) > tg(pdqm-36)318; tg(pdqm-34)309,scarlet; sg; electra2; citrine; kok; kate2; tfp1,rna(cytosol; membrane) > cytosol,rna(scarlet; sg) > electra2; citrine; kok; kate2; tfp1
Korra_Foundation/20250612_skittlez/fish5_roi2,direct_180,rna(pdqm-112); rna(pdqm-47) > tg(pdqm-36)318; tg(pdqm-34)309,rna(mScarlet; mSG-2xLynk(N)) > Electra2; mCitrine; mKOK; mKate2; mTFP1,rna(mScarlet-cytosol; mSG-membrane) > Electra2-cytosol; mCitrine-cytosol; mKOK-cytosol; mKate2-cytosol; mTFP1-cytosol,cytosol; membrane,scarlet; sg; electra2; citrine; kok; kate2; tfp1,,6/11/25,,152,94,40,6,12,pdqm-36(318),pdqm-34(309),,"pdqm-112, pdqm-47",direct,direct,pdqm-36(318); pdqm-34(309),rna(pdqm-112); rna(pdqm-47) > tg(pdqm-36)318; tg(pdqm-34)309,scarlet; sg; electra2; citrine; kok; kate2; tfp1,rna(cytosol; membrane) > cytosol,rna(scarlet; sg) > electra2; citrine; kok; kate2; tfp1
Korra_Foundation/20250612_skittlez/fish5_roi3,direct_180,rna(pdqm-112); rna(pdqm-47) > tg(pdqm-36)318; tg(pdqm-34)309,rna(mScarlet; mSG-2xLynk(N)) > Electra2; mCitrine; mKOK; mKate2; mTFP1,rna(mScarlet-cytosol; mSG-membrane) > Electra2-cytosol; mCitrine-cytosol; mKOK-cytosol; mKate2-cytosol; mTFP1-cytosol,cytosol; membrane,scarlet; sg; electra2; citrine; kok; kate2; tfp1,,6/11/25,,152,94,40,6,12,pdqm-36(318),pdqm-34(309),,"pdqm-112, pdqm-47",direct,direct,pdqm-36(318); pdqm-34(309),rna(pdqm-112); rna(pdqm-47) > tg(pdqm-36)318; tg(pdqm-34)309,scarlet; sg; electra2; citrine; kok; kate2; tfp1,rna(cytosol; membrane) > cytosol,rna(scarlet; sg) > electra2; citrine; kok; kate2; tfp1
Korra_Foundation/20250612_skittlez/fish6_roi1,direct_180,rna(pdqm-112); rna(pdqm-47) > tg(pdqm-36)318; tg(pdqm-34)309,rna(mScarlet; mSG-2xLynk(N)) > Electra2; mCitrine; mKOK; mKate2; mTFP1,rna(mScarlet-cytosol; mSG-membrane) > Electra2-cytosol; mCitrine-cytosol; mKOK-cytosol; mKate2-cytosol; mTFP1-cytosol,cytosol; membrane,scarlet; sg; electra2; citrine; kok; kate2; tfp1,,6/11/25,,152,94,40,6,12,pdqm-36(318),pdqm-34(309),,"pdqm-112, pdqm-47",direct,direct,pdqm-36(318); pdqm-34(309),rna(pdqm-112); rna(pdqm-47) > tg(pdqm-36)318; tg(pdqm-34)309,scarlet; sg; electra2; citrine; kok; kate2; tfp1,rna(cytosol; membrane) > cytosol,rna(scarlet; sg) > electra2; citrine; kok; kate2; tfp1
Korra_Foundation/20250612_skittlez/fish7_roi1,direct_180,rna(pdqm-112); rna(pdqm-47) > tg(pdqm-36)318; tg(pdqm-34)309,rna(mScarlet; mSG-2xLynk(N)) > Electra2; mCitrine; mKOK; mKate2; mTFP1,rna(mScarlet-cytosol; mSG-membrane) > Electra2-cytosol; mCitrine-cytosol; mKOK-cytosol; mKate2-cytosol; mTFP1-cytosol,cytosol; membrane,scarlet; sg; electra2; citrine; kok; kate2; tfp1,,6/11/25,,112,70,30,4,8,pdqm-36(318),pdqm-34(309),,"pdqm-112, pdqm-47",direct,direct,pdqm-36(318); pdqm-34(309),rna(pdqm-112); rna(pdqm-47) > tg(pdqm-36)318; tg(pdqm-34)309,scarlet; sg; electra2; citrine; kok; kate2; tfp1,rna(cytosol; membrane) > cytosol,rna(scarlet; sg) > electra2; citrine; kok; kate2; tfp1
Korra_Foundation/20250612_skittlez/fish8_roi1,direct_180,rna(pdqm-112); rna(pdqm-47) > tg(pdqm-36)318; tg(pdqm-34)309,rna(mScarlet; mSG-2xLynk(N)) > Electra2; mCitrine; mKOK; mKate2; mTFP1,rna(mScarlet-cytosol; mSG-membrane) > Electra2-cytosol; mCitrine-cytosol; mKOK-cytosol; mKate2-cytosol; mTFP1-cytosol,cytosol; membrane,scarlet; sg; electra2; citrine; kok; kate2; tfp1,,6/11/25,,232,142,60,10,20,pdqm-36(318),pdqm-34(309),,"pdqm-112, pdqm-47",direct,direct,pdqm-36(318); pdqm-34(309),rna(pdqm-112); rna(pdqm-47) > tg(pdqm-36)318; tg(pdqm-34)309,scarlet; sg; electra2; citrine; kok; kate2; tfp1,rna(cytosol; membrane) > cytosol,rna(scarlet; sg) > electra2; citrine; kok; kate2; tfp1
Korra_Foundation/20250613_skittlez/fish10_roi1,direct_179,rna(pdqm-112); rna(pdqm-47) > tg(pdqm-59)316; tg(pdqm-36)318,rna(mScarlet; mSG-2xLynk(N)) > gfp,rna(mScarlet-cytosol; mSG-membrane) > gfp-cytosol,cytosol; membrane,scarlet; sg; gfp,,6/12/25,,152,94,40,6,12,pdqm-59(316),pdqm-36(318),,"pdqm-112, pdqm-47",direct,direct,pdqm-59(316); pdqm-36(318),rna(pdqm-112); rna(pdqm-47) > tg(pdqm-59)316; tg(pdqm-36)318,scarlet; sg; gfp,rna(cytosol; membrane) > cytosol,rna(scarlet; sg) > gfp
Korra_Foundation/20250613_skittlez/fish11_roi1,direct_179,rna(pdqm-112); rna(pdqm-47) > tg(pdqm-59)316; tg(pdqm-36)318,rna(mScarlet; mSG-2xLynk(N)) > gfp,rna(mScarlet-cytosol; mSG-membrane) > gfp-cytosol,cytosol; membrane,scarlet; sg; gfp,,6/12/25,,232,142,60,10,20,pdqm-59(316),pdqm-36(318),,"pdqm-112, pdqm-47",direct,direct,pdqm-59(316); pdqm-36(318),rna(pdqm-112); rna(pdqm-47) > tg(pdqm-59)316; tg(pdqm-36)318,scarlet; sg; gfp,rna(cytosol; membrane) > cytosol,rna(scarlet; sg) > gfp
Korra_Foundation/20250613_skittlez/fish12_roi1,direct_179,rna(pdqm-112); rna(pdqm-47) > tg(pdqm-59)316; tg(pdqm-36)318,rna(mScarlet; mSG-2xLynk(N)) > gfp,rna(mScarlet-cytosol; mSG-membrane) > gfp-cytosol,cytosol; membrane,scarlet; sg; gfp,,6/12/25,,192,118,50,8,16,pdqm-59(316),pdqm-36(318),,"pdqm-112, pdqm-47",direct,direct,pdqm-59(316); pdqm-36(318),rna(pdqm-112); rna(pdqm-47) > tg(pdqm-59)316; tg(pdqm-36)318,scarlet; sg; gfp,rna(cytosol; membrane) > cytosol,rna(scarlet; sg) > gfp
Korra_Foundation/20250613_skittlez/fish1_roi1,direct_179,rna(pdqm-112); rna(pdqm-47) > tg(pdqm-59)316; tg(pdqm-36)318,rna(mScarlet; mSG-2xLynk(N)) > gfp,rna(mScarlet-cytosol; mSG-membrane) > gfp-cytosol,cytosol; membrane,scarlet; sg; gfp,,6/12/25,,219,128,48,14,29,pdqm-59(316),pdqm-36(318),,"pdqm-112, pdqm-47",direct,direct,pdqm-59(316); pdqm-36(318),rna(pdqm-112); rna(pdqm-47) > tg(pdqm-59)316; tg(pdqm-36)318,scarlet; sg; gfp,rna(cytosol; membrane) > cytosol,rna(scarlet; sg) > gfp
Korra_Foundation/20250613_skittlez/fish2_roi1,direct_179,rna(pdqm-112); rna(pdqm-47) > tg(pdqm-59)316; tg(pdqm-36)318,rna(mScarlet; mSG-2xLynk(N)) > gfp,rna(mScarlet-cytosol; mSG-membrane) > gfp-cytosol,cytosol; membrane,scarlet; sg; gfp,,6/12/25,,160,94,36,10,20,pdqm-59(316),pdqm-36(318),,"pdqm-112, pdqm-47",direct,direct,pdqm-59(316); pdqm-36(318),rna(pdqm-112); rna(pdqm-47) > tg(pdqm-59)316; tg(pdqm-36)318,scarlet; sg; gfp,rna(cytosol; membrane) > cytosol,rna(scarlet; sg) > gfp
Korra_Foundation/20250613_skittlez/fish3_roi1,direct_179,rna(pdqm-112); rna(pdqm-47) > tg(pdqm-59)316; tg(pdqm-36)318,rna(mScarlet; mSG-2xLynk(N)) > gfp,rna(mScarlet-cytosol; mSG-membrane) > gfp-cytosol,cytosol; membrane,scarlet; sg; gfp,,6/12/25,,104,62,24,6,12,pdqm-59(316),pdqm-36(318),,"pdqm-112, pdqm-47",direct,direct,pdqm-59(316); pdqm-36(318),rna(pdqm-112); rna(pdqm-47) > tg(pdqm-59)316; tg(pdqm-36)318,scarlet; sg; gfp,rna(cytosol; membrane) > cytosol,rna(scarlet; sg) > gfp
Korra_Foundation/20250613_skittlez/fish4_roi1,direct_179,rna(pdqm-112); rna(pdqm-47) > tg(pdqm-59)316; tg(pdqm-36)318,rna(mScarlet; mSG-2xLynk(N)) > gfp,rna(mScarlet-cytosol; mSG-membrane) > gfp-cytosol,cytosol; membrane,scarlet; sg; gfp,,6/12/25,,104,62,24,6,12,pdqm-59(316),pdqm-36(318),,"pdqm-112, pdqm-47",direct,direct,pdqm-59(316); pdqm-36(318),rna(pdqm-112); rna(pdqm-47) > tg(pdqm-59)316; tg(pdqm-36)318,scarlet; sg; gfp,rna(cytosol; membrane) > cytosol,rna(scarlet; sg) > gfp
Korra_Foundation/20250613_skittlez/fish5_roi1,direct_179,rna(pdqm-112); rna(pdqm-47) > tg(pdqm-59)316; tg(pdqm-36)318,rna(mScarlet; mSG-2xLynk(N)) > gfp,rna(mScarlet-cytosol; mSG-membrane) > gfp-cytosol,cytosol; membrane,scarlet; sg; gfp,,6/12/25,,132,78,30,8,16,pdqm-59(316),pdqm-36(318),,"pdqm-112, pdqm-47",direct,direct,pdqm-59(316); pdqm-36(318),rna(pdqm-112); rna(pdqm-47) > tg(pdqm-59)316; tg(pdqm-36)318,scarlet; sg; gfp,rna(cytosol; membrane) > cytosol,rna(scarlet; sg) > gfp
Korra_Foundation/20250613_skittlez/fish6_roi1,direct_179,rna(pdqm-112); rna(pdqm-47) > tg(pdqm-59)316; tg(pdqm-36)318,rna(mScarlet; mSG-2xLynk(N)) > gfp,rna(mScarlet-cytosol; mSG-membrane) > gfp-cytosol,cytosol; membrane,scarlet; sg; gfp,,6/12/25,,121,66,20,10,25,pdqm-59(316),pdqm-36(318),,"pdqm-112, pdqm-47",direct,direct,pdqm-59(316); pdqm-36(318),rna(pdqm-112); rna(pdqm-47) > tg(pdqm-59)316; tg(pdqm-36)318,scarlet; sg; gfp,rna(cytosol; membrane) > cytosol,rna(scarlet; sg) > gfp
Korra_Foundation/20250613_skittlez/fish7_roi,direct_179,rna(pdqm-112); rna(pdqm-47) > tg(pdqm-59)316; tg(pdqm-36)318,rna(mScarlet; mSG-2xLynk(N)) > gfp,rna(mScarlet-cytosol; mSG-membrane) > gfp-cytosol,cytosol; membrane,scarlet; sg; gfp,,6/12/25,,160,94,36,10,20,pdqm-59(316),pdqm-36(318),,"pdqm-112, pdqm-47",direct,direct,pdqm-59(316); pdqm-36(318),rna(pdqm-112); rna(pdqm-47) > tg(pdqm-59)316; tg(pdqm-36)318,scarlet; sg; gfp,rna(cytosol; membrane) > cytosol,rna(scarlet; sg) > gfp
Korra_Foundation/20250613_skittlez/fish8_roi1,direct_179,rna(pdqm-112); rna(pdqm-47) > tg(pdqm-59)316; tg(pdqm-36)318,rna(mScarlet; mSG-2xLynk(N)) > gfp,rna(mScarlet-cytosol; mSG-membrane) > gfp-cytosol,cytosol; membrane,scarlet; sg; gfp,,6/12/25,,152,86,30,12,24,pdqm-59(316),pdqm-36(318),,"pdqm-112, pdqm-47",direct,direct,pdqm-59(316); pdqm-36(318),rna(pdqm-112); rna(pdqm-47) > tg(pdqm-59)316; tg(pdqm-36)318,scarlet; sg; gfp,rna(cytosol; membrane) > cytosol,rna(scarlet; sg) > gfp
Korra_Foundation/20250613_skittlez/fish9_roi1,direct_179,rna(pdqm-112); rna(pdqm-47) > tg(pdqm-59)316; tg(pdqm-36)318,rna(mScarlet; mSG-2xLynk(N)) > gfp,rna(mScarlet-cytosol; mSG-membrane) > gfp-cytosol,cytosol; membrane,scarlet; sg; gfp,,6/12/25,,312,190,80,14,28,pdqm-59(316),pdqm-36(318),,"pdqm-112, pdqm-47",direct,direct,pdqm-59(316); pdqm-36(318),rna(pdqm-112); rna(pdqm-47) > tg(pdqm-59)316; tg(pdqm-36)318,scarlet; sg; gfp,rna(cytosol; membrane) > cytosol,rna(scarlet; sg) > gfp
Korra_Foundation/20250616_mem-histone/fish1_24hpf_roi1_brain,manual_2,tg(pdqm-5)301; tg(pdqm-133)324,tdmSG-2xLynk(N); tdmScarlet3-H2B(C),tdmSG-membrane; tdmScarlet3-histone,membrane; histone,sg; scarlet3,,,,2902,1348,906,216,432,pdqm-5(301),pdqm-133(324),,,direct_by_clue_map,manual,pdqm-5(301); pdqm-133(324),tg(pdqm-5)301; tg(pdqm-133)324,sg; scarlet3,membrane; histone,sg; scarlet3
Korra_Foundation/20250616_mem-histone/fish1_72hpf_roi1-ear,manual_2,tg(pdqm-5)301; tg(pdqm-133)324,tdmSG-2xLynk(N); tdmScarlet3-H2B(C),tdmSG-membrane; tdmScarlet3-histone,membrane; histone,sg; scarlet3,,,,1513,723,572,68,150,pdqm-5(301),pdqm-133(324),,,direct_by_clue_map,manual,pdqm-5(301); pdqm-133(324),tg(pdqm-5)301; tg(pdqm-133)324,sg; scarlet3,membrane; histone,sg; scarlet3
Korra_Foundation/20250616_mem-histone/fish1_72hpf_roi2_muscle,manual_2,tg(pdqm-5)301; tg(pdqm-133)324,tdmSG-2xLynk(N); tdmScarlet3-H2B(C),tdmSG-membrane; tdmScarlet3-histone,membrane; histone,sg; scarlet3,,,,11889,5615,4300,630,1344,pdqm-5(301),pdqm-133(324),,,direct_by_clue_map,manual,pdqm-5(301); pdqm-133(324),tg(pdqm-5)301; tg(pdqm-133)324,sg; scarlet3,membrane; histone,sg; scarlet3
Korra_Foundation/20250616_mem-histone/fish2_24hpf_roi1_brain,manual_2,tg(pdqm-5)301; tg(pdqm-133)324,tdmSG-2xLynk(N); tdmScarlet3-H2B(C),tdmSG-membrane; tdmScarlet3-histone,membrane; histone,sg; scarlet3,,,,4336,2064,1624,216,432,pdqm-5(301),pdqm-133(324),,,direct_by_clue_map,manual,pdqm-5(301); pdqm-133(324),tg(pdqm-5)301; tg(pdqm-133)324,sg; scarlet3,membrane; histone,sg; scarlet3
Korra_Foundation/20250616_mem-histone/fish3_24hpf_roi1_brain,manual_2,tg(pdqm-5)301; tg(pdqm-133)324,tdmSG-2xLynk(N); tdmScarlet3-H2B(C),tdmSG-membrane; tdmScarlet3-histone,membrane; histone,sg; scarlet3,,,,4672,2232,1792,216,432,pdqm-5(301),pdqm-133(324),,,direct_by_clue_map,manual,pdqm-5(301); pdqm-133(324),tg(pdqm-5)301; tg(pdqm-133)324,sg; scarlet3,membrane; histone,sg; scarlet3
Korra_Foundation/20250616_mem-histone/fish4_24hpf_roi1_brain,manual_2,tg(pdqm-5)301; tg(pdqm-133)324,tdmSG-2xLynk(N); tdmScarlet3-H2B(C),tdmSG-membrane; tdmScarlet3-histone,membrane; histone,sg; scarlet3,,,,2480,1162,832,162,324,pdqm-5(301),pdqm-133(324),,,direct_by_clue_map,manual,pdqm-5(301); pdqm-133(324),tg(pdqm-5)301; tg(pdqm-133)324,sg; scarlet3,membrane; histone,sg; scarlet3
Korra_Foundation/20250618_skittlez/fish10_roi1,direct_176,rna(pdqm-112); rna(pdqm-47) > tg(pdqm-34)310; tg(pdqm-34)309,rna(mScarlet; mSG-2xLynk(N)) > Electra2; mCitrine; mKOK; mKate2; mTFP1,rna(mScarlet-cytosol; mSG-membrane) > Electra2-cytosol; mCitrine-cytosol; mKOK-cytosol; mKate2-cytosol; mTFP1-cytosol,cytosol; membrane,scarlet; sg; electra2; citrine; kok; kate2; tfp1,,6/17/25,,104,62,24,6,12,pdqm-34(310),pdqm-34(309),,"pdqm-112, pdqm-47",direct,direct,pdqm-34(310); pdqm-34(309),rna(pdqm-112); rna(pdqm-47) > tg(pdqm-34)310; tg(pdqm-34)309,scarlet; sg; electra2; citrine; kok; kate2; tfp1,rna(cytosol; membrane) > cytosol,rna(scarlet; sg) > electra2; citrine; kok; kate2; tfp1
Korra_Foundation/20250618_skittlez/fish10_roi2,direct_176,rna(pdqm-112); rna(pdqm-47) > tg(pdqm-34)310; tg(pdqm-34)309,rna(mScarlet; mSG-2xLynk(N)) > Electra2; mCitrine; mKOK; mKate2; mTFP1,rna(mScarlet-cytosol; mSG-membrane) > Electra2-cytosol; mCitrine-cytosol; mKOK-cytosol; mKate2-cytosol; mTFP1-cytosol,cytosol; membrane,scarlet; sg; electra2; citrine; kok; kate2; tfp1,,6/17/25,,104,62,24,6,12,pdqm-34(310),pdqm-34(309),,"pdqm-112, pdqm-47",direct,direct,pdqm-34(310); pdqm-34(309),rna(pdqm-112); rna(pdqm-47) > tg(pdqm-34)310; tg(pdqm-34)309,scarlet; sg; electra2; citrine; kok; kate2; tfp1,rna(cytosol; membrane) > cytosol,rna(scarlet; sg) > electra2; citrine; kok; kate2; tfp1
Korra_Foundation/20250618_skittlez/fish10_roi3,direct_176,rna(pdqm-112); rna(pdqm-47) > tg(pdqm-34)310; tg(pdqm-34)309,rna(mScarlet; mSG-2xLynk(N)) > Electra2; mCitrine; mKOK; mKate2; mTFP1,rna(mScarlet-cytosol; mSG-membrane) > Electra2-cytosol; mCitrine-cytosol; mKOK-cytosol; mKate2-cytosol; mTFP1-cytosol,cytosol; membrane,scarlet; sg; electra2; citrine; kok; kate2; tfp1,,6/17/25,,104,62,24,6,12,pdqm-34(310),pdqm-34(309),,"pdqm-112, pdqm-47",direct,direct,pdqm-34(310); pdqm-34(309),rna(pdqm-112); rna(pdqm-47) > tg(pdqm-34)310; tg(pdqm-34)309,scarlet; sg; electra2; citrine; kok; kate2; tfp1,rna(cytosol; membrane) > cytosol,rna(scarlet; sg) > electra2; citrine; kok; kate2; tfp1
Korra_Foundation/20250618_skittlez/fish10_roi4,direct_176,rna(pdqm-112); rna(pdqm-47) > tg(pdqm-34)310; tg(pdqm-34)309,rna(mScarlet; mSG-2xLynk(N)) > Electra2; mCitrine; mKOK; mKate2; mTFP1,rna(mScarlet-cytosol; mSG-membrane) > Electra2-cytosol; mCitrine-cytosol; mKOK-cytosol; mKate2-cytosol; mTFP1-cytosol,cytosol; membrane,scarlet; sg; electra2; citrine; kok; kate2; tfp1,,6/17/25,,104,62,24,6,12,pdqm-34(310),pdqm-34(309),,"pdqm-112, pdqm-47",direct,direct,pdqm-34(310); pdqm-34(309),rna(pdqm-112); rna(pdqm-47) > tg(pdqm-34)310; tg(pdqm-34)309,scarlet; sg; electra2; citrine; kok; kate2; tfp1,rna(cytosol; membrane) > cytosol,rna(scarlet; sg) > electra2; citrine; kok; kate2; tfp1
Korra_Foundation/20250618_skittlez/fish11_roi1,direct_176,rna(pdqm-112); rna(pdqm-47) > tg(pdqm-34)310; tg(pdqm-34)309,rna(mScarlet; mSG-2xLynk(N)) > Electra2; mCitrine; mKOK; mKate2; mTFP1,rna(mScarlet-cytosol; mSG-membrane) > Electra2-cytosol; mCitrine-cytosol; mKOK-cytosol; mKate2-cytosol; mTFP1-cytosol,cytosol; membrane,scarlet; sg; electra2; citrine; kok; kate2; tfp1,,6/17/25,,132,78,30,8,16,pdqm-34(310),pdqm-34(309),,"pdqm-112, pdqm-47",direct,direct,pdqm-34(310); pdqm-34(309),rna(pdqm-112); rna(pdqm-47) > tg(pdqm-34)310; tg(pdqm-34)309,scarlet; sg; electra2; citrine; kok; kate2; tfp1,rna(cytosol; membrane) > cytosol,rna(scarlet; sg) > electra2; citrine; kok; kate2; tfp1
Korra_Foundation/20250618_skittlez/fish1_roi1,direct_176,rna(pdqm-112); rna(pdqm-47) > tg(pdqm-34)310; tg(pdqm-34)309,rna(mScarlet; mSG-2xLynk(N)) > Electra2; mCitrine; mKOK; mKate2; mTFP1,rna(mScarlet-cytosol; mSG-membrane) > Electra2-cytosol; mCitrine-cytosol; mKOK-cytosol; mKate2-cytosol; mTFP1-cytosol,cytosol; membrane,scarlet; sg; electra2; citrine; kok; kate2; tfp1,,6/17/25,,56,30,8,6,12,pdqm-34(310),pdqm-34(309),,"pdqm-112, pdqm-47",direct,direct,pdqm-34(310); pdqm-34(309),rna(pdqm-112); rna(pdqm-47) > tg(pdqm-34)310; tg(pdqm-34)309,scarlet; sg; electra2; citrine; kok; kate2; tfp1,rna(cytosol; membrane) > cytosol,rna(scarlet; sg) > electra2; citrine; kok; kate2; tfp1
Korra_Foundation/20250618_skittlez/fish1_roi1_2,direct_176,rna(pdqm-112); rna(pdqm-47) > tg(pdqm-34)310; tg(pdqm-34)309,rna(mScarlet; mSG-2xLynk(N)) > Electra2; mCitrine; mKOK; mKate2; mTFP1,rna(mScarlet-cytosol; mSG-membrane) > Electra2-cytosol; mCitrine-cytosol; mKOK-cytosol; mKate2-cytosol; mTFP1-cytosol,cytosol; membrane,scarlet; sg; electra2; citrine; kok; kate2; tfp1,,6/17/25,,128,78,32,6,12,pdqm-34(310),pdqm-34(309),,"pdqm-112, pdqm-47",direct,direct,pdqm-34(310); pdqm-34(309),rna(pdqm-112); rna(pdqm-47) > tg(pdqm-34)310; tg(pdqm-34)309,scarlet; sg; electra2; citrine; kok; kate2; tfp1,rna(cytosol; membrane) > cytosol,rna(scarlet; sg) > electra2; citrine; kok; kate2; tfp1
Korra_Foundation/20250618_skittlez/fish2_roi1,direct_176,rna(pdqm-112); rna(pdqm-47) > tg(pdqm-34)310; tg(pdqm-34)309,rna(mScarlet; mSG-2xLynk(N)) > Electra2; mCitrine; mKOK; mKate2; mTFP1,rna(mScarlet-cytosol; mSG-membrane) > Electra2-cytosol; mCitrine-cytosol; mKOK-cytosol; mKate2-cytosol; mTFP1-cytosol,cytosol; membrane,scarlet; sg; electra2; citrine; kok; kate2; tfp1,,6/17/25,,162,98,40,8,16,pdqm-34(310),pdqm-34(309),,"pdqm-112, pdqm-47",direct,direct,pdqm-34(310); pdqm-34(309),rna(pdqm-112); rna(pdqm-47) > tg(pdqm-34)310; tg(pdqm-34)309,scarlet; sg; electra2; citrine; kok; kate2; tfp1,rna(cytosol; membrane) > cytosol,rna(scarlet; sg) > electra2; citrine; kok; kate2; tfp1
Korra_Foundation/20250618_skittlez/fish3_roi1,direct_176,rna(pdqm-112); rna(pdqm-47) > tg(pdqm-34)310; tg(pdqm-34)309,rna(mScarlet; mSG-2xLynk(N)) > Electra2; mCitrine; mKOK; mKate2; mTFP1,rna(mScarlet-cytosol; mSG-membrane) > Electra2-cytosol; mCitrine-cytosol; mKOK-cytosol; mKate2-cytosol; mTFP1-cytosol,cytosol; membrane,scarlet; sg; electra2; citrine; kok; kate2; tfp1,,6/17/25,,104,62,24,6,12,pdqm-34(310),pdqm-34(309),,"pdqm-112, pdqm-47",direct,direct,pdqm-34(310); pdqm-34(309),rna(pdqm-112); rna(pdqm-47) > tg(pdqm-34)310; tg(pdqm-34)309,scarlet; sg; electra2; citrine; kok; kate2; tfp1,rna(cytosol; membrane) > cytosol,rna(scarlet; sg) > electra2; citrine; kok; kate2; tfp1
Korra_Foundation/20250618_skittlez/fish4_roi1,direct_176,rna(pdqm-112); rna(pdqm-47) > tg(pdqm-34)310; tg(pdqm-34)309,rna(mScarlet; mSG-2xLynk(N)) > Electra2; mCitrine; mKOK; mKate2; mTFP1,rna(mScarlet-cytosol; mSG-membrane) > Electra2-cytosol; mCitrine-cytosol; mKOK-cytosol; mKate2-cytosol; mTFP1-cytosol,cytosol; membrane,scarlet; sg; electra2; citrine; kok; kate2; tfp1,,6/17/25,,104,62,24,6,12,pdqm-34(310),pdqm-34(309),,"pdqm-112, pdqm-47",direct,direct,pdqm-34(310); pdqm-34(309),rna(pdqm-112); rna(pdqm-47) > tg(pdqm-34)310; tg(pdqm-34)309,scarlet; sg; electra2; citrine; kok; kate2; tfp1,rna(cytosol; membrane) > cytosol,rna(scarlet; sg) > electra2; citrine; kok; kate2; tfp1
Korra_Foundation/20250618_skittlez/fish5_roi1,direct_176,rna(pdqm-112); rna(pdqm-47) > tg(pdqm-34)310; tg(pdqm-34)309,rna(mScarlet; mSG-2xLynk(N)) > Electra2; mCitrine; mKOK; mKate2; mTFP1,rna(mScarlet-cytosol; mSG-membrane) > Electra2-cytosol; mCitrine-cytosol; mKOK-cytosol; mKate2-cytosol; mTFP1-cytosol,cytosol; membrane,scarlet; sg; electra2; citrine; kok; kate2; tfp1,,6/17/25,,104,62,24,6,12,pdqm-34(310),pdqm-34(309),,"pdqm-112, pdqm-47",direct,direct,pdqm-34(310); pdqm-34(309),rna(pdqm-112); rna(pdqm-47) > tg(pdqm-34)310; tg(pdqm-34)309,scarlet; sg; electra2; citrine; kok; kate2; tfp1,rna(cytosol; membrane) > cytosol,rna(scarlet; sg) > electra2; citrine; kok; kate2; tfp1
Korra_Foundation/20250618_skittlez/fish6_roi1,direct_176,rna(pdqm-112); rna(pdqm-47) > tg(pdqm-34)310; tg(pdqm-34)309,rna(mScarlet; mSG-2xLynk(N)) > Electra2; mCitrine; mKOK; mKate2; mTFP1,rna(mScarlet-cytosol; mSG-membrane) > Electra2-cytosol; mCitrine-cytosol; mKOK-cytosol; mKate2-cytosol; mTFP1-cytosol,cytosol; membrane,scarlet; sg; electra2; citrine; kok; kate2; tfp1,,6/17/25,,76,46,18,4,8,pdqm-34(310),pdqm-34(309),,"pdqm-112, pdqm-47",direct,direct,pdqm-34(310); pdqm-34(309),rna(pdqm-112); rna(pdqm-47) > tg(pdqm-34)310; tg(pdqm-34)309,scarlet; sg; electra2; citrine; kok; kate2; tfp1,rna(cytosol; membrane) > cytosol,rna(scarlet; sg) > electra2; citrine; kok; kate2; tfp1
Korra_Foundation/20250618_skittlez/fish6_roi2,direct_176,rna(pdqm-112); rna(pdqm-47) > tg(pdqm-34)310; tg(pdqm-34)309,rna(mScarlet; mSG-2xLynk(N)) > Electra2; mCitrine; mKOK; mKate2; mTFP1,rna(mScarlet-cytosol; mSG-membrane) > Electra2-cytosol; mCitrine-cytosol; mKOK-cytosol; mKate2-cytosol; mTFP1-cytosol,cytosol; membrane,scarlet; sg; electra2; citrine; kok; kate2; tfp1,,6/17/25,,104,62,24,6,12,pdqm-34(310),pdqm-34(309),,"pdqm-112, pdqm-47",direct,direct,pdqm-34(310); pdqm-34(309),rna(pdqm-112); rna(pdqm-47) > tg(pdqm-34)310; tg(pdqm-34)309,scarlet; sg; electra2; citrine; kok; kate2; tfp1,rna(cytosol; membrane) > cytosol,rna(scarlet; sg) > electra2; citrine; kok; kate2; tfp1
Korra_Foundation/20250618_skittlez/fish7_roi1,direct_176,rna(pdqm-112); rna(pdqm-47) > tg(pdqm-34)310; tg(pdqm-34)309,rna(mScarlet; mSG-2xLynk(N)) > Electra2; mCitrine; mKOK; mKate2; mTFP1,rna(mScarlet-cytosol; mSG-membrane) > Electra2-cytosol; mCitrine-cytosol; mKOK-cytosol; mKate2-cytosol; mTFP1-cytosol,cytosol; membrane,scarlet; sg; electra2; citrine; kok; kate2; tfp1,,6/17/25,,104,62,24,6,12,pdqm-34(310),pdqm-34(309),,"pdqm-112, pdqm-47",direct,direct,pdqm-34(310); pdqm-34(309),rna(pdqm-112); rna(pdqm-47) > tg(pdqm-34)310; tg(pdqm-34)309,scarlet; sg; electra2; citrine; kok; kate2; tfp1,rna(cytosol; membrane) > cytosol,rna(scarlet; sg) > electra2; citrine; kok; kate2; tfp1
Korra_Foundation/20250618_skittlez/fish7_roi2,direct_176,rna(pdqm-112); rna(pdqm-47) > tg(pdqm-34)310; tg(pdqm-34)309,rna(mScarlet; mSG-2xLynk(N)) > Electra2; mCitrine; mKOK; mKate2; mTFP1,rna(mScarlet-cytosol; mSG-membrane) > Electra2-cytosol; mCitrine-cytosol; mKOK-cytosol; mKate2-cytosol; mTFP1-cytosol,cytosol; membrane,scarlet; sg; electra2; citrine; kok; kate2; tfp1,,6/17/25,,104,62,24,6,12,pdqm-34(310),pdqm-34(309),,"pdqm-112, pdqm-47",direct,direct,pdqm-34(310); pdqm-34(309),rna(pdqm-112); rna(pdqm-47) > tg(pdqm-34)310; tg(pdqm-34)309,scarlet; sg; electra2; citrine; kok; kate2; tfp1,rna(cytosol; membrane) > cytosol,rna(scarlet; sg) > electra2; citrine; kok; kate2; tfp1
Korra_Foundation/20250618_skittlez/fish7_roi3,direct_176,rna(pdqm-112); rna(pdqm-47) > tg(pdqm-34)310; tg(pdqm-34)309,rna(mScarlet; mSG-2xLynk(N)) > Electra2; mCitrine; mKOK; mKate2; mTFP1,rna(mScarlet-cytosol; mSG-membrane) > Electra2-cytosol; mCitrine-cytosol; mKOK-cytosol; mKate2-cytosol; mTFP1-cytosol,cytosol; membrane,scarlet; sg; electra2; citrine; kok; kate2; tfp1,,6/17/25,,80,46,16,6,12,pdqm-34(310),pdqm-34(309),,"pdqm-112, pdqm-47",direct,direct,pdqm-34(310); pdqm-34(309),rna(pdqm-112); rna(pdqm-47) > tg(pdqm-34)310; tg(pdqm-34)309,scarlet; sg; electra2; citrine; kok; kate2; tfp1,rna(cytosol; membrane) > cytosol,rna(scarlet; sg) > electra2; citrine; kok; kate2; tfp1
Korra_Foundation/20250618_skittlez/fish7_roi4,direct_176,rna(pdqm-112); rna(pdqm-47) > tg(pdqm-34)310; tg(pdqm-34)309,rna(mScarlet; mSG-2xLynk(N)) > Electra2; mCitrine; mKOK; mKate2; mTFP1,rna(mScarlet-cytosol; mSG-membrane) > Electra2-cytosol; mCitrine-cytosol; mKOK-cytosol; mKate2-cytosol; mTFP1-cytosol,cytosol; membrane,scarlet; sg; electra2; citrine; kok; kate2; tfp1,,6/17/25,,80,46,16,6,12,pdqm-34(310),pdqm-34(309),,"pdqm-112, pdqm-47",direct,direct,pdqm-34(310); pdqm-34(309),rna(pdqm-112); rna(pdqm-47) > tg(pdqm-34)310; tg(pdqm-34)309,scarlet; sg; electra2; citrine; kok; kate2; tfp1,rna(cytosol; membrane) > cytosol,rna(scarlet; sg) > electra2; citrine; kok; kate2; tfp1
Korra_Foundation/20250618_skittlez/fish8_roi1,direct_176,rna(pdqm-112); rna(pdqm-47) > tg(pdqm-34)310; tg(pdqm-34)309,rna(mScarlet; mSG-2xLynk(N)) > Electra2; mCitrine; mKOK; mKate2; mTFP1,rna(mScarlet-cytosol; mSG-membrane) > Electra2-cytosol; mCitrine-cytosol; mKOK-cytosol; mKate2-cytosol; mTFP1-cytosol,cytosol; membrane,scarlet; sg; electra2; citrine; kok; kate2; tfp1,,6/17/25,,80,46,16,6,12,pdqm-34(310),pdqm-34(309),,"pdqm-112, pdqm-47",direct,direct,pdqm-34(310); pdqm-34(309),rna(pdqm-112); rna(pdqm-47) > tg(pdqm-34)310; tg(pdqm-34)309,scarlet; sg; electra2; citrine; kok; kate2; tfp1,rna(cytosol; membrane) > cytosol,rna(scarlet; sg) > electra2; citrine; kok; kate2; tfp1
Korra_Foundation/20250618_skittlez/fish8_roi2,direct_176,rna(pdqm-112); rna(pdqm-47) > tg(pdqm-34)310; tg(pdqm-34)309,rna(mScarlet; mSG-2xLynk(N)) > Electra2; mCitrine; mKOK; mKate2; mTFP1,rna(mScarlet-cytosol; mSG-membrane) > Electra2-cytosol; mCitrine-cytosol; mKOK-cytosol; mKate2-cytosol; mTFP1-cytosol,cytosol; membrane,scarlet; sg; electra2; citrine; kok; kate2; tfp1,,6/17/25,,80,46,16,6,12,pdqm-34(310),pdqm-34(309),,"pdqm-112, pdqm-47",direct,direct,pdqm-34(310); pdqm-34(309),rna(pdqm-112); rna(pdqm-47) > tg(pdqm-34)310; tg(pdqm-34)309,scarlet; sg; electra2; citrine; kok; kate2; tfp1,rna(cytosol; membrane) > cytosol,rna(scarlet; sg) > electra2; citrine; kok; kate2; tfp1
Korra_Foundation/20250618_skittlez/fish8_roi3,direct_176,rna(pdqm-112); rna(pdqm-47) > tg(pdqm-34)310; tg(pdqm-34)309,rna(mScarlet; mSG-2xLynk(N)) > Electra2; mCitrine; mKOK; mKate2; mTFP1,rna(mScarlet-cytosol; mSG-membrane) > Electra2-cytosol; mCitrine-cytosol; mKOK-cytosol; mKate2-cytosol; mTFP1-cytosol,cytosol; membrane,scarlet; sg; electra2; citrine; kok; kate2; tfp1,,6/17/25,,80,46,16,6,12,pdqm-34(310),pdqm-34(309),,"pdqm-112, pdqm-47",direct,direct,pdqm-34(310); pdqm-34(309),rna(pdqm-112); rna(pdqm-47) > tg(pdqm-34)310; tg(pdqm-34)309,scarlet; sg; electra2; citrine; kok; kate2; tfp1,rna(cytosol; membrane) > cytosol,rna(scarlet; sg) > electra2; citrine; kok; kate2; tfp1
Korra_Foundation/20250618_skittlez/fish8_roi4,direct_176,rna(pdqm-112); rna(pdqm-47) > tg(pdqm-34)310; tg(pdqm-34)309,rna(mScarlet; mSG-2xLynk(N)) > Electra2; mCitrine; mKOK; mKate2; mTFP1,rna(mScarlet-cytosol; mSG-membrane) > Electra2-cytosol; mCitrine-cytosol; mKOK-cytosol; mKate2-cytosol; mTFP1-cytosol,cytosol; membrane,scarlet; sg; electra2; citrine; kok; kate2; tfp1,,6/17/25,,80,46,16,6,12,pdqm-34(310),pdqm-34(309),,"pdqm-112, pdqm-47",direct,direct,pdqm-34(310); pdqm-34(309),rna(pdqm-112); rna(pdqm-47) > tg(pdqm-34)310; tg(pdqm-34)309,scarlet; sg; electra2; citrine; kok; kate2; tfp1,rna(cytosol; membrane) > cytosol,rna(scarlet; sg) > electra2; citrine; kok; kate2; tfp1
Korra_Foundation/20250618_skittlez/fish9_roi1,direct_176,rna(pdqm-112); rna(pdqm-47) > tg(pdqm-34)310; tg(pdqm-34)309,rna(mScarlet; mSG-2xLynk(N)) > Electra2; mCitrine; mKOK; mKate2; mTFP1,rna(mScarlet-cytosol; mSG-membrane) > Electra2-cytosol; mCitrine-cytosol; mKOK-cytosol; mKate2-cytosol; mTFP1-cytosol,cytosol; membrane,scarlet; sg; electra2; citrine; kok; kate2; tfp1,,6/17/25,,80,46,16,6,12,pdqm-34(310),pdqm-34(309),,"pdqm-112, pdqm-47",direct,direct,pdqm-34(310); pdqm-34(309),rna(pdqm-112); rna(pdqm-47) > tg(pdqm-34)310; tg(pdqm-34)309,scarlet; sg; electra2; citrine; kok; kate2; tfp1,rna(cytosol; membrane) > cytosol,rna(scarlet; sg) > electra2; citrine; kok; kate2; tfp1
Korra_Foundation/20250618_skittlez/fish9_roi2,direct_176,rna(pdqm-112); rna(pdqm-47) > tg(pdqm-34)310; tg(pdqm-34)309,rna(mScarlet; mSG-2xLynk(N)) > Electra2; mCitrine; mKOK; mKate2; mTFP1,rna(mScarlet-cytosol; mSG-membrane) > Electra2-cytosol; mCitrine-cytosol; mKOK-cytosol; mKate2-cytosol; mTFP1-cytosol,cytosol; membrane,scarlet; sg; electra2; citrine; kok; kate2; tfp1,,6/17/25,,80,46,16,6,12,pdqm-34(310),pdqm-34(309),,"pdqm-112, pdqm-47",direct,direct,pdqm-34(310); pdqm-34(309),rna(pdqm-112); rna(pdqm-47) > tg(pdqm-34)310; tg(pdqm-34)309,scarlet; sg; electra2; citrine; kok; kate2; tfp1,rna(cytosol; membrane) > cytosol,rna(scarlet; sg) > electra2; citrine; kok; kate2; tfp1
Korra_Foundation/20250619_skittlez/fish1_roi1,direct_175,rna(pdqm-112); rna(pdqm-47) > tg(pdqm-36)318; tg(pdqm-34)309,rna(mScarlet; mSG-2xLynk(N)) > Electra2; mCitrine; mKOK; mKate2; mTFP1,rna(mScarlet-cytosol; mSG-membrane) > Electra2-cytosol; mCitrine-cytosol; mKOK-cytosol; mKate2-cytosol; mTFP1-cytosol,cytosol; membrane,scarlet; sg; electra2; citrine; kok; kate2; tfp1,,6/18/25,,104,62,24,6,12,pdqm-36(318),pdqm-34(309),,"pdqm-112, pdqm-47",direct,direct,pdqm-36(318); pdqm-34(309),rna(pdqm-112); rna(pdqm-47) > tg(pdqm-36)318; tg(pdqm-34)309,scarlet; sg; electra2; citrine; kok; kate2; tfp1,rna(cytosol; membrane) > cytosol,rna(scarlet; sg) > electra2; citrine; kok; kate2; tfp1
Korra_Foundation/20250619_skittlez/fish1_roi2,direct_175,rna(pdqm-112); rna(pdqm-47) > tg(pdqm-36)318; tg(pdqm-34)309,rna(mScarlet; mSG-2xLynk(N)) > Electra2; mCitrine; mKOK; mKate2; mTFP1,rna(mScarlet-cytosol; mSG-membrane) > Electra2-cytosol; mCitrine-cytosol; mKOK-cytosol; mKate2-cytosol; mTFP1-cytosol,cytosol; membrane,scarlet; sg; electra2; citrine; kok; kate2; tfp1,,6/18/25,,104,62,24,6,12,pdqm-36(318),pdqm-34(309),,"pdqm-112, pdqm-47",direct,direct,pdqm-36(318); pdqm-34(309),rna(pdqm-112); rna(pdqm-47) > tg(pdqm-36)318; tg(pdqm-34)309,scarlet; sg; electra2; citrine; kok; kate2; tfp1,rna(cytosol; membrane) > cytosol,rna(scarlet; sg) > electra2; citrine; kok; kate2; tfp1
Korra_Foundation/20250619_skittlez/fish2_roi1,direct_175,rna(pdqm-112); rna(pdqm-47) > tg(pdqm-36)318; tg(pdqm-34)309,rna(mScarlet; mSG-2xLynk(N)) > Electra2; mCitrine; mKOK; mKate2; mTFP1,rna(mScarlet-cytosol; mSG-membrane) > Electra2-cytosol; mCitrine-cytosol; mKOK-cytosol; mKate2-cytosol; mTFP1-cytosol,cytosol; membrane,scarlet; sg; electra2; citrine; kok; kate2; tfp1,,6/18/25,,104,62,24,6,12,pdqm-36(318),pdqm-34(309),,"pdqm-112, pdqm-47",direct,direct,pdqm-36(318); pdqm-34(309),rna(pdqm-112); rna(pdqm-47) > tg(pdqm-36)318; tg(pdqm-34)309,scarlet; sg; electra2; citrine; kok; kate2; tfp1,rna(cytosol; membrane) > cytosol,rna(scarlet; sg) > electra2; citrine; kok; kate2; tfp1
Korra_Foundation/20250619_skittlez/fish3_roi1,direct_175,rna(pdqm-112); rna(pdqm-47) > tg(pdqm-36)318; tg(pdqm-34)309,rna(mScarlet; mSG-2xLynk(N)) > Electra2; mCitrine; mKOK; mKate2; mTFP1,rna(mScarlet-cytosol; mSG-membrane) > Electra2-cytosol; mCitrine-cytosol; mKOK-cytosol; mKate2-cytosol; mTFP1-cytosol,cytosol; membrane,scarlet; sg; electra2; citrine; kok; kate2; tfp1,,6/18/25,,104,62,24,6,12,pdqm-36(318),pdqm-34(309),,"pdqm-112, pdqm-47",direct,direct,pdqm-36(318); pdqm-34(309),rna(pdqm-112); rna(pdqm-47) > tg(pdqm-36)318; tg(pdqm-34)309,scarlet; sg; electra2; citrine; kok; kate2; tfp1,rna(cytosol; membrane) > cytosol,rna(scarlet; sg) > electra2; citrine; kok; kate2; tfp1
Korra_Foundation/20250619_skittlez/fish3_roi2,direct_175,rna(pdqm-112); rna(pdqm-47) > tg(pdqm-36)318; tg(pdqm-34)309,rna(mScarlet; mSG-2xLynk(N)) > Electra2; mCitrine; mKOK; mKate2; mTFP1,rna(mScarlet-cytosol; mSG-membrane) > Electra2-cytosol; mCitrine-cytosol; mKOK-cytosol; mKate2-cytosol; mTFP1-cytosol,cytosol; membrane,scarlet; sg; electra2; citrine; kok; kate2; tfp1,,6/18/25,,104,62,24,6,12,pdqm-36(318),pdqm-34(309),,"pdqm-112, pdqm-47",direct,direct,pdqm-36(318); pdqm-34(309),rna(pdqm-112); rna(pdqm-47) > tg(pdqm-36)318; tg(pdqm-34)309,scarlet; sg; electra2; citrine; kok; kate2; tfp1,rna(cytosol; membrane) > cytosol,rna(scarlet; sg) > electra2; citrine; kok; kate2; tfp1
Korra_Foundation/20250619_skittlez/fish4_roi1,direct_175,rna(pdqm-112); rna(pdqm-47) > tg(pdqm-36)318; tg(pdqm-34)309,rna(mScarlet; mSG-2xLynk(N)) > Electra2; mCitrine; mKOK; mKate2; mTFP1,rna(mScarlet-cytosol; mSG-membrane) > Electra2-cytosol; mCitrine-cytosol; mKOK-cytosol; mKate2-cytosol; mTFP1-cytosol,cytosol; membrane,scarlet; sg; electra2; citrine; kok; kate2; tfp1,,6/18/25,,160,94,36,10,20,pdqm-36(318),pdqm-34(309),,"pdqm-112, pdqm-47",direct,direct,pdqm-36(318); pdqm-34(309),rna(pdqm-112); rna(pdqm-47) > tg(pdqm-36)318; tg(pdqm-34)309,scarlet; sg; electra2; citrine; kok; kate2; tfp1,rna(cytosol; membrane) > cytosol,rna(scarlet; sg) > electra2; citrine; kok; kate2; tfp1
Korra_Foundation/20250619_skittlez/fish5_roi1,direct_175,rna(pdqm-112); rna(pdqm-47) > tg(pdqm-36)318; tg(pdqm-34)309,rna(mScarlet; mSG-2xLynk(N)) > Electra2; mCitrine; mKOK; mKate2; mTFP1,rna(mScarlet-cytosol; mSG-membrane) > Electra2-cytosol; mCitrine-cytosol; mKOK-cytosol; mKate2-cytosol; mTFP1-cytosol,cytosol; membrane,scarlet; sg; electra2; citrine; kok; kate2; tfp1,,6/18/25,,104,62,24,6,12,pdqm-36(318),pdqm-34(309),,"pdqm-112, pdqm-47",direct,direct,pdqm-36(318); pdqm-34(309),rna(pdqm-112); rna(pdqm-47) > tg(pdqm-36)318; tg(pdqm-34)309,scarlet; sg; electra2; citrine; kok; kate2; tfp1,rna(cytosol; membrane) > cytosol,rna(scarlet; sg) > electra2; citrine; kok; kate2; tfp1
Korra_Foundation/20250619_skittlez/fish5_roi2,direct_175,rna(pdqm-112); rna(pdqm-47) > tg(pdqm-36)318; tg(pdqm-34)309,rna(mScarlet; mSG-2xLynk(N)) > Electra2; mCitrine; mKOK; mKate2; mTFP1,rna(mScarlet-cytosol; mSG-membrane) > Electra2-cytosol; mCitrine-cytosol; mKOK-cytosol; mKate2-cytosol; mTFP1-cytosol,cytosol; membrane,scarlet; sg; electra2; citrine; kok; kate2; tfp1,,6/18/25,,104,62,24,6,12,pdqm-36(318),pdqm-34(309),,"pdqm-112, pdqm-47",direct,direct,pdqm-36(318); pdqm-34(309),rna(pdqm-112); rna(pdqm-47) > tg(pdqm-36)318; tg(pdqm-34)309,scarlet; sg; electra2; citrine; kok; kate2; tfp1,rna(cytosol; membrane) > cytosol,rna(scarlet; sg) > electra2; citrine; kok; kate2; tfp1
Korra_Foundation/20250620_mitomSG,manual_16,rna(mgco-1),rna(mStayGold-2Xcox8A(N)),rna(mStayGold-mitochondria),mitochondria,staygold,,,,4019,3998,0,0,21,,,,mgco-1,direct_by_clue_map,manual,,rna(mgco-1),staygold,rna(mitochondria),rna(staygold)
Korra_Foundation/20250620_mitomSG/fish1_roi1,manual_16,rna(mgco-1),rna(mStayGold-2Xcox8A(N)),rna(mStayGold-mitochondria),mitochondria,staygold,,,,4018,3998,0,0,20,,,,mgco-1,direct_by_clue_map,manual,,rna(mgco-1),staygold,rna(mitochondria),rna(staygold)
Korra_Foundation/20250624_skittlez_Chris_x_Liam/fish2_roi1,direct_174,rna(pdqm-112); rna(pdqm-47) > tg(pdqm-59)321; tg(pdqm-34)317,rna(mScarlet; mSG-2xLynk(N)) > gfp; Electra2; mCitrine; mKOK; mKate2; mTFP1,rna(mScarlet-cytosol; mSG-membrane) > gfp-cytosol; Electra2-cytosol; mCitrine-cytosol; mKOK-cytosol; mKate2-cytosol; mTFP1-cytosol,cytosol; membrane,scarlet; sg; gfp; electra2; citrine; kok; kate2; tfp1,,6/23/25,,104,62,24,6,12,pdqm-59(321),pdqm-34(317),,"pdqm-112, pdqm-47",direct_by_rule_20250624_force_174,direct,pdqm-59(321); pdqm-34(317),rna(pdqm-112); rna(pdqm-47) > tg(pdqm-59)321; tg(pdqm-34)317,scarlet; sg; gfp; electra2; citrine; kok; kate2; tfp1,rna(cytosol; membrane) > cytosol,rna(scarlet; sg) > gfp; electra2; citrine; kok; kate2; tfp1
Korra_Foundation/20250624_skittlez_Chris_x_Liam/fish3_roi1,direct_174,rna(pdqm-112); rna(pdqm-47) > tg(pdqm-59)321; tg(pdqm-34)317,rna(mScarlet; mSG-2xLynk(N)) > gfp; Electra2; mCitrine; mKOK; mKate2; mTFP1,rna(mScarlet-cytosol; mSG-membrane) > gfp-cytosol; Electra2-cytosol; mCitrine-cytosol; mKOK-cytosol; mKate2-cytosol; mTFP1-cytosol,cytosol; membrane,scarlet; sg; gfp; electra2; citrine; kok; kate2; tfp1,,6/23/25,,104,62,24,6,12,pdqm-59(321),pdqm-34(317),,"pdqm-112, pdqm-47",direct_by_rule_20250624_force_174,direct,pdqm-59(321); pdqm-34(317),rna(pdqm-112); rna(pdqm-47) > tg(pdqm-59)321; tg(pdqm-34)317,scarlet; sg; gfp; electra2; citrine; kok; kate2; tfp1,rna(cytosol; membrane) > cytosol,rna(scarlet; sg) > gfp; electra2; citrine; kok; kate2; tfp1
Korra_Foundation/20250624_skittlez_Chris_x_Liam/fish3_roi2,direct_174,rna(pdqm-112); rna(pdqm-47) > tg(pdqm-59)321; tg(pdqm-34)317,rna(mScarlet; mSG-2xLynk(N)) > gfp; Electra2; mCitrine; mKOK; mKate2; mTFP1,rna(mScarlet-cytosol; mSG-membrane) > gfp-cytosol; Electra2-cytosol; mCitrine-cytosol; mKOK-cytosol; mKate2-cytosol; mTFP1-cytosol,cytosol; membrane,scarlet; sg; gfp; electra2; citrine; kok; kate2; tfp1,,6/23/25,,104,62,24,6,12,pdqm-59(321),pdqm-34(317),,"pdqm-112, pdqm-47",direct_by_rule_20250624_force_174,direct,pdqm-59(321); pdqm-34(317),rna(pdqm-112); rna(pdqm-47) > tg(pdqm-59)321; tg(pdqm-34)317,scarlet; sg; gfp; electra2; citrine; kok; kate2; tfp1,rna(cytosol; membrane) > cytosol,rna(scarlet; sg) > gfp; electra2; citrine; kok; kate2; tfp1
Korra_Foundation/20250624_skittlez_Chris_x_Liam/fish3_roi3,direct_174,rna(pdqm-112); rna(pdqm-47) > tg(pdqm-59)321; tg(pdqm-34)317,rna(mScarlet; mSG-2xLynk(N)) > gfp; Electra2; mCitrine; mKOK; mKate2; mTFP1,rna(mScarlet-cytosol; mSG-membrane) > gfp-cytosol; Electra2-cytosol; mCitrine-cytosol; mKOK-cytosol; mKate2-cytosol; mTFP1-cytosol,cytosol; membrane,scarlet; sg; gfp; electra2; citrine; kok; kate2; tfp1,,6/23/25,,104,62,24,6,12,pdqm-59(321),pdqm-34(317),,"pdqm-112, pdqm-47",direct_by_rule_20250624_force_174,direct,pdqm-59(321); pdqm-34(317),rna(pdqm-112); rna(pdqm-47) > tg(pdqm-59)321; tg(pdqm-34)317,scarlet; sg; gfp; electra2; citrine; kok; kate2; tfp1,rna(cytosol; membrane) > cytosol,rna(scarlet; sg) > gfp; electra2; citrine; kok; kate2; tfp1
Korra_Foundation/20250624_skittlez_Chris_x_Liam/fish4_roi1,direct_174,rna(pdqm-112); rna(pdqm-47) > tg(pdqm-59)321; tg(pdqm-34)317,rna(mScarlet; mSG-2xLynk(N)) > gfp; Electra2; mCitrine; mKOK; mKate2; mTFP1,rna(mScarlet-cytosol; mSG-membrane) > gfp-cytosol; Electra2-cytosol; mCitrine-cytosol; mKOK-cytosol; mKate2-cytosol; mTFP1-cytosol,cytosol; membrane,scarlet; sg; gfp; electra2; citrine; kok; kate2; tfp1,,6/23/25,,104,62,24,6,12,pdqm-59(321),pdqm-34(317),,"pdqm-112, pdqm-47",direct_by_rule_20250624_force_174,direct,pdqm-59(321); pdqm-34(317),rna(pdqm-112); rna(pdqm-47) > tg(pdqm-59)321; tg(pdqm-34)317,scarlet; sg; gfp; electra2; citrine; kok; kate2; tfp1,rna(cytosol; membrane) > cytosol,rna(scarlet; sg) > gfp; electra2; citrine; kok; kate2; tfp1
Korra_Foundation/20250624_skittlez_Chris_x_Liam/fish4_roi2,direct_174,rna(pdqm-112); rna(pdqm-47) > tg(pdqm-59)321; tg(pdqm-34)317,rna(mScarlet; mSG-2xLynk(N)) > gfp; Electra2; mCitrine; mKOK; mKate2; mTFP1,rna(mScarlet-cytosol; mSG-membrane) > gfp-cytosol; Electra2-cytosol; mCitrine-cytosol; mKOK-cytosol; mKate2-cytosol; mTFP1-cytosol,cytosol; membrane,scarlet; sg; gfp; electra2; citrine; kok; kate2; tfp1,,6/23/25,,104,62,24,6,12,pdqm-59(321),pdqm-34(317),,"pdqm-112, pdqm-47",direct_by_rule_20250624_force_174,direct,pdqm-59(321); pdqm-34(317),rna(pdqm-112); rna(pdqm-47) > tg(pdqm-59)321; tg(pdqm-34)317,scarlet; sg; gfp; electra2; citrine; kok; kate2; tfp1,rna(cytosol; membrane) > cytosol,rna(scarlet; sg) > gfp; electra2; citrine; kok; kate2; tfp1
Korra_Foundation/20250624_skittlez_Chris_x_Liam/fish4_roi3,direct_174,rna(pdqm-112); rna(pdqm-47) > tg(pdqm-59)321; tg(pdqm-34)317,rna(mScarlet; mSG-2xLynk(N)) > gfp; Electra2; mCitrine; mKOK; mKate2; mTFP1,rna(mScarlet-cytosol; mSG-membrane) > gfp-cytosol; Electra2-cytosol; mCitrine-cytosol; mKOK-cytosol; mKate2-cytosol; mTFP1-cytosol,cytosol; membrane,scarlet; sg; gfp; electra2; citrine; kok; kate2; tfp1,,6/23/25,,104,62,24,6,12,pdqm-59(321),pdqm-34(317),,"pdqm-112, pdqm-47",direct_by_rule_20250624_force_174,direct,pdqm-59(321); pdqm-34(317),rna(pdqm-112); rna(pdqm-47) > tg(pdqm-59)321; tg(pdqm-34)317,scarlet; sg; gfp; electra2; citrine; kok; kate2; tfp1,rna(cytosol; membrane) > cytosol,rna(scarlet; sg) > gfp; electra2; citrine; kok; kate2; tfp1
Korra_Foundation/20250624_skittlez_Chris_x_Liam/fish4_roi4,direct_174,rna(pdqm-112); rna(pdqm-47) > tg(pdqm-59)321; tg(pdqm-34)317,rna(mScarlet; mSG-2xLynk(N)) > gfp; Electra2; mCitrine; mKOK; mKate2; mTFP1,rna(mScarlet-cytosol; mSG-membrane) > gfp-cytosol; Electra2-cytosol; mCitrine-cytosol; mKOK-cytosol; mKate2-cytosol; mTFP1-cytosol,cytosol; membrane,scarlet; sg; gfp; electra2; citrine; kok; kate2; tfp1,,6/23/25,,104,62,24,6,12,pdqm-59(321),pdqm-34(317),,"pdqm-112, pdqm-47",direct_by_rule_20250624_force_174,direct,pdqm-59(321); pdqm-34(317),rna(pdqm-112); rna(pdqm-47) > tg(pdqm-59)321; tg(pdqm-34)317,scarlet; sg; gfp; electra2; citrine; kok; kate2; tfp1,rna(cytosol; membrane) > cytosol,rna(scarlet; sg) > gfp; electra2; citrine; kok; kate2; tfp1
Korra_Foundation/20250624_skittlez_Chris_x_Liam/fish5_roi1,direct_174,rna(pdqm-112); rna(pdqm-47) > tg(pdqm-59)321; tg(pdqm-34)317,rna(mScarlet; mSG-2xLynk(N)) > gfp; Electra2; mCitrine; mKOK; mKate2; mTFP1,rna(mScarlet-cytosol; mSG-membrane) > gfp-cytosol; Electra2-cytosol; mCitrine-cytosol; mKOK-cytosol; mKate2-cytosol; mTFP1-cytosol,cytosol; membrane,scarlet; sg; gfp; electra2; citrine; kok; kate2; tfp1,,6/23/25,,50,23,0,8,19,pdqm-59(321),pdqm-34(317),,"pdqm-112, pdqm-47",direct_by_rule_20250624_force_174,direct,pdqm-59(321); pdqm-34(317),rna(pdqm-112); rna(pdqm-47) > tg(pdqm-59)321; tg(pdqm-34)317,scarlet; sg; gfp; electra2; citrine; kok; kate2; tfp1,rna(cytosol; membrane) > cytosol,rna(scarlet; sg) > gfp; electra2; citrine; kok; kate2; tfp1
Korra_Foundation/20250624_skittlez_Chris_x_Liam/fish5_roi1-1,direct_174,rna(pdqm-112); rna(pdqm-47) > tg(pdqm-59)321; tg(pdqm-34)317,rna(mScarlet; mSG-2xLynk(N)) > gfp; Electra2; mCitrine; mKOK; mKate2; mTFP1,rna(mScarlet-cytosol; mSG-membrane) > gfp-cytosol; Electra2-cytosol; mCitrine-cytosol; mKOK-cytosol; mKate2-cytosol; mTFP1-cytosol,cytosol; membrane,scarlet; sg; gfp; electra2; citrine; kok; kate2; tfp1,,6/23/25,,80,46,16,6,12,pdqm-59(321),pdqm-34(317),,"pdqm-112, pdqm-47",direct_by_rule_20250624_force_174,direct,pdqm-59(321); pdqm-34(317),rna(pdqm-112); rna(pdqm-47) > tg(pdqm-59)321; tg(pdqm-34)317,scarlet; sg; gfp; electra2; citrine; kok; kate2; tfp1,rna(cytosol; membrane) > cytosol,rna(scarlet; sg) > gfp; electra2; citrine; kok; kate2; tfp1
Korra_Foundation/20250624_skittlez_Chris_x_Liam/fish6_roi1,direct_174,rna(pdqm-112); rna(pdqm-47) > tg(pdqm-59)321; tg(pdqm-34)317,rna(mScarlet; mSG-2xLynk(N)) > gfp; Electra2; mCitrine; mKOK; mKate2; mTFP1,rna(mScarlet-cytosol; mSG-membrane) > gfp-cytosol; Electra2-cytosol; mCitrine-cytosol; mKOK-cytosol; mKate2-cytosol; mTFP1-cytosol,cytosol; membrane,scarlet; sg; gfp; electra2; citrine; kok; kate2; tfp1,,6/23/25,,80,46,16,6,12,pdqm-59(321),pdqm-34(317),,"pdqm-112, pdqm-47",direct_by_rule_20250624_force_174,direct,pdqm-59(321); pdqm-34(317),rna(pdqm-112); rna(pdqm-47) > tg(pdqm-59)321; tg(pdqm-34)317,scarlet; sg; gfp; electra2; citrine; kok; kate2; tfp1,rna(cytosol; membrane) > cytosol,rna(scarlet; sg) > gfp; electra2; citrine; kok; kate2; tfp1
Korra_Foundation/20250624_skittlez_Chris_x_Liam/fish6_roi2,direct_174,rna(pdqm-112); rna(pdqm-47) > tg(pdqm-59)321; tg(pdqm-34)317,rna(mScarlet; mSG-2xLynk(N)) > gfp; Electra2; mCitrine; mKOK; mKate2; mTFP1,rna(mScarlet-cytosol; mSG-membrane) > gfp-cytosol; Electra2-cytosol; mCitrine-cytosol; mKOK-cytosol; mKate2-cytosol; mTFP1-cytosol,cytosol; membrane,scarlet; sg; gfp; electra2; citrine; kok; kate2; tfp1,,6/23/25,,80,46,16,6,12,pdqm-59(321),pdqm-34(317),,"pdqm-112, pdqm-47",direct_by_rule_20250624_force_174,direct,pdqm-59(321); pdqm-34(317),rna(pdqm-112); rna(pdqm-47) > tg(pdqm-59)321; tg(pdqm-34)317,scarlet; sg; gfp; electra2; citrine; kok; kate2; tfp1,rna(cytosol; membrane) > cytosol,rna(scarlet; sg) > gfp; electra2; citrine; kok; kate2; tfp1
Korra_Foundation/20250624_skittlez_Chris_x_Liam/fish6_roi3,direct_174,rna(pdqm-112); rna(pdqm-47) > tg(pdqm-59)321; tg(pdqm-34)317,rna(mScarlet; mSG-2xLynk(N)) > gfp; Electra2; mCitrine; mKOK; mKate2; mTFP1,rna(mScarlet-cytosol; mSG-membrane) > gfp-cytosol; Electra2-cytosol; mCitrine-cytosol; mKOK-cytosol; mKate2-cytosol; mTFP1-cytosol,cytosol; membrane,scarlet; sg; gfp; electra2; citrine; kok; kate2; tfp1,,6/23/25,,80,46,16,6,12,pdqm-59(321),pdqm-34(317),,"pdqm-112, pdqm-47",direct_by_rule_20250624_force_174,direct,pdqm-59(321); pdqm-34(317),rna(pdqm-112); rna(pdqm-47) > tg(pdqm-59)321; tg(pdqm-34)317,scarlet; sg; gfp; electra2; citrine; kok; kate2; tfp1,rna(cytosol; membrane) > cytosol,rna(scarlet; sg) > gfp; electra2; citrine; kok; kate2; tfp1
Korra_Foundation/20250624_skittlez_Chris_x_Liam/fish7_roi1,direct_174,rna(pdqm-112); rna(pdqm-47) > tg(pdqm-59)321; tg(pdqm-34)317,rna(mScarlet; mSG-2xLynk(N)) > gfp; Electra2; mCitrine; mKOK; mKate2; mTFP1,rna(mScarlet-cytosol; mSG-membrane) > gfp-cytosol; Electra2-cytosol; mCitrine-cytosol; mKOK-cytosol; mKate2-cytosol; mTFP1-cytosol,cytosol; membrane,scarlet; sg; gfp; electra2; citrine; kok; kate2; tfp1,,6/23/25,,80,46,16,6,12,pdqm-59(321),pdqm-34(317),,"pdqm-112, pdqm-47",direct_by_rule_20250624_force_174,direct,pdqm-59(321); pdqm-34(317),rna(pdqm-112); rna(pdqm-47) > tg(pdqm-59)321; tg(pdqm-34)317,scarlet; sg; gfp; electra2; citrine; kok; kate2; tfp1,rna(cytosol; membrane) > cytosol,rna(scarlet; sg) > gfp; electra2; citrine; kok; kate2; tfp1
Korra_Foundation/20250624_skittlez_Chris_x_Liam/fish7_roi2,direct_174,rna(pdqm-112); rna(pdqm-47) > tg(pdqm-59)321; tg(pdqm-34)317,rna(mScarlet; mSG-2xLynk(N)) > gfp; Electra2; mCitrine; mKOK; mKate2; mTFP1,rna(mScarlet-cytosol; mSG-membrane) > gfp-cytosol; Electra2-cytosol; mCitrine-cytosol; mKOK-cytosol; mKate2-cytosol; mTFP1-cytosol,cytosol; membrane,scarlet; sg; gfp; electra2; citrine; kok; kate2; tfp1,,6/23/25,,80,46,16,6,12,pdqm-59(321),pdqm-34(317),,"pdqm-112, pdqm-47",direct_by_rule_20250624_force_174,direct,pdqm-59(321); pdqm-34(317),rna(pdqm-112); rna(pdqm-47) > tg(pdqm-59)321; tg(pdqm-34)317,scarlet; sg; gfp; electra2; citrine; kok; kate2; tfp1,rna(cytosol; membrane) > cytosol,rna(scarlet; sg) > gfp; electra2; citrine; kok; kate2; tfp1
Korra_Foundation/20250624_skittlez_Chris_x_Liam/fish7_roi3,direct_174,rna(pdqm-112); rna(pdqm-47) > tg(pdqm-59)321; tg(pdqm-34)317,rna(mScarlet; mSG-2xLynk(N)) > gfp; Electra2; mCitrine; mKOK; mKate2; mTFP1,rna(mScarlet-cytosol; mSG-membrane) > gfp-cytosol; Electra2-cytosol; mCitrine-cytosol; mKOK-cytosol; mKate2-cytosol; mTFP1-cytosol,cytosol; membrane,scarlet; sg; gfp; electra2; citrine; kok; kate2; tfp1,,6/23/25,,80,46,16,6,12,pdqm-59(321),pdqm-34(317),,"pdqm-112, pdqm-47",direct_by_rule_20250624_force_174,direct,pdqm-59(321); pdqm-34(317),rna(pdqm-112); rna(pdqm-47) > tg(pdqm-59)321; tg(pdqm-34)317,scarlet; sg; gfp; electra2; citrine; kok; kate2; tfp1,rna(cytosol; membrane) > cytosol,rna(scarlet; sg) > gfp; electra2; citrine; kok; kate2; tfp1
Korra_Foundation/20250624_skittlez_Chris_x_Liam/fish7_roi4,direct_174,rna(pdqm-112); rna(pdqm-47) > tg(pdqm-59)321; tg(pdqm-34)317,rna(mScarlet; mSG-2xLynk(N)) > gfp; Electra2; mCitrine; mKOK; mKate2; mTFP1,rna(mScarlet-cytosol; mSG-membrane) > gfp-cytosol; Electra2-cytosol; mCitrine-cytosol; mKOK-cytosol; mKate2-cytosol; mTFP1-cytosol,cytosol; membrane,scarlet; sg; gfp; electra2; citrine; kok; kate2; tfp1,,6/23/25,,80,46,16,6,12,pdqm-59(321),pdqm-34(317),,"pdqm-112, pdqm-47",direct_by_rule_20250624_force_174,direct,pdqm-59(321); pdqm-34(317),rna(pdqm-112); rna(pdqm-47) > tg(pdqm-59)321; tg(pdqm-34)317,scarlet; sg; gfp; electra2; citrine; kok; kate2; tfp1,rna(cytosol; membrane) > cytosol,rna(scarlet; sg) > gfp; electra2; citrine; kok; kate2; tfp1
Korra_Foundation/20250624_skittlez_Issac_x_Ken/fish1_roi1,direct_173,rna(pdqm-112); rna(pdqm-47) > tg(pdqm-59)320; tg(pdqm-64)314,rna(mScarlet; mSG-2xLynk(N)) > gfp; Electra2; GFP; mCitrine; mKate2; mKoK; mTFP1,rna(mScarlet-cytosol; mSG-membrane) > gfp-cytosol; Electra2-cytosol; GFP-cytosol; mCitrine-cytosol; mKate2-cytosol; mKoK-cytosol; mTFP1-cytosol,cytosol; membrane,scarlet; sg; gfp; electra2; citrine; kate2; kok; tfp1,,6/23/25,,76,46,18,4,8,pdqm-59(320),pdqm-64(314),,"pdqm-112, pdqm-47",direct,direct,pdqm-59(320); pdqm-64(314),rna(pdqm-112); rna(pdqm-47) > tg(pdqm-59)320; tg(pdqm-64)314,scarlet; sg; gfp; electra2; citrine; kate2; kok; tfp1,rna(cytosol; membrane) > cytosol,rna(scarlet; sg) > gfp; electra2; citrine; kate2; kok; tfp1
Korra_Foundation/20250624_skittlez_Issac_x_Ken/fish2_roi1,direct_173,rna(pdqm-112); rna(pdqm-47) > tg(pdqm-59)320; tg(pdqm-64)314,rna(mScarlet; mSG-2xLynk(N)) > gfp; Electra2; GFP; mCitrine; mKate2; mKoK; mTFP1,rna(mScarlet-cytosol; mSG-membrane) > gfp-cytosol; Electra2-cytosol; GFP-cytosol; mCitrine-cytosol; mKate2-cytosol; mKoK-cytosol; mTFP1-cytosol,cytosol; membrane,scarlet; sg; gfp; electra2; citrine; kate2; kok; tfp1,,6/23/25,,104,62,24,6,12,pdqm-59(320),pdqm-64(314),,"pdqm-112, pdqm-47",direct,direct,pdqm-59(320); pdqm-64(314),rna(pdqm-112); rna(pdqm-47) > tg(pdqm-59)320; tg(pdqm-64)314,scarlet; sg; gfp; electra2; citrine; kate2; kok; tfp1,rna(cytosol; membrane) > cytosol,rna(scarlet; sg) > gfp; electra2; citrine; kate2; kok; tfp1
Korra_Foundation/20250624_skittlez_Issac_x_Ken/fish2_roi2,direct_173,rna(pdqm-112); rna(pdqm-47) > tg(pdqm-59)320; tg(pdqm-64)314,rna(mScarlet; mSG-2xLynk(N)) > gfp; Electra2; GFP; mCitrine; mKate2; mKoK; mTFP1,rna(mScarlet-cytosol; mSG-membrane) > gfp-cytosol; Electra2-cytosol; GFP-cytosol; mCitrine-cytosol; mKate2-cytosol; mKoK-cytosol; mTFP1-cytosol,cytosol; membrane,scarlet; sg; gfp; electra2; citrine; kate2; kok; tfp1,,6/23/25,,104,62,24,6,12,pdqm-59(320),pdqm-64(314),,"pdqm-112, pdqm-47",direct,direct,pdqm-59(320); pdqm-64(314),rna(pdqm-112); rna(pdqm-47) > tg(pdqm-59)320; tg(pdqm-64)314,scarlet; sg; gfp; electra2; citrine; kate2; kok; tfp1,rna(cytosol; membrane) > cytosol,rna(scarlet; sg) > gfp; electra2; citrine; kate2; kok; tfp1
Korra_Foundation/20250624_skittlez_Issac_x_Ken/fish3_roi1,direct_173,rna(pdqm-112); rna(pdqm-47) > tg(pdqm-59)320; tg(pdqm-64)314,rna(mScarlet; mSG-2xLynk(N)) > gfp; Electra2; GFP; mCitrine; mKate2; mKoK; mTFP1,rna(mScarlet-cytosol; mSG-membrane) > gfp-cytosol; Electra2-cytosol; GFP-cytosol; mCitrine-cytosol; mKate2-cytosol; mKoK-cytosol; mTFP1-cytosol,cytosol; membrane,scarlet; sg; gfp; electra2; citrine; kate2; kok; tfp1,,6/23/25,,102,58,20,8,16,pdqm-59(320),pdqm-64(314),,"pdqm-112, pdqm-47",direct,direct,pdqm-59(320); pdqm-64(314),rna(pdqm-112); rna(pdqm-47) > tg(pdqm-59)320; tg(pdqm-64)314,scarlet; sg; gfp; electra2; citrine; kate2; kok; tfp1,rna(cytosol; membrane) > cytosol,rna(scarlet; sg) > gfp; electra2; citrine; kate2; kok; tfp1
Korra_Foundation/20250624_skittlez_Issac_x_Ken/fish4_roi1,direct_173,rna(pdqm-112); rna(pdqm-47) > tg(pdqm-59)320; tg(pdqm-64)314,rna(mScarlet; mSG-2xLynk(N)) > gfp; Electra2; GFP; mCitrine; mKate2; mKoK; mTFP1,rna(mScarlet-cytosol; mSG-membrane) > gfp-cytosol; Electra2-cytosol; GFP-cytosol; mCitrine-cytosol; mKate2-cytosol; mKoK-cytosol; mTFP1-cytosol,cytosol; membrane,scarlet; sg; gfp; electra2; citrine; kate2; kok; tfp1,,6/23/25,,124,70,24,10,20,pdqm-59(320),pdqm-64(314),,"pdqm-112, pdqm-47",direct,direct,pdqm-59(320); pdqm-64(314),rna(pdqm-112); rna(pdqm-47) > tg(pdqm-59)320; tg(pdqm-64)314,scarlet; sg; gfp; electra2; citrine; kate2; kok; tfp1,rna(cytosol; membrane) > cytosol,rna(scarlet; sg) > gfp; electra2; citrine; kate2; kok; tfp1
Korra_Foundation/20250625_skittlez/fish1_roi1,manual_1,tg(pdqm-34)309,Electra2; mCitrine; mKOK; mKate2; mTFP1,Electra2-cytosol; mCitrine-cytosol; mKOK-cytosol; mKate2-cytosol; mTFP1-cytosol,cytosol,electra2; citrine; kok; kate2; tfp1,,,,104,62,24,6,12,pdqm-34(309),pdqm-34(309),,,direct_by_clue_map,manual,pdqm-34(309),tg(pdqm-34)309,electra2; citrine; kok; kate2; tfp1,cytosol,electra2; citrine; kok; kate2; tfp1
Korra_Foundation/20250625_skittlez/fish1_roi2,manual_1,tg(pdqm-34)309,Electra2; mCitrine; mKOK; mKate2; mTFP1,Electra2-cytosol; mCitrine-cytosol; mKOK-cytosol; mKate2-cytosol; mTFP1-cytosol,cytosol,electra2; citrine; kok; kate2; tfp1,,,,104,62,24,6,12,pdqm-34(309),pdqm-34(309),,,direct_by_clue_map,manual,pdqm-34(309),tg(pdqm-34)309,electra2; citrine; kok; kate2; tfp1,cytosol,electra2; citrine; kok; kate2; tfp1
Korra_Foundation/20250625_skittlez/fish3_roi1,manual_1,tg(pdqm-34)309,Electra2; mCitrine; mKOK; mKate2; mTFP1,Electra2-cytosol; mCitrine-cytosol; mKOK-cytosol; mKate2-cytosol; mTFP1-cytosol,cytosol,electra2; citrine; kok; kate2; tfp1,,,,132,78,30,8,16,pdqm-34(309),pdqm-34(309),,,direct_by_clue_map,manual,pdqm-34(309),tg(pdqm-34)309,electra2; citrine; kok; kate2; tfp1,cytosol,electra2; citrine; kok; kate2; tfp1
Korra_Foundation/20250625_skittlez/fish4_roi1,manual_1,tg(pdqm-34)309,Electra2; mCitrine; mKOK; mKate2; mTFP1,Electra2-cytosol; mCitrine-cytosol; mKOK-cytosol; mKate2-cytosol; mTFP1-cytosol,cytosol,electra2; citrine; kok; kate2; tfp1,,,,104,62,24,6,12,pdqm-34(309),pdqm-34(309),,,direct_by_clue_map,manual,pdqm-34(309),tg(pdqm-34)309,electra2; citrine; kok; kate2; tfp1,cytosol,electra2; citrine; kok; kate2; tfp1
Korra_Foundation/20250625_skittlez/fish5_roi1,manual_1,tg(pdqm-34)309,Electra2; mCitrine; mKOK; mKate2; mTFP1,Electra2-cytosol; mCitrine-cytosol; mKOK-cytosol; mKate2-cytosol; mTFP1-cytosol,cytosol,electra2; citrine; kok; kate2; tfp1,,,,104,62,24,6,12,pdqm-34(309),pdqm-34(309),,,direct_by_clue_map,manual,pdqm-34(309),tg(pdqm-34)309,electra2; citrine; kok; kate2; tfp1,cytosol,electra2; citrine; kok; kate2; tfp1
Korra_Foundation/20250625_skittlez/fish5_roi2,manual_1,tg(pdqm-34)309,Electra2; mCitrine; mKOK; mKate2; mTFP1,Electra2-cytosol; mCitrine-cytosol; mKOK-cytosol; mKate2-cytosol; mTFP1-cytosol,cytosol,electra2; citrine; kok; kate2; tfp1,,,,104,62,24,6,12,pdqm-34(309),pdqm-34(309),,,direct_by_clue_map,manual,pdqm-34(309),tg(pdqm-34)309,electra2; citrine; kok; kate2; tfp1,cytosol,electra2; citrine; kok; kate2; tfp1
Korra_Foundation/20250625_skittlez/fish7_roi1,manual_1,tg(pdqm-34)309,Electra2; mCitrine; mKOK; mKate2; mTFP1,Electra2-cytosol; mCitrine-cytosol; mKOK-cytosol; mKate2-cytosol; mTFP1-cytosol,cytosol,electra2; citrine; kok; kate2; tfp1,,,,132,78,30,8,16,pdqm-34(309),pdqm-34(309),,,direct_by_clue_map,manual,pdqm-34(309),tg(pdqm-34)309,electra2; citrine; kok; kate2; tfp1,cytosol,electra2; citrine; kok; kate2; tfp1
Korra_Foundation/20250625_skittlez/fish8_roi1,manual_1,tg(pdqm-34)309,Electra2; mCitrine; mKOK; mKate2; mTFP1,Electra2-cytosol; mCitrine-cytosol; mKOK-cytosol; mKate2-cytosol; mTFP1-cytosol,cytosol,electra2; citrine; kok; kate2; tfp1,,,,104,62,24,6,12,pdqm-34(309),pdqm-34(309),,,direct_by_clue_map,manual,pdqm-34(309),tg(pdqm-34)309,electra2; citrine; kok; kate2; tfp1,cytosol,electra2; citrine; kok; kate2; tfp1
Korra_Foundation/20250625_skittlez/fish8_roi2,manual_1,tg(pdqm-34)309,Electra2; mCitrine; mKOK; mKate2; mTFP1,Electra2-cytosol; mCitrine-cytosol; mKOK-cytosol; mKate2-cytosol; mTFP1-cytosol,cytosol,electra2; citrine; kok; kate2; tfp1,,,,104,62,24,6,12,pdqm-34(309),pdqm-34(309),,,direct_by_clue_map,manual,pdqm-34(309),tg(pdqm-34)309,electra2; citrine; kok; kate2; tfp1,cytosol,electra2; citrine; kok; kate2; tfp1
Korra_Foundation/20250625_skittlez/fish9_roi1,manual_1,tg(pdqm-34)309,Electra2; mCitrine; mKOK; mKate2; mTFP1,Electra2-cytosol; mCitrine-cytosol; mKOK-cytosol; mKate2-cytosol; mTFP1-cytosol,cytosol,electra2; citrine; kok; kate2; tfp1,,,,132,78,30,8,16,pdqm-34(309),pdqm-34(309),,,direct_by_clue_map,manual,pdqm-34(309),tg(pdqm-34)309,electra2; citrine; kok; kate2; tfp1,cytosol,electra2; citrine; kok; kate2; tfp1
Korra_Foundation/20250626_mem-histone/fish1_48hpf_brain,direct_170,rna(pdqm-117) > tg(pdqm-5)301,rna(mScarlet3S2-H2B(N)) > tdmSG-2xLynk(N),rna(mScarlet3S2-histone) > tdmSG-membrane,histone; membrane,scarlet3s2; sg,VHUHE,6/24/25,,4447,2070,1480,273,624,pdqm-5(301),pdqm-5(301),,pdqm-117,direct,direct,pdqm-5(301),rna(pdqm-117) > tg(pdqm-5)301,scarlet3s2; sg,rna(histone) > membrane,rna(scarlet3s2) > sg
Korra_Foundation/20250626_mem-histone/fish3_48hpf_hindbrain-to-tail,direct_171,rna(pdqm-117) > tg(pdqm-5)301,rna(mScarlet3S2-H2B(N)) > tdmSG-2xLynk(N),rna(mScarlet3S2-histone) > tdmSG-membrane,histone; membrane,scarlet3s2; sg,DT,6/24/25,,17360,8528,7896,312,624,pdqm-5(301),pdqm-5(301),,pdqm-117,direct,direct,pdqm-5(301),rna(pdqm-117) > tg(pdqm-5)301,scarlet3s2; sg,rna(histone) > membrane,rna(scarlet3s2) > sg
Korra_Foundation/20250627_skittlez/fish10_roi1,manual_1,tg(pdqm-34)309,Electra2; mCitrine; mKOK; mKate2; mTFP1,Electra2-cytosol; mCitrine-cytosol; mKOK-cytosol; mKate2-cytosol; mTFP1-cytosol,cytosol,electra2; citrine; kok; kate2; tfp1,,,,160,94,36,10,20,pdqm-34(309),pdqm-34(309),,,direct_by_clue_map,manual,pdqm-34(309),tg(pdqm-34)309,electra2; citrine; kok; kate2; tfp1,cytosol,electra2; citrine; kok; kate2; tfp1
Korra_Foundation/20250627_skittlez/fish1_roi1,manual_1,tg(pdqm-34)309,Electra2; mCitrine; mKOK; mKate2; mTFP1,Electra2-cytosol; mCitrine-cytosol; mKOK-cytosol; mKate2-cytosol; mTFP1-cytosol,cytosol,electra2; citrine; kok; kate2; tfp1,,,,127,71,24,9,23,pdqm-34(309),pdqm-34(309),,,direct_by_clue_map,manual,pdqm-34(309),tg(pdqm-34)309,electra2; citrine; kok; kate2; tfp1,cytosol,electra2; citrine; kok; kate2; tfp1
Korra_Foundation/20250627_skittlez/fish1_roi2,manual_1,tg(pdqm-34)309,Electra2; mCitrine; mKOK; mKate2; mTFP1,Electra2-cytosol; mCitrine-cytosol; mKOK-cytosol; mKate2-cytosol; mTFP1-cytosol,cytosol,electra2; citrine; kok; kate2; tfp1,,,,104,62,24,6,12,pdqm-34(309),pdqm-34(309),,,direct_by_clue_map,manual,pdqm-34(309),tg(pdqm-34)309,electra2; citrine; kok; kate2; tfp1,cytosol,electra2; citrine; kok; kate2; tfp1
Korra_Foundation/20250627_skittlez/fish1_roi3,manual_1,tg(pdqm-34)309,Electra2; mCitrine; mKOK; mKate2; mTFP1,Electra2-cytosol; mCitrine-cytosol; mKOK-cytosol; mKate2-cytosol; mTFP1-cytosol,cytosol,electra2; citrine; kok; kate2; tfp1,,,,104,62,24,6,12,pdqm-34(309),pdqm-34(309),,,direct_by_clue_map,manual,pdqm-34(309),tg(pdqm-34)309,electra2; citrine; kok; kate2; tfp1,cytosol,electra2; citrine; kok; kate2; tfp1
Korra_Foundation/20250627_skittlez/fish2_roi1,manual_1,tg(pdqm-34)309,Electra2; mCitrine; mKOK; mKate2; mTFP1,Electra2-cytosol; mCitrine-cytosol; mKOK-cytosol; mKate2-cytosol; mTFP1-cytosol,cytosol,electra2; citrine; kok; kate2; tfp1,,,,104,62,24,6,12,pdqm-34(309),pdqm-34(309),,,direct_by_clue_map,manual,pdqm-34(309),tg(pdqm-34)309,electra2; citrine; kok; kate2; tfp1,cytosol,electra2; citrine; kok; kate2; tfp1
Korra_Foundation/20250627_skittlez/fish3_roi1,manual_1,tg(pdqm-34)309,Electra2; mCitrine; mKOK; mKate2; mTFP1,Electra2-cytosol; mCitrine-cytosol; mKOK-cytosol; mKate2-cytosol; mTFP1-cytosol,cytosol,electra2; citrine; kok; kate2; tfp1,,,,132,78,30,8,16,pdqm-34(309),pdqm-34(309),,,direct_by_clue_map,manual,pdqm-34(309),tg(pdqm-34)309,electra2; citrine; kok; kate2; tfp1,cytosol,electra2; citrine; kok; kate2; tfp1
Korra_Foundation/20250627_skittlez/fish4_roi1,manual_1,tg(pdqm-34)309,Electra2; mCitrine; mKOK; mKate2; mTFP1,Electra2-cytosol; mCitrine-cytosol; mKOK-cytosol; mKate2-cytosol; mTFP1-cytosol,cytosol,electra2; citrine; kok; kate2; tfp1,,,,104,62,24,6,12,pdqm-34(309),pdqm-34(309),,,direct_by_clue_map,manual,pdqm-34(309),tg(pdqm-34)309,electra2; citrine; kok; kate2; tfp1,cytosol,electra2; citrine; kok; kate2; tfp1
Korra_Foundation/20250627_skittlez/fish4_roi2,manual_1,tg(pdqm-34)309,Electra2; mCitrine; mKOK; mKate2; mTFP1,Electra2-cytosol; mCitrine-cytosol; mKOK-cytosol; mKate2-cytosol; mTFP1-cytosol,cytosol,electra2; citrine; kok; kate2; tfp1,,,,104,62,24,6,12,pdqm-34(309),pdqm-34(309),,,direct_by_clue_map,manual,pdqm-34(309),tg(pdqm-34)309,electra2; citrine; kok; kate2; tfp1,cytosol,electra2; citrine; kok; kate2; tfp1
Korra_Foundation/20250627_skittlez/fish5_roi1,manual_1,tg(pdqm-34)309,Electra2; mCitrine; mKOK; mKate2; mTFP1,Electra2-cytosol; mCitrine-cytosol; mKOK-cytosol; mKate2-cytosol; mTFP1-cytosol,cytosol,electra2; citrine; kok; kate2; tfp1,,,,132,78,30,8,16,pdqm-34(309),pdqm-34(309),,,direct_by_clue_map,manual,pdqm-34(309),tg(pdqm-34)309,electra2; citrine; kok; kate2; tfp1,cytosol,electra2; citrine; kok; kate2; tfp1
Korra_Foundation/20250627_skittlez/fish7_roi1,manual_1,tg(pdqm-34)309,Electra2; mCitrine; mKOK; mKate2; mTFP1,Electra2-cytosol; mCitrine-cytosol; mKOK-cytosol; mKate2-cytosol; mTFP1-cytosol,cytosol,electra2; citrine; kok; kate2; tfp1,,,,132,78,30,8,16,pdqm-34(309),pdqm-34(309),,,direct_by_clue_map,manual,pdqm-34(309),tg(pdqm-34)309,electra2; citrine; kok; kate2; tfp1,cytosol,electra2; citrine; kok; kate2; tfp1
Korra_Foundation/20250627_skittlez/fish8_roi1,manual_1,tg(pdqm-34)309,Electra2; mCitrine; mKOK; mKate2; mTFP1,Electra2-cytosol; mCitrine-cytosol; mKOK-cytosol; mKate2-cytosol; mTFP1-cytosol,cytosol,electra2; citrine; kok; kate2; tfp1,,,,132,78,30,8,16,pdqm-34(309),pdqm-34(309),,,direct_by_clue_map,manual,pdqm-34(309),tg(pdqm-34)309,electra2; citrine; kok; kate2; tfp1,cytosol,electra2; citrine; kok; kate2; tfp1
Korra_Foundation/20250627_skittlez/fish9_roi1,manual_1,tg(pdqm-34)309,Electra2; mCitrine; mKOK; mKate2; mTFP1,Electra2-cytosol; mCitrine-cytosol; mKOK-cytosol; mKate2-cytosol; mTFP1-cytosol,cytosol,electra2; citrine; kok; kate2; tfp1,,,,160,94,36,10,20,pdqm-34(309),pdqm-34(309),,,direct_by_clue_map,manual,pdqm-34(309),tg(pdqm-34)309,electra2; citrine; kok; kate2; tfp1,cytosol,electra2; citrine; kok; kate2; tfp1
Korra_Foundation/20250715_mem_organelle/fish1_mem_sg_mito_msc3/roi1,direct_165,rna(mgco-40); plasmid(mgco-35) > tg(pdqm-5)301,rna(Halo-sec61b(N)); plasmid(mScarlet3S2-2Xcox8A(N)) > tdmSG-2xLynk(N),rna(Halo-ER); plasmid(mScarlet3S2-mitochondria) > tdmSG-membrane,ER; mitochondria; membrane,halo; scarlet3s2; sg,,7/14/25,,414,204,192,6,12,pdqm-5(301),pdqm-5(301),mgco-35,mgco-40,direct_by_rule_20250715_force_165,direct,pdqm-5(301),rna(mgco-40); plasmid(mgco-35) > tg(pdqm-5)301,halo; scarlet3s2; sg,rna(ER); plasmid(mitochondria) > membrane,rna(halo); plasmid(scarlet3s2) > sg
Korra_Foundation/20250715_mem_organelle/fish1_mem_sg_mito_msc3/roi2,direct_165,rna(mgco-40); plasmid(mgco-35) > tg(pdqm-5)301,rna(Halo-sec61b(N)); plasmid(mScarlet3S2-2Xcox8A(N)) > tdmSG-2xLynk(N),rna(Halo-ER); plasmid(mScarlet3S2-mitochondria) > tdmSG-membrane,ER; mitochondria; membrane,halo; scarlet3s2; sg,,7/14/25,,690,340,320,10,20,pdqm-5(301),pdqm-5(301),mgco-35,mgco-40,direct_by_rule_20250715_force_165,direct,pdqm-5(301),rna(mgco-40); plasmid(mgco-35) > tg(pdqm-5)301,halo; scarlet3s2; sg,rna(ER); plasmid(mitochondria) > membrane,rna(halo); plasmid(scarlet3s2) > sg
Korra_Foundation/20250715_mem_organelle/fish2_24hpf_mem_mito_msc3_er_halo/roi1_eye,direct_165,rna(mgco-40); plasmid(mgco-35) > tg(pdqm-5)301,rna(Halo-sec61b(N)); plasmid(mScarlet3S2-2Xcox8A(N)) > tdmSG-2xLynk(N),rna(Halo-ER); plasmid(mScarlet3S2-mitochondria) > tdmSG-membrane,ER; mitochondria; membrane,halo; scarlet3s2; sg,,7/14/25,,2022,682,1280,20,40,pdqm-5(301),pdqm-5(301),mgco-35,mgco-40,direct_by_rule_20250715_force_165,direct,pdqm-5(301),rna(mgco-40); plasmid(mgco-35) > tg(pdqm-5)301,halo; scarlet3s2; sg,rna(ER); plasmid(mitochondria) > membrane,rna(halo); plasmid(scarlet3s2) > sg
Korra_Foundation/20250715_mem_organelle/fish3_24hpf_mem_mito_msc3_er_halo/roi1,direct_165,rna(mgco-40); plasmid(mgco-35) > tg(pdqm-5)301,rna(Halo-sec61b(N)); plasmid(mScarlet3S2-2Xcox8A(N)) > tdmSG-2xLynk(N),rna(Halo-ER); plasmid(mScarlet3S2-mitochondria) > tdmSG-membrane,ER; mitochondria; membrane,halo; scarlet3s2; sg,,7/14/25,,1010,340,640,10,20,pdqm-5(301),pdqm-5(301),mgco-35,mgco-40,direct_by_rule_20250715_force_165,direct,pdqm-5(301),rna(mgco-40); plasmid(mgco-35) > tg(pdqm-5)301,halo; scarlet3s2; sg,rna(ER); plasmid(mitochondria) > membrane,rna(halo); plasmid(scarlet3s2) > sg
Korra_Foundation/20250715_mem_organelle/fish3_24hpf_mem_mito_msc3_er_halo/roi2,direct_165,rna(mgco-40); plasmid(mgco-35) > tg(pdqm-5)301,rna(Halo-sec61b(N)); plasmid(mScarlet3S2-2Xcox8A(N)) > tdmSG-2xLynk(N),rna(Halo-ER); plasmid(mScarlet3S2-mitochondria) > tdmSG-membrane,ER; mitochondria; membrane,halo; scarlet3s2; sg,,7/14/25,,1010,340,640,10,20,pdqm-5(301),pdqm-5(301),mgco-35,mgco-40,direct_by_rule_20250715_force_165,direct,pdqm-5(301),rna(mgco-40); plasmid(mgco-35) > tg(pdqm-5)301,halo; scarlet3s2; sg,rna(ER); plasmid(mitochondria) > membrane,rna(halo); plasmid(scarlet3s2) > sg
Korra_Foundation/20250715_mem_organelle/fish4_24hpf_mem_mito_msc3_er_halo/roi1,direct_165,rna(mgco-40); plasmid(mgco-35) > tg(pdqm-5)301,rna(Halo-sec61b(N)); plasmid(mScarlet3S2-2Xcox8A(N)) > tdmSG-2xLynk(N),rna(Halo-ER); plasmid(mScarlet3S2-mitochondria) > tdmSG-membrane,ER; mitochondria; membrane,halo; scarlet3s2; sg,,7/14/25,,1010,340,640,10,20,pdqm-5(301),pdqm-5(301),mgco-35,mgco-40,direct_by_rule_20250715_force_165,direct,pdqm-5(301),rna(mgco-40); plasmid(mgco-35) > tg(pdqm-5)301,halo; scarlet3s2; sg,rna(ER); plasmid(mitochondria) > membrane,rna(halo); plasmid(scarlet3s2) > sg
Korra_Foundation/20250715_mem_organelle/fish4_24hpf_mem_mito_msc3_er_halo/roi2,direct_165,rna(mgco-40); plasmid(mgco-35) > tg(pdqm-5)301,rna(Halo-sec61b(N)); plasmid(mScarlet3S2-2Xcox8A(N)) > tdmSG-2xLynk(N),rna(Halo-ER); plasmid(mScarlet3S2-mitochondria) > tdmSG-membrane,ER; mitochondria; membrane,halo; scarlet3s2; sg,,7/14/25,,1010,340,640,10,20,pdqm-5(301),pdqm-5(301),mgco-35,mgco-40,direct_by_rule_20250715_force_165,direct,pdqm-5(301),rna(mgco-40); plasmid(mgco-35) > tg(pdqm-5)301,halo; scarlet3s2; sg,rna(ER); plasmid(mitochondria) > membrane,rna(halo); plasmid(scarlet3s2) > sg
Korra_Foundation/20250715_mem_organelle/fish4_24hpf_mem_mito_msc3_er_halo/roi3,direct_165,rna(mgco-40); plasmid(mgco-35) > tg(pdqm-5)301,rna(Halo-sec61b(N)); plasmid(mScarlet3S2-2Xcox8A(N)) > tdmSG-2xLynk(N),rna(Halo-ER); plasmid(mScarlet3S2-mitochondria) > tdmSG-membrane,ER; mitochondria; membrane,halo; scarlet3s2; sg,,7/14/25,,1010,340,640,10,20,pdqm-5(301),pdqm-5(301),mgco-35,mgco-40,direct_by_rule_20250715_force_165,direct,pdqm-5(301),rna(mgco-40); plasmid(mgco-35) > tg(pdqm-5)301,halo; scarlet3s2; sg,rna(ER); plasmid(mitochondria) > membrane,rna(halo); plasmid(scarlet3s2) > sg
Korra_Foundation/20250715_mem_organelle/fish5_48hpf_mem_mito_halo_er_msc2/roi1,direct_165,rna(mgco-40); plasmid(mgco-35) > tg(pdqm-5)301,rna(Halo-sec61b(N)); plasmid(mScarlet3S2-2Xcox8A(N)) > tdmSG-2xLynk(N),rna(Halo-ER); plasmid(mScarlet3S2-mitochondria) > tdmSG-membrane,ER; mitochondria; membrane,halo; scarlet3s2; sg,,7/14/25,,1529,101,1308,40,80,pdqm-5(301),pdqm-5(301),mgco-35,mgco-40,direct_by_rule_20250715_force_165,direct,pdqm-5(301),rna(mgco-40); plasmid(mgco-35) > tg(pdqm-5)301,halo; scarlet3s2; sg,rna(ER); plasmid(mitochondria) > membrane,rna(halo); plasmid(scarlet3s2) > sg
Korra_Foundation/20250715_mem_organelle/fish5_48hpf_mem_mito_halo_er_msc2/roi2,direct_165,rna(mgco-40); plasmid(mgco-35) > tg(pdqm-5)301,rna(Halo-sec61b(N)); plasmid(mScarlet3S2-2Xcox8A(N)) > tdmSG-2xLynk(N),rna(Halo-ER); plasmid(mScarlet3S2-mitochondria) > tdmSG-membrane,ER; mitochondria; membrane,halo; scarlet3s2; sg,,7/14/25,,1400,60,1280,20,40,pdqm-5(301),pdqm-5(301),mgco-35,mgco-40,direct_by_rule_20250715_force_165,direct,pdqm-5(301),rna(mgco-40); plasmid(mgco-35) > tg(pdqm-5)301,halo; scarlet3s2; sg,rna(ER); plasmid(mitochondria) > membrane,rna(halo); plasmid(scarlet3s2) > sg
Korra_Foundation/20250715_mem_organelle/fish5_48hpf_mem_mito_halo_er_msc2/roi3,direct_165,rna(mgco-40); plasmid(mgco-35) > tg(pdqm-5)301,rna(Halo-sec61b(N)); plasmid(mScarlet3S2-2Xcox8A(N)) > tdmSG-2xLynk(N),rna(Halo-ER); plasmid(mScarlet3S2-mitochondria) > tdmSG-membrane,ER; mitochondria; membrane,halo; scarlet3s2; sg,,7/14/25,,1400,60,1280,20,40,pdqm-5(301),pdqm-5(301),mgco-35,mgco-40,direct_by_rule_20250715_force_165,direct,pdqm-5(301),rna(mgco-40); plasmid(mgco-35) > tg(pdqm-5)301,halo; scarlet3s2; sg,rna(ER); plasmid(mitochondria) > membrane,rna(halo); plasmid(scarlet3s2) > sg
Korra_Foundation/20250715_mem_organelle/fish5_48hpf_mem_mito_halo_er_msc2/roi4,direct_165,rna(mgco-40); plasmid(mgco-35) > tg(pdqm-5)301,rna(Halo-sec61b(N)); plasmid(mScarlet3S2-2Xcox8A(N)) > tdmSG-2xLynk(N),rna(Halo-ER); plasmid(mScarlet3S2-mitochondria) > tdmSG-membrane,ER; mitochondria; membrane,halo; scarlet3s2; sg,,7/14/25,,1400,60,1280,20,40,pdqm-5(301),pdqm-5(301),mgco-35,mgco-40,direct_by_rule_20250715_force_165,direct,pdqm-5(301),rna(mgco-40); plasmid(mgco-35) > tg(pdqm-5)301,halo; scarlet3s2; sg,rna(ER); plasmid(mitochondria) > membrane,rna(halo); plasmid(scarlet3s2) > sg
Korra_Foundation/20250715_mem_organelle/fish6_48hpf_mem_mito_halo_er_msc2/roi1,direct_165,rna(mgco-40); plasmid(mgco-35) > tg(pdqm-5)301,rna(Halo-sec61b(N)); plasmid(mScarlet3S2-2Xcox8A(N)) > tdmSG-2xLynk(N),rna(Halo-ER); plasmid(mScarlet3S2-mitochondria) > tdmSG-membrane,ER; mitochondria; membrane,halo; scarlet3s2; sg,,7/14/25,,1400,60,1280,20,40,pdqm-5(301),pdqm-5(301),mgco-35,mgco-40,direct_by_rule_20250715_force_165,direct,pdqm-5(301),rna(mgco-40); plasmid(mgco-35) > tg(pdqm-5)301,halo; scarlet3s2; sg,rna(ER); plasmid(mitochondria) > membrane,rna(halo); plasmid(scarlet3s2) > sg
Korra_Foundation/20250715_mem_organelle/fish6_48hpf_mem_mito_halo_er_msc2/roi2,direct_165,rna(mgco-40); plasmid(mgco-35) > tg(pdqm-5)301,rna(Halo-sec61b(N)); plasmid(mScarlet3S2-2Xcox8A(N)) > tdmSG-2xLynk(N),rna(Halo-ER); plasmid(mScarlet3S2-mitochondria) > tdmSG-membrane,ER; mitochondria; membrane,halo; scarlet3s2; sg,,7/14/25,,1400,60,1280,20,40,pdqm-5(301),pdqm-5(301),mgco-35,mgco-40,direct_by_rule_20250715_force_165,direct,pdqm-5(301),rna(mgco-40); plasmid(mgco-35) > tg(pdqm-5)301,halo; scarlet3s2; sg,rna(ER); plasmid(mitochondria) > membrane,rna(halo); plasmid(scarlet3s2) > sg
Korra_Foundation/20250715_mem_organelle/fish6_48hpf_mem_mito_halo_er_msc2/roi3,direct_165,rna(mgco-40); plasmid(mgco-35) > tg(pdqm-5)301,rna(Halo-sec61b(N)); plasmid(mScarlet3S2-2Xcox8A(N)) > tdmSG-2xLynk(N),rna(Halo-ER); plasmid(mScarlet3S2-mitochondria) > tdmSG-membrane,ER; mitochondria; membrane,halo; scarlet3s2; sg,,7/14/25,,1400,60,1280,20,40,pdqm-5(301),pdqm-5(301),mgco-35,mgco-40,direct_by_rule_20250715_force_165,direct,pdqm-5(301),rna(mgco-40); plasmid(mgco-35) > tg(pdqm-5)301,halo; scarlet3s2; sg,rna(ER); plasmid(mitochondria) > membrane,rna(halo); plasmid(scarlet3s2) > sg
Korra_Foundation/20250715_mem_organelle/fish6_48hpf_mem_mito_halo_er_msc2/roi4,direct_165,rna(mgco-40); plasmid(mgco-35) > tg(pdqm-5)301,rna(Halo-sec61b(N)); plasmid(mScarlet3S2-2Xcox8A(N)) > tdmSG-2xLynk(N),rna(Halo-ER); plasmid(mScarlet3S2-mitochondria) > tdmSG-membrane,ER; mitochondria; membrane,halo; scarlet3s2; sg,,7/14/25,,1400,60,1280,20,40,pdqm-5(301),pdqm-5(301),mgco-35,mgco-40,direct_by_rule_20250715_force_165,direct,pdqm-5(301),rna(mgco-40); plasmid(mgco-35) > tg(pdqm-5)301,halo; scarlet3s2; sg,rna(ER); plasmid(mitochondria) > membrane,rna(halo); plasmid(scarlet3s2) > sg
Korra_Foundation/20250715_mem_organelle/fish6_48hpf_mem_mito_halo_er_msc2/roi5,direct_165,rna(mgco-40); plasmid(mgco-35) > tg(pdqm-5)301,rna(Halo-sec61b(N)); plasmid(mScarlet3S2-2Xcox8A(N)) > tdmSG-2xLynk(N),rna(Halo-ER); plasmid(mScarlet3S2-mitochondria) > tdmSG-membrane,ER; mitochondria; membrane,halo; scarlet3s2; sg,,7/14/25,,1400,60,1280,20,40,pdqm-5(301),pdqm-5(301),mgco-35,mgco-40,direct_by_rule_20250715_force_165,direct,pdqm-5(301),rna(mgco-40); plasmid(mgco-35) > tg(pdqm-5)301,halo; scarlet3s2; sg,rna(ER); plasmid(mitochondria) > membrane,rna(halo); plasmid(scarlet3s2) > sg
Korra_Foundation/20250715_mem_organelle/fish7_48hpf_mem_mito_halo_er_msc2/roi1,direct_165,rna(mgco-40); plasmid(mgco-35) > tg(pdqm-5)301,rna(Halo-sec61b(N)); plasmid(mScarlet3S2-2Xcox8A(N)) > tdmSG-2xLynk(N),rna(Halo-ER); plasmid(mScarlet3S2-mitochondria) > tdmSG-membrane,ER; mitochondria; membrane,halo; scarlet3s2; sg,,7/14/25,,1400,60,1280,20,40,pdqm-5(301),pdqm-5(301),mgco-35,mgco-40,direct_by_rule_20250715_force_165,direct,pdqm-5(301),rna(mgco-40); plasmid(mgco-35) > tg(pdqm-5)301,halo; scarlet3s2; sg,rna(ER); plasmid(mitochondria) > membrane,rna(halo); plasmid(scarlet3s2) > sg
Korra_Foundation/20250715_mem_organelle/fish8_72hpf_mem_mito_msc3_er_halo/roi1,direct_165,rna(mgco-40); plasmid(mgco-35) > tg(pdqm-5)301,rna(Halo-sec61b(N)); plasmid(mScarlet3S2-2Xcox8A(N)) > tdmSG-2xLynk(N),rna(Halo-ER); plasmid(mScarlet3S2-mitochondria) > tdmSG-membrane,ER; mitochondria; membrane,halo; scarlet3s2; sg,,7/14/25,,1405,63,1280,20,42,pdqm-5(301),pdqm-5(301),mgco-35,mgco-40,direct_by_rule_20250715_force_165,direct,pdqm-5(301),rna(mgco-40); plasmid(mgco-35) > tg(pdqm-5)301,halo; scarlet3s2; sg,rna(ER); plasmid(mitochondria) > membrane,rna(halo); plasmid(scarlet3s2) > sg
Korra_Foundation/20250715_mem_organelle/fish8_72hpf_mem_mito_msc3_er_halo/roi2,direct_165,rna(mgco-40); plasmid(mgco-35) > tg(pdqm-5)301,rna(Halo-sec61b(N)); plasmid(mScarlet3S2-2Xcox8A(N)) > tdmSG-2xLynk(N),rna(Halo-ER); plasmid(mScarlet3S2-mitochondria) > tdmSG-membrane,ER; mitochondria; membrane,halo; scarlet3s2; sg,,7/14/25,,1400,60,1280,20,40,pdqm-5(301),pdqm-5(301),mgco-35,mgco-40,direct_by_rule_20250715_force_165,direct,pdqm-5(301),rna(mgco-40); plasmid(mgco-35) > tg(pdqm-5)301,halo; scarlet3s2; sg,rna(ER); plasmid(mitochondria) > membrane,rna(halo); plasmid(scarlet3s2) > sg
Korra_Foundation/20250715_mem_organelle/fish8_72hpf_mem_mito_msc3_er_halo/roi3,direct_165,rna(mgco-40); plasmid(mgco-35) > tg(pdqm-5)301,rna(Halo-sec61b(N)); plasmid(mScarlet3S2-2Xcox8A(N)) > tdmSG-2xLynk(N),rna(Halo-ER); plasmid(mScarlet3S2-mitochondria) > tdmSG-membrane,ER; mitochondria; membrane,halo; scarlet3s2; sg,,7/14/25,,1400,60,1280,20,40,pdqm-5(301),pdqm-5(301),mgco-35,mgco-40,direct_by_rule_20250715_force_165,direct,pdqm-5(301),rna(mgco-40); plasmid(mgco-35) > tg(pdqm-5)301,halo; scarlet3s2; sg,rna(ER); plasmid(mitochondria) > membrane,rna(halo); plasmid(scarlet3s2) > sg
Korra_Foundation/20250723_mem-halo_ER-mSG/fish3_48hpf/roi1_mb,direct_161,rna(mgco-4) > tg(pdqm-82)315,rna(mStayGold-sec61b(N)) > tdmChilada-2xLynk(N),rna(mStayGold-ER) > tdmChilada-membrane,ER; membrane,staygold; chilada,,7/21/25,,342,326,1,1,14,,pdqm-82(315),,mgco-4,direct,direct,pdqm-82(315),rna(mgco-4) > tg(pdqm-82)315,staygold; chilada,rna(ER) > membrane,rna(staygold) > chilada
Korra_Foundation/20250723_mem-halo_ER-mSG/fish3_48hpf/roi2,direct_161,rna(mgco-4) > tg(pdqm-82)315,rna(mStayGold-sec61b(N)) > tdmChilada-2xLynk(N),rna(mStayGold-ER) > tdmChilada-membrane,ER; membrane,staygold; chilada,,7/21/25,,420,407,1,1,11,,pdqm-82(315),,mgco-4,direct,direct,pdqm-82(315),rna(mgco-4) > tg(pdqm-82)315,staygold; chilada,rna(ER) > membrane,rna(staygold) > chilada
Korra_Foundation/20250723_mem-halo_ER-mSG/fish3_48hpf/roi3,direct_161,rna(mgco-4) > tg(pdqm-82)315,rna(mStayGold-sec61b(N)) > tdmChilada-2xLynk(N),rna(mStayGold-ER) > tdmChilada-membrane,ER; membrane,staygold; chilada,,7/21/25,,1182,1144,3,6,29,,pdqm-82(315),,mgco-4,direct,direct,pdqm-82(315),rna(mgco-4) > tg(pdqm-82)315,staygold; chilada,rna(ER) > membrane,rna(staygold) > chilada
Korra_Foundation/20250723_mem-halo_ER-mSG/fish3_48hpf/roi4,direct_161,rna(mgco-4) > tg(pdqm-82)315,rna(mStayGold-sec61b(N)) > tdmChilada-2xLynk(N),rna(mStayGold-ER) > tdmChilada-membrane,ER; membrane,staygold; chilada,,7/21/25,,1235,1212,3,3,17,,pdqm-82(315),,mgco-4,direct,direct,pdqm-82(315),rna(mgco-4) > tg(pdqm-82)315,staygold; chilada,rna(ER) > membrane,rna(staygold) > chilada
Korra_Foundation/20250723_mem-halo_ER-mSG/fish3_48hpf/roi5,direct_161,rna(mgco-4) > tg(pdqm-82)315,rna(mStayGold-sec61b(N)) > tdmChilada-2xLynk(N),rna(mStayGold-ER) > tdmChilada-membrane,ER; membrane,staygold; chilada,,7/21/25,,1235,1212,3,3,17,,pdqm-82(315),,mgco-4,direct,direct,pdqm-82(315),rna(mgco-4) > tg(pdqm-82)315,staygold; chilada,rna(ER) > membrane,rna(staygold) > chilada
Korra_Foundation/20250723_mem-halo_ER-mSG/fish3_48hpf/roi6,direct_161,rna(mgco-4) > tg(pdqm-82)315,rna(mStayGold-sec61b(N)) > tdmChilada-2xLynk(N),rna(mStayGold-ER) > tdmChilada-membrane,ER; membrane,staygold; chilada,,7/21/25,,1235,1212,3,3,17,,pdqm-82(315),,mgco-4,direct,direct,pdqm-82(315),rna(mgco-4) > tg(pdqm-82)315,staygold; chilada,rna(ER) > membrane,rna(staygold) > chilada
Korra_Foundation/20250724_mem-mchilada_er-mSG/fish1_24hpf/roi1,direct_159,rna(mgco-4) > tg(pdqm-82)315,rna(mStayGold-sec61b(N)) > tdmChilada-2xLynk(N),rna(mStayGold-ER) > tdmChilada-membrane,ER; membrane,staygold; chilada,,7/23/25,,513,492,1,3,17,pdqm-82(315),pdqm-82(315),,mgco-4,direct,direct,pdqm-82(315),rna(mgco-4) > tg(pdqm-82)315,staygold; chilada,rna(ER) > membrane,rna(staygold) > chilada
Korra_Foundation/20250724_mem-mchilada_er-mSG/fish1_24hpf/roi1_2,direct_159,rna(mgco-4) > tg(pdqm-82)315,rna(mStayGold-sec61b(N)) > tdmChilada-2xLynk(N),rna(mStayGold-ER) > tdmChilada-membrane,ER; membrane,staygold; chilada,,7/23/25,,2915,2892,3,3,17,pdqm-82(315),pdqm-82(315),,mgco-4,direct,direct,pdqm-82(315),rna(mgco-4) > tg(pdqm-82)315,staygold; chilada,rna(ER) > membrane,rna(staygold) > chilada
Korra_Foundation/20250724_mem-mchilada_er-mSG/fish1_24hpf/roi1_3,direct_159,rna(mgco-4) > tg(pdqm-82)315,rna(mStayGold-sec61b(N)) > tdmChilada-2xLynk(N),rna(mStayGold-ER) > tdmChilada-membrane,ER; membrane,staygold; chilada,,7/23/25,,2915,2892,3,3,17,pdqm-82(315),pdqm-82(315),,mgco-4,direct,direct,pdqm-82(315),rna(mgco-4) > tg(pdqm-82)315,staygold; chilada,rna(ER) > membrane,rna(staygold) > chilada
Korra_Foundation/20250724_mem-mchilada_er-mSG/fish1_24hpf/roi2,direct_159,rna(mgco-4) > tg(pdqm-82)315,rna(mStayGold-sec61b(N)) > tdmChilada-2xLynk(N),rna(mStayGold-ER) > tdmChilada-membrane,ER; membrane,staygold; chilada,,7/23/25,,4835,4812,3,3,17,pdqm-82(315),pdqm-82(315),,mgco-4,direct,direct,pdqm-82(315),rna(mgco-4) > tg(pdqm-82)315,staygold; chilada,rna(ER) > membrane,rna(staygold) > chilada
Korra_Foundation/20250728_mem-histone/fish1_roi1,direct_158,rna(pdqm-37) > tg(pdqm-5)301,rna(tdmChilada-dhb; pcna(C; N); tdmSG-dhb; pcna(C; N)) > tdmSG-2xLynk(N),rna(tdmChilada-cell_cycle; tdmChilada-nucleus; tdmSG-cell_cycle; tdmSG-nucleus) > tdmSG-membrane,cell_cycle; nucleus; membrane,chilada; sg,,7/26/25,,2280,1128,1080,24,48,pdqm-5(301),pdqm-5(301),,pdqm-37,direct,direct,pdqm-5(301),rna(pdqm-37) > tg(pdqm-5)301,chilada; sg,rna(cell_cycle; nucleus) > membrane,rna(chilada; sg) > sg
Korra_Foundation/20250728_mem-histone/fish1_roi2,direct_158,rna(pdqm-37) > tg(pdqm-5)301,rna(tdmChilada-dhb; pcna(C; N); tdmSG-dhb; pcna(C; N)) > tdmSG-2xLynk(N),rna(tdmChilada-cell_cycle; tdmChilada-nucleus; tdmSG-cell_cycle; tdmSG-nucleus) > tdmSG-membrane,cell_cycle; nucleus; membrane,chilada; sg,,7/26/25,,2590,1276,1200,32,82,pdqm-5(301),pdqm-5(301),,pdqm-37,direct,direct,pdqm-5(301),rna(pdqm-37) > tg(pdqm-5)301,chilada; sg,rna(cell_cycle; nucleus) > membrane,rna(chilada; sg) > sg
Korra_Foundation/20250801_mem-PCNA/fish1_roi1,direct_157,rna(pdqm-37) > tg(pdqm-5)301,rna(tdmChilada-dhb; pcna(C; N); tdmSG-dhb; pcna(C; N)) > tdmSG-2xLynk(N),rna(tdmChilada-cell_cycle; tdmChilada-nucleus; tdmSG-cell_cycle; tdmSG-nucleus) > tdmSG-membrane,cell_cycle; nucleus; membrane,chilada; sg,DT,7/31/25,,1624,784,672,56,112,pdqm-5(301),pdqm-5(301),,pdqm-37,direct,direct,pdqm-5(301),rna(pdqm-37) > tg(pdqm-5)301,chilada; sg,rna(cell_cycle; nucleus) > membrane,rna(chilada; sg) > sg
Korra_Foundation/20250801_mem-PCNA/fish2_roi1,direct_157,rna(pdqm-37) > tg(pdqm-5)301,rna(tdmChilada-dhb; pcna(C; N); tdmSG-dhb; pcna(C; N)) > tdmSG-2xLynk(N),rna(tdmChilada-cell_cycle; tdmChilada-nucleus; tdmSG-cell_cycle; tdmSG-nucleus) > tdmSG-membrane,cell_cycle; nucleus; membrane,chilada; sg,DT,7/31/25,,1484,704,552,76,152,pdqm-5(301),pdqm-5(301),,pdqm-37,direct,direct,pdqm-5(301),rna(pdqm-37) > tg(pdqm-5)301,chilada; sg,rna(cell_cycle; nucleus) > membrane,rna(chilada; sg) > sg
Korra_Foundation/20250801_mem-PCNA/fish3_72hpf_roi1,direct_156,rna(pdqm-37) > tg(pdqm-5)301,rna(tdmChilada-dhb; pcna(C; N); tdmSG-dhb; pcna(C; N)) > tdmSG-2xLynk(N),rna(tdmChilada-cell_cycle; tdmChilada-nucleus; tdmSG-cell_cycle; tdmSG-nucleus) > tdmSG-membrane,cell_cycle; nucleus; membrane,chilada; sg,LHDT,8/1/25,,11386,5177,3113,1032,2064,pdqm-5(301),pdqm-5(301),,pdqm-37,direct_by_rule_20250801_force_156,direct,pdqm-5(301),rna(pdqm-37) > tg(pdqm-5)301,chilada; sg,rna(cell_cycle; nucleus) > membrane,rna(chilada; sg) > sg
Korra_Foundation/20250801_mem-histone/fish1_roi1,manual_2,tg(pdqm-5)301; tg(pdqm-133)324,tdmSG-2xLynk(N); tdmScarlet3-H2B(C),tdmSG-membrane; tdmScarlet3-histone,membrane; histone,sg; scarlet3,,,,601,271,150,60,120,pdqm-5(301),pdqm-133(324),,,direct_by_clue_map,manual,pdqm-5(301); pdqm-133(324),tg(pdqm-5)301; tg(pdqm-133)324,sg; scarlet3,membrane; histone,sg; scarlet3
Korra_Foundation/20250805_mem-histone/fish1_24hpf,direct_154,tg(pdqm-5)301,tdmSG-2xLynk(N),tdmSG-membrane,membrane,sg,DT,8/4/25,,9444,4470,3471,498,1005,,pdqm-5(301),,,direct,direct,pdqm-5(301),tg(pdqm-5)301,sg,membrane,sg
Korra_Foundation/20250805_mem-histone/fish2_36hpf,direct_154,tg(pdqm-5)301,tdmSG-2xLynk(N),tdmSG-membrane,membrane,sg,DT,8/4/25,,7290,3396,2400,498,996,,pdqm-5(301),,,direct,direct,pdqm-5(301),tg(pdqm-5)301,sg,membrane,sg
Korra_Foundation/20250805_mem-histone/fish3_48hpf,direct_154,tg(pdqm-5)301,tdmSG-2xLynk(N),tdmSG-membrane,membrane,sg,DT,8/4/25,,15601,7533,6480,517,1071,,pdqm-5(301),,,direct,direct,pdqm-5(301),tg(pdqm-5)301,sg,membrane,sg
Korra_Foundation/20250805_mem-histone/fish4_48hpf,direct_154,tg(pdqm-5)301,tdmSG-2xLynk(N),tdmSG-membrane,membrane,sg,DT,8/4/25,,10581,5077,4221,427,856,,pdqm-5(301),,,direct,direct,pdqm-5(301),tg(pdqm-5)301,sg,membrane,sg
Korra_Foundation/20251007_mem-histone,manual_2,tg(pdqm-5)301; tg(pdqm-133)324,tdmSG-2xLynk(N); tdmScarlet3-H2B(C),tdmSG-membrane; tdmScarlet3-histone,membrane; histone,sg; scarlet3,,,,6200,3059,2682,73,386,pdqm-5(301),pdqm-133(324),,,direct_by_clue_map,manual,pdqm-5(301); pdqm-133(324),tg(pdqm-5)301; tg(pdqm-133)324,sg; scarlet3,membrane; histone,sg; scarlet3
Korra_Foundation/20251007_mem-histone/fish1_48hpf_roi1,manual_2,tg(pdqm-5)301; tg(pdqm-133)324,tdmSG-2xLynk(N); tdmScarlet3-H2B(C),tdmSG-membrane; tdmScarlet3-histone,membrane; histone,sg; scarlet3,,,,316,149,41,18,108,pdqm-5(301),pdqm-133(324),,,direct_by_clue_map,manual,pdqm-5(301); pdqm-133(324),tg(pdqm-5)301; tg(pdqm-133)324,sg; scarlet3,membrane; histone,sg; scarlet3
Korra_Foundation/20251007_mem-histone/fish3_48hpf_roi1,manual_2,tg(pdqm-5)301; tg(pdqm-133)324,tdmSG-2xLynk(N); tdmScarlet3-H2B(C),tdmSG-membrane; tdmScarlet3-histone,membrane; histone,sg; scarlet3,,,,2973,1473,1440,15,45,pdqm-5(301),pdqm-133(324),,,direct_by_clue_map,manual,pdqm-5(301); pdqm-133(324),tg(pdqm-5)301; tg(pdqm-133)324,sg; scarlet3,membrane; histone,sg; scarlet3
Korra_Foundation/20251007_mem-histone/fish3_48hpf_roi2,manual_2,tg(pdqm-5)301; tg(pdqm-133)324,tdmSG-2xLynk(N); tdmScarlet3-H2B(C),tdmSG-membrane; tdmScarlet3-histone,membrane; histone,sg; scarlet3,,,,2460,1224,1152,12,72,pdqm-5(301),pdqm-133(324),,,direct_by_clue_map,manual,pdqm-5(301); pdqm-133(324),tg(pdqm-5)301; tg(pdqm-133)324,sg; scarlet3,membrane; histone,sg; scarlet3
Korra_Foundation/20251009_skittlez/fish1_roi1,manual_1,tg(pdqm-34)309,Electra2; mCitrine; mKOK; mKate2; mTFP1,Electra2-cytosol; mCitrine-cytosol; mKOK-cytosol; mKate2-cytosol; mTFP1-cytosol,cytosol,electra2; citrine; kok; kate2; tfp1,,,,22,13,9,0,0,pdqm-34(309),pdqm-34(309),,,direct_by_clue_map,manual,pdqm-34(309),tg(pdqm-34)309,electra2; citrine; kok; kate2; tfp1,cytosol,electra2; citrine; kok; kate2; tfp1
Korra_Foundation/20251010_mem-histone/fish1_24hpf_roi1,direct_78,tg(pdqm-5)301; tg(pdqm-133)324,tdmSG-2xLynk(N); tdmScarlet3-H2B(C),tdmSG-membrane; tdmScarlet3-histone,membrane; histone,sg; scarlet3,DH,10/9/25,,10593,5064,4608,456,465,pdqm-5(301),pdqm-133(324),,,direct,direct,pdqm-5(301); pdqm-133(324),tg(pdqm-5)301; tg(pdqm-133)324,sg; scarlet3,membrane; histone,sg; scarlet3
Korra_Foundation/20251013_mem-histone/fish1_96hpf_roi0_test,direct_76,tg(pdqm-5)301; tg(pdqm-133)324,tdmSG-2xLynk(N); tdmScarlet3-H2B(C),tdmSG-membrane; tdmScarlet3-histone,membrane; histone,sg; scarlet3,DH,10/9/25,,3430,1641,1493,148,148,pdqm-5(301),pdqm-133(324),,,direct,direct,pdqm-5(301); pdqm-133(324),tg(pdqm-5)301; tg(pdqm-133)324,sg; scarlet3,membrane; histone,sg; scarlet3
Korra_Foundation/20251013_mem-histone/fish1_96hpf_roi1,direct_76,tg(pdqm-5)301; tg(pdqm-133)324,tdmSG-2xLynk(N); tdmScarlet3-H2B(C),tdmSG-membrane; tdmScarlet3-histone,membrane; histone,sg; scarlet3,DH,10/9/25,,3114,1548,1440,18,108,pdqm-5(301),pdqm-133(324),,,direct,direct,pdqm-5(301); pdqm-133(324),tg(pdqm-5)301; tg(pdqm-133)324,sg; scarlet3,membrane; histone,sg; scarlet3
Korra_Foundation/20251013_mem-histone/fish1_96hpf_roi2,direct_76,tg(pdqm-5)301; tg(pdqm-133)324,tdmSG-2xLynk(N); tdmScarlet3-H2B(C),tdmSG-membrane; tdmScarlet3-histone,membrane; histone,sg; scarlet3,DH,10/9/25,,3114,1548,1440,18,108,pdqm-5(301),pdqm-133(324),,,direct,direct,pdqm-5(301); pdqm-133(324),tg(pdqm-5)301; tg(pdqm-133)324,sg; scarlet3,membrane; histone,sg; scarlet3
Korra_Foundation/20251013_mem-histone/fish1_96hpf_roi3,direct_76,tg(pdqm-5)301; tg(pdqm-133)324,tdmSG-2xLynk(N); tdmScarlet3-H2B(C),tdmSG-membrane; tdmScarlet3-histone,membrane; histone,sg; scarlet3,DH,10/9/25,,3114,1548,1440,18,108,pdqm-5(301),pdqm-133(324),,,direct,direct,pdqm-5(301); pdqm-133(324),tg(pdqm-5)301; tg(pdqm-133)324,sg; scarlet3,membrane; histone,sg; scarlet3
Korra_Foundation/20251013_mem-histone/fish2_96hpf_roi1,direct_76,tg(pdqm-5)301; tg(pdqm-133)324,tdmSG-2xLynk(N); tdmScarlet3-H2B(C),tdmSG-membrane; tdmScarlet3-histone,membrane; histone,sg; scarlet3,DH,10/9/25,,3114,1548,1440,18,108,pdqm-5(301),pdqm-133(324),,,direct,direct,pdqm-5(301); pdqm-133(324),tg(pdqm-5)301; tg(pdqm-133)324,sg; scarlet3,membrane; histone,sg; scarlet3
Korra_Foundation/20251013_mem-histone/fish2_96hpf_roi2,direct_76,tg(pdqm-5)301; tg(pdqm-133)324,tdmSG-2xLynk(N); tdmScarlet3-H2B(C),tdmSG-membrane; tdmScarlet3-histone,membrane; histone,sg; scarlet3,DH,10/9/25,,3114,1548,1440,18,108,pdqm-5(301),pdqm-133(324),,,direct,direct,pdqm-5(301); pdqm-133(324),tg(pdqm-5)301; tg(pdqm-133)324,sg; scarlet3,membrane; histone,sg; scarlet3
Korra_Foundation/20251013_mem-histone/fish3_96hpf_roi1,direct_76,tg(pdqm-5)301; tg(pdqm-133)324,tdmSG-2xLynk(N); tdmScarlet3-H2B(C),tdmSG-membrane; tdmScarlet3-histone,membrane; histone,sg; scarlet3,DH,10/9/25,,3114,1548,1440,18,108,pdqm-5(301),pdqm-133(324),,,direct,direct,pdqm-5(301); pdqm-133(324),tg(pdqm-5)301; tg(pdqm-133)324,sg; scarlet3,membrane; histone,sg; scarlet3
Korra_Foundation/20251013_mem-histone/fish3_96hpf_roi2,direct_76,tg(pdqm-5)301; tg(pdqm-133)324,tdmSG-2xLynk(N); tdmScarlet3-H2B(C),tdmSG-membrane; tdmScarlet3-histone,membrane; histone,sg; scarlet3,DH,10/9/25,,3114,1548,1440,18,108,pdqm-5(301),pdqm-133(324),,,direct,direct,pdqm-5(301); pdqm-133(324),tg(pdqm-5)301; tg(pdqm-133)324,sg; scarlet3,membrane; histone,sg; scarlet3
Korra_Foundation/20251013_mem-histone/fish3_96hpf_roi3,direct_76,tg(pdqm-5)301; tg(pdqm-133)324,tdmSG-2xLynk(N); tdmScarlet3-H2B(C),tdmSG-membrane; tdmScarlet3-histone,membrane; histone,sg; scarlet3,DH,10/9/25,,3114,1548,1440,18,108,pdqm-5(301),pdqm-133(324),,,direct,direct,pdqm-5(301); pdqm-133(324),tg(pdqm-5)301; tg(pdqm-133)324,sg; scarlet3,membrane; histone,sg; scarlet3
Korra_Foundation/20251015_mem-histone/fish1_48hpf_roi1,direct_72,tg(pdqm-5)302; tg(pdqm-133)324,tdmSG-2xLynk(N); tdmScarlet3-H2B(C),tdmSG-membrane; tdmScarlet3-histone,membrane; histone,sg; scarlet3,DH,10/13/25,,3114,1548,1440,18,108,pdqm-5(302),pdqm-133(324),,,direct,direct,pdqm-5(302); pdqm-133(324),tg(pdqm-5)302; tg(pdqm-133)324,sg; scarlet3,membrane; histone,sg; scarlet3
Korra_Foundation/20251015_mem-histone/fish2_48hpf_roi1,direct_72,tg(pdqm-5)302; tg(pdqm-133)324,tdmSG-2xLynk(N); tdmScarlet3-H2B(C),tdmSG-membrane; tdmScarlet3-histone,membrane; histone,sg; scarlet3,DH,10/13/25,,3114,1548,1440,18,108,pdqm-5(302),pdqm-133(324),,,direct,direct,pdqm-5(302); pdqm-133(324),tg(pdqm-5)302; tg(pdqm-133)324,sg; scarlet3,membrane; histone,sg; scarlet3
Korra_Foundation/20251015_mem-histone/fish3_48hpf_roi1,direct_72,tg(pdqm-5)302; tg(pdqm-133)324,tdmSG-2xLynk(N); tdmScarlet3-H2B(C),tdmSG-membrane; tdmScarlet3-histone,membrane; histone,sg; scarlet3,DH,10/13/25,,3114,1548,1440,18,108,pdqm-5(302),pdqm-133(324),,,direct,direct,pdqm-5(302); pdqm-133(324),tg(pdqm-5)302; tg(pdqm-133)324,sg; scarlet3,membrane; histone,sg; scarlet3
Korra_Foundation/20251015_mem-histone/fish3_48hpf_roi2,direct_72,tg(pdqm-5)302; tg(pdqm-133)324,tdmSG-2xLynk(N); tdmScarlet3-H2B(C),tdmSG-membrane; tdmScarlet3-histone,membrane; histone,sg; scarlet3,DH,10/13/25,,3114,1548,1440,18,108,pdqm-5(302),pdqm-133(324),,,direct,direct,pdqm-5(302); pdqm-133(324),tg(pdqm-5)302; tg(pdqm-133)324,sg; scarlet3,membrane; histone,sg; scarlet3
Korra_Foundation/20251015_mem-histone/fish4_48hpf_roi1,direct_72,tg(pdqm-5)302; tg(pdqm-133)324,tdmSG-2xLynk(N); tdmScarlet3-H2B(C),tdmSG-membrane; tdmScarlet3-histone,membrane; histone,sg; scarlet3,DH,10/13/25,,3124,1553,1440,18,113,pdqm-5(302),pdqm-133(324),,,direct,direct,pdqm-5(302); pdqm-133(324),tg(pdqm-5)302; tg(pdqm-133)324,sg; scarlet3,membrane; histone,sg; scarlet3
Korra_Foundation/20251016_mem-histone/fish1_72hpf_roi1,direct_70,tg(pdqm-5)302; tg(pdqm-133)324,tdmSG-2xLynk(N); tdmScarlet3-H2B(C),tdmSG-membrane; tdmScarlet3-histone,membrane; histone,sg; scarlet3,DH,10/13/25,,3114,1548,1440,18,108,pdqm-5(302),pdqm-133(324),,,direct,direct,pdqm-5(302); pdqm-133(324),tg(pdqm-5)302; tg(pdqm-133)324,sg; scarlet3,membrane; histone,sg; scarlet3
Korra_Foundation/20251016_mem-histone/fish2_72hpf_roi1,direct_70,tg(pdqm-5)302; tg(pdqm-133)324,tdmSG-2xLynk(N); tdmScarlet3-H2B(C),tdmSG-membrane; tdmScarlet3-histone,membrane; histone,sg; scarlet3,DH,10/13/25,,3114,1548,1440,18,108,pdqm-5(302),pdqm-133(324),,,direct,direct,pdqm-5(302); pdqm-133(324),tg(pdqm-5)302; tg(pdqm-133)324,sg; scarlet3,membrane; histone,sg; scarlet3
Korra_Foundation/20251016_mem-histone/fish2_72hpf_roi2,direct_70,tg(pdqm-5)302; tg(pdqm-133)324,tdmSG-2xLynk(N); tdmScarlet3-H2B(C),tdmSG-membrane; tdmScarlet3-histone,membrane; histone,sg; scarlet3,DH,10/13/25,,3114,1548,1440,18,108,pdqm-5(302),pdqm-133(324),,,direct,direct,pdqm-5(302); pdqm-133(324),tg(pdqm-5)302; tg(pdqm-133)324,sg; scarlet3,membrane; histone,sg; scarlet3
Korra_Foundation/20251016_mem-histone/fish2_72hpf_roi3,direct_70,tg(pdqm-5)302; tg(pdqm-133)324,tdmSG-2xLynk(N); tdmScarlet3-H2B(C),tdmSG-membrane; tdmScarlet3-histone,membrane; histone,sg; scarlet3,DH,10/13/25,,3114,1548,1440,18,108,pdqm-5(302),pdqm-133(324),,,direct,direct,pdqm-5(302); pdqm-133(324),tg(pdqm-5)302; tg(pdqm-133)324,sg; scarlet3,membrane; histone,sg; scarlet3
Korra_Foundation/20251016_mem-histone/fish3_72hpf_roi1,direct_70,tg(pdqm-5)302; tg(pdqm-133)324,tdmSG-2xLynk(N); tdmScarlet3-H2B(C),tdmSG-membrane; tdmScarlet3-histone,membrane; histone,sg; scarlet3,DH,10/13/25,,3115,1549,1440,18,108,pdqm-5(302),pdqm-133(324),,,direct,direct,pdqm-5(302); pdqm-133(324),tg(pdqm-5)302; tg(pdqm-133)324,sg; scarlet3,membrane; histone,sg; scarlet3
Korra_Foundation/20251016_mem-histone/fish3_72hpf_roi2,direct_70,tg(pdqm-5)302; tg(pdqm-133)324,tdmSG-2xLynk(N); tdmScarlet3-H2B(C),tdmSG-membrane; tdmScarlet3-histone,membrane; histone,sg; scarlet3,DH,10/13/25,,3114,1548,1440,18,108,pdqm-5(302),pdqm-133(324),,,direct,direct,pdqm-5(302); pdqm-133(324),tg(pdqm-5)302; tg(pdqm-133)324,sg; scarlet3,membrane; histone,sg; scarlet3
Korra_Foundation/20251017_microtubules/fish2_24hpf_roi1_test,direct_68,plasmid(mgco-50),plasmid(mStayGold-EB3(N)),plasmid(mStayGold-Kinetochore),Kinetochore,staygold,DH,10/16/25,,3114,1548,1440,18,108,,,mgco-50,,direct,direct,,plasmid(mgco-50),staygold,plasmid(Kinetochore),plasmid(staygold)
Korra_Foundation/20251020_mem-histone/fish1_72hpf_roi1,direct_67,tg(pdqm-5)301; tg(pdqm-133)324,tdmSG-2xLynk(N); tdmScarlet3-H2B(C),tdmSG-membrane; tdmScarlet3-histone,membrane; histone,sg; scarlet3,DH,10/17/25,,3114,1548,1440,18,108,pdqm-5(301),pdqm-133(324),,,direct,direct,pdqm-5(301); pdqm-133(324),tg(pdqm-5)301; tg(pdqm-133)324,sg; scarlet3,membrane; histone,sg; scarlet3
Korra_Foundation/20251020_mem-histone/fish1_72hpf_roi2,direct_67,tg(pdqm-5)301; tg(pdqm-133)324,tdmSG-2xLynk(N); tdmScarlet3-H2B(C),tdmSG-membrane; tdmScarlet3-histone,membrane; histone,sg; scarlet3,DH,10/17/25,,3114,1548,1440,18,108,pdqm-5(301),pdqm-133(324),,,direct,direct,pdqm-5(301); pdqm-133(324),tg(pdqm-5)301; tg(pdqm-133)324,sg; scarlet3,membrane; histone,sg; scarlet3
Korra_Foundation/20251020_mem-histone/fish1_72hpf_roi3,direct_67,tg(pdqm-5)301; tg(pdqm-133)324,tdmSG-2xLynk(N); tdmScarlet3-H2B(C),tdmSG-membrane; tdmScarlet3-histone,membrane; histone,sg; scarlet3,DH,10/17/25,,3114,1548,1440,18,108,pdqm-5(301),pdqm-133(324),,,direct,direct,pdqm-5(301); pdqm-133(324),tg(pdqm-5)301; tg(pdqm-133)324,sg; scarlet3,membrane; histone,sg; scarlet3
Korra_Foundation/20251020_mem-histone/fish1_72hpf_roi4,direct_67,tg(pdqm-5)301; tg(pdqm-133)324,tdmSG-2xLynk(N); tdmScarlet3-H2B(C),tdmSG-membrane; tdmScarlet3-histone,membrane; histone,sg; scarlet3,DH,10/17/25,,3114,1548,1440,18,108,pdqm-5(301),pdqm-133(324),,,direct,direct,pdqm-5(301); pdqm-133(324),tg(pdqm-5)301; tg(pdqm-133)324,sg; scarlet3,membrane; histone,sg; scarlet3
Korra_Foundation/20251020_mem-histone/fish1_72hpf_roi5,direct_67,tg(pdqm-5)301; tg(pdqm-133)324,tdmSG-2xLynk(N); tdmScarlet3-H2B(C),tdmSG-membrane; tdmScarlet3-histone,membrane; histone,sg; scarlet3,DH,10/17/25,,3114,1548,1440,18,108,pdqm-5(301),pdqm-133(324),,,direct,direct,pdqm-5(301); pdqm-133(324),tg(pdqm-5)301; tg(pdqm-133)324,sg; scarlet3,membrane; histone,sg; scarlet3
Korra_Foundation/20251020_mem-histone/fish2_72hpf_roi1,direct_67,tg(pdqm-5)301; tg(pdqm-133)324,tdmSG-2xLynk(N); tdmScarlet3-H2B(C),tdmSG-membrane; tdmScarlet3-histone,membrane; histone,sg; scarlet3,DH,10/17/25,,3114,1548,1440,18,108,pdqm-5(301),pdqm-133(324),,,direct,direct,pdqm-5(301); pdqm-133(324),tg(pdqm-5)301; tg(pdqm-133)324,sg; scarlet3,membrane; histone,sg; scarlet3
Korra_Foundation/20251020_mem-histone/fish2_72hpf_roi2,direct_67,tg(pdqm-5)301; tg(pdqm-133)324,tdmSG-2xLynk(N); tdmScarlet3-H2B(C),tdmSG-membrane; tdmScarlet3-histone,membrane; histone,sg; scarlet3,DH,10/17/25,,3114,1548,1440,18,108,pdqm-5(301),pdqm-133(324),,,direct,direct,pdqm-5(301); pdqm-133(324),tg(pdqm-5)301; tg(pdqm-133)324,sg; scarlet3,membrane; histone,sg; scarlet3
Korra_Foundation/20251020_mem-histone/fish2_72hpf_roi3,direct_67,tg(pdqm-5)301; tg(pdqm-133)324,tdmSG-2xLynk(N); tdmScarlet3-H2B(C),tdmSG-membrane; tdmScarlet3-histone,membrane; histone,sg; scarlet3,DH,10/17/25,,338,160,52,18,108,pdqm-5(301),pdqm-133(324),,,direct,direct,pdqm-5(301); pdqm-133(324),tg(pdqm-5)301; tg(pdqm-133)324,sg; scarlet3,membrane; histone,sg; scarlet3
Korra_Foundation/20251022_mem-histone/fish1_24hpf_roi2,direct_61,tg(pdqm-5)302; tg(pdqm-133)324,tdmSG-2xLynk(N); tdmScarlet3-H2B(C),tdmSG-membrane; tdmScarlet3-histone,membrane; histone,sg; scarlet3,DH,10/21/25,,3114,1548,1440,18,108,pdqm-5(302),pdqm-133(324),,,direct,direct,pdqm-5(302); pdqm-133(324),tg(pdqm-5)302; tg(pdqm-133)324,sg; scarlet3,membrane; histone,sg; scarlet3
Korra_Foundation/20251022_mem-histone/fish1_24hpf_roi3,direct_61,tg(pdqm-5)302; tg(pdqm-133)324,tdmSG-2xLynk(N); tdmScarlet3-H2B(C),tdmSG-membrane; tdmScarlet3-histone,membrane; histone,sg; scarlet3,DH,10/21/25,,3114,1548,1440,18,108,pdqm-5(302),pdqm-133(324),,,direct,direct,pdqm-5(302); pdqm-133(324),tg(pdqm-5)302; tg(pdqm-133)324,sg; scarlet3,membrane; histone,sg; scarlet3
Korra_Foundation/20251022_mem-histone/fish2_24hpf_roi1,direct_61,tg(pdqm-5)302; tg(pdqm-133)324,tdmSG-2xLynk(N); tdmScarlet3-H2B(C),tdmSG-membrane; tdmScarlet3-histone,membrane; histone,sg; scarlet3,DH,10/21/25,,3114,1548,1440,18,108,pdqm-5(302),pdqm-133(324),,,direct,direct,pdqm-5(302); pdqm-133(324),tg(pdqm-5)302; tg(pdqm-133)324,sg; scarlet3,membrane; histone,sg; scarlet3
Korra_Foundation/20251022_mem-histone/fish2_24hpf_roi2,direct_61,tg(pdqm-5)302; tg(pdqm-133)324,tdmSG-2xLynk(N); tdmScarlet3-H2B(C),tdmSG-membrane; tdmScarlet3-histone,membrane; histone,sg; scarlet3,DH,10/21/25,,3114,1548,1440,18,108,pdqm-5(302),pdqm-133(324),,,direct,direct,pdqm-5(302); pdqm-133(324),tg(pdqm-5)302; tg(pdqm-133)324,sg; scarlet3,membrane; histone,sg; scarlet3
Korra_Foundation/20251022_mem-histone/fish2_24hpf_roi3,direct_61,tg(pdqm-5)302; tg(pdqm-133)324,tdmSG-2xLynk(N); tdmScarlet3-H2B(C),tdmSG-membrane; tdmScarlet3-histone,membrane; histone,sg; scarlet3,DH,10/21/25,,3114,1548,1440,18,108,pdqm-5(302),pdqm-133(324),,,direct,direct,pdqm-5(302); pdqm-133(324),tg(pdqm-5)302; tg(pdqm-133)324,sg; scarlet3,membrane; histone,sg; scarlet3
Korra_Foundation/20251022_mem-histone/fish3_24hpf_roi1,direct_61,tg(pdqm-5)302; tg(pdqm-133)324,tdmSG-2xLynk(N); tdmScarlet3-H2B(C),tdmSG-membrane; tdmScarlet3-histone,membrane; histone,sg; scarlet3,DH,10/21/25,,3114,1548,1440,18,108,pdqm-5(302),pdqm-133(324),,,direct,direct,pdqm-5(302); pdqm-133(324),tg(pdqm-5)302; tg(pdqm-133)324,sg; scarlet3,membrane; histone,sg; scarlet3
Korra_Foundation/20251022_mem-histone/fish3_24hpf_roi2,direct_61,tg(pdqm-5)302; tg(pdqm-133)324,tdmSG-2xLynk(N); tdmScarlet3-H2B(C),tdmSG-membrane; tdmScarlet3-histone,membrane; histone,sg; scarlet3,DH,10/21/25,,3114,1548,1440,18,108,pdqm-5(302),pdqm-133(324),,,direct,direct,pdqm-5(302); pdqm-133(324),tg(pdqm-5)302; tg(pdqm-133)324,sg; scarlet3,membrane; histone,sg; scarlet3
Korra_Foundation/20251022_mem-histone/fish4_24hpf_roi1,direct_61,tg(pdqm-5)302; tg(pdqm-133)324,tdmSG-2xLynk(N); tdmScarlet3-H2B(C),tdmSG-membrane; tdmScarlet3-histone,membrane; histone,sg; scarlet3,DH,10/21/25,,3114,1548,1440,18,108,pdqm-5(302),pdqm-133(324),,,direct,direct,pdqm-5(302); pdqm-133(324),tg(pdqm-5)302; tg(pdqm-133)324,sg; scarlet3,membrane; histone,sg; scarlet3
Korra_Foundation/20251022_mem-histone/fish4_24hpf_roi2,direct_61,tg(pdqm-5)302; tg(pdqm-133)324,tdmSG-2xLynk(N); tdmScarlet3-H2B(C),tdmSG-membrane; tdmScarlet3-histone,membrane; histone,sg; scarlet3,DH,10/21/25,,3114,1548,1440,18,108,pdqm-5(302),pdqm-133(324),,,direct,direct,pdqm-5(302); pdqm-133(324),tg(pdqm-5)302; tg(pdqm-133)324,sg; scarlet3,membrane; histone,sg; scarlet3
Korra_Foundation/20251022_mem-histone/fish4_24hpf_roi3,direct_61,tg(pdqm-5)302; tg(pdqm-133)324,tdmSG-2xLynk(N); tdmScarlet3-H2B(C),tdmSG-membrane; tdmScarlet3-histone,membrane; histone,sg; scarlet3,DH,10/21/25,,3114,1548,1440,18,108,pdqm-5(302),pdqm-133(324),,,direct,direct,pdqm-5(302); pdqm-133(324),tg(pdqm-5)302; tg(pdqm-133)324,sg; scarlet3,membrane; histone,sg; scarlet3
Korra_Foundation/20251024_mem-histone/fish2_72hpf_roi1,direct_59,tg(pdqm-5)302; tg(pdqm-133)324,tdmSG-2xLynk(N); tdmScarlet3-H2B(C),tdmSG-membrane; tdmScarlet3-histone,membrane; histone,sg; scarlet3,DH,10/21/25,,3114,1548,1440,18,108,pdqm-5(302),pdqm-133(324),,,direct,direct,pdqm-5(302); pdqm-133(324),tg(pdqm-5)302; tg(pdqm-133)324,sg; scarlet3,membrane; histone,sg; scarlet3
Korra_Foundation/20251024_mem-histone/fish2_72hpf_roi2,direct_59,tg(pdqm-5)302; tg(pdqm-133)324,tdmSG-2xLynk(N); tdmScarlet3-H2B(C),tdmSG-membrane; tdmScarlet3-histone,membrane; histone,sg; scarlet3,DH,10/21/25,,3114,1548,1440,18,108,pdqm-5(302),pdqm-133(324),,,direct,direct,pdqm-5(302); pdqm-133(324),tg(pdqm-5)302; tg(pdqm-133)324,sg; scarlet3,membrane; histone,sg; scarlet3
Korra_Foundation/20251024_mem-histone/fish2_72hpf_roi3,direct_59,tg(pdqm-5)302; tg(pdqm-133)324,tdmSG-2xLynk(N); tdmScarlet3-H2B(C),tdmSG-membrane; tdmScarlet3-histone,membrane; histone,sg; scarlet3,DH,10/21/25,,3114,1548,1440,18,108,pdqm-5(302),pdqm-133(324),,,direct,direct,pdqm-5(302); pdqm-133(324),tg(pdqm-5)302; tg(pdqm-133)324,sg; scarlet3,membrane; histone,sg; scarlet3
Korra_Foundation/20251024_mem-histone/fish3_72hpf_roi1,direct_59,tg(pdqm-5)302; tg(pdqm-133)324,tdmSG-2xLynk(N); tdmScarlet3-H2B(C),tdmSG-membrane; tdmScarlet3-histone,membrane; histone,sg; scarlet3,DH,10/21/25,,3114,1548,1440,18,108,pdqm-5(302),pdqm-133(324),,,direct,direct,pdqm-5(302); pdqm-133(324),tg(pdqm-5)302; tg(pdqm-133)324,sg; scarlet3,membrane; histone,sg; scarlet3
Korra_Foundation/20251024_mem-histone/fish3_72hpf_roi2,direct_59,tg(pdqm-5)302; tg(pdqm-133)324,tdmSG-2xLynk(N); tdmScarlet3-H2B(C),tdmSG-membrane; tdmScarlet3-histone,membrane; histone,sg; scarlet3,DH,10/21/25,,3114,1548,1440,18,108,pdqm-5(302),pdqm-133(324),,,direct,direct,pdqm-5(302); pdqm-133(324),tg(pdqm-5)302; tg(pdqm-133)324,sg; scarlet3,membrane; histone,sg; scarlet3
Korra_Foundation/20251024_mem-histone/fish3_72hpf_roi3,direct_59,tg(pdqm-5)302; tg(pdqm-133)324,tdmSG-2xLynk(N); tdmScarlet3-H2B(C),tdmSG-membrane; tdmScarlet3-histone,membrane; histone,sg; scarlet3,DH,10/21/25,,3114,1548,1440,18,108,pdqm-5(302),pdqm-133(324),,,direct,direct,pdqm-5(302); pdqm-133(324),tg(pdqm-5)302; tg(pdqm-133)324,sg; scarlet3,membrane; histone,sg; scarlet3
Korra_Foundation/20251024_mem-histone/fish3_72hpf_roi4,direct_59,tg(pdqm-5)302; tg(pdqm-133)324,tdmSG-2xLynk(N); tdmScarlet3-H2B(C),tdmSG-membrane; tdmScarlet3-histone,membrane; histone,sg; scarlet3,DH,10/21/25,,3114,1548,1440,18,108,pdqm-5(302),pdqm-133(324),,,direct,direct,pdqm-5(302); pdqm-133(324),tg(pdqm-5)302; tg(pdqm-133)324,sg; scarlet3,membrane; histone,sg; scarlet3
Korra_Foundation/20251024_mem-histone/fish3_72hpf_roi5,direct_59,tg(pdqm-5)302; tg(pdqm-133)324,tdmSG-2xLynk(N); tdmScarlet3-H2B(C),tdmSG-membrane; tdmScarlet3-histone,membrane; histone,sg; scarlet3,DH,10/21/25,,3114,1548,1440,18,108,pdqm-5(302),pdqm-133(324),,,direct,direct,pdqm-5(302); pdqm-133(324),tg(pdqm-5)302; tg(pdqm-133)324,sg; scarlet3,membrane; histone,sg; scarlet3
Korra_Foundation/20251027_mem-histone/fish3_72hpf_roi1,direct_55,tg(pdqm-5)302; tg(pdqm-133)324,tdmSG-2xLynk(N); tdmScarlet3-H2B(C),tdmSG-membrane; tdmScarlet3-histone,membrane; histone,sg; scarlet3,DH,10/21/25,,3114,1548,1440,18,108,pdqm-5(302),pdqm-133(324),,,direct,direct,pdqm-5(302); pdqm-133(324),tg(pdqm-5)302; tg(pdqm-133)324,sg; scarlet3,membrane; histone,sg; scarlet3
Korra_Foundation/20251027_mem-histone/fish3_72hpf_roi2,direct_55,tg(pdqm-5)302; tg(pdqm-133)324,tdmSG-2xLynk(N); tdmScarlet3-H2B(C),tdmSG-membrane; tdmScarlet3-histone,membrane; histone,sg; scarlet3,DH,10/21/25,,3114,1548,1440,18,108,pdqm-5(302),pdqm-133(324),,,direct,direct,pdqm-5(302); pdqm-133(324),tg(pdqm-5)302; tg(pdqm-133)324,sg; scarlet3,membrane; histone,sg; scarlet3
Korra_Foundation/20251027_mem-histone/fish3_72hpf_roi3,direct_55,tg(pdqm-5)302; tg(pdqm-133)324,tdmSG-2xLynk(N); tdmScarlet3-H2B(C),tdmSG-membrane; tdmScarlet3-histone,membrane; histone,sg; scarlet3,DH,10/21/25,,3114,1548,1440,18,108,pdqm-5(302),pdqm-133(324),,,direct,direct,pdqm-5(302); pdqm-133(324),tg(pdqm-5)302; tg(pdqm-133)324,sg; scarlet3,membrane; histone,sg; scarlet3
Korra_Foundation/20251027_mem-histone/fish3_72hpf_roi4,direct_55,tg(pdqm-5)302; tg(pdqm-133)324,tdmSG-2xLynk(N); tdmScarlet3-H2B(C),tdmSG-membrane; tdmScarlet3-histone,membrane; histone,sg; scarlet3,DH,10/21/25,,3114,1548,1440,18,108,pdqm-5(302),pdqm-133(324),,,direct,direct,pdqm-5(302); pdqm-133(324),tg(pdqm-5)302; tg(pdqm-133)324,sg; scarlet3,membrane; histone,sg; scarlet3
Korra_Foundation/20251029_mem-histone/fish2_24hpf_roi1,direct_50,rna(mgco-1) > tg(pdqm-5)302; tg(pdqm-133)324,rna(mStayGold-2Xcox8A(N)) > tdmSG-2xLynk(N); tdmScarlet3-H2B(C),rna(mStayGold-mitochondria) > tdmSG-membrane; tdmScarlet3-histone,mitochondria; membrane; histone,staygold; sg; scarlet3,DH,10/28/25,,3114,1548,1440,18,108,pdqm-5(302),pdqm-133(324),,mgco-1,direct,direct,pdqm-5(302); pdqm-133(324),rna(mgco-1) > tg(pdqm-5)302; tg(pdqm-133)324,staygold; sg; scarlet3,rna(mitochondria) > membrane; histone,rna(staygold) > sg; scarlet3
Korra_Foundation/20251029_mem-histone/fish3_24hpf_roi1,direct_50,rna(mgco-1) > tg(pdqm-5)302; tg(pdqm-133)324,rna(mStayGold-2Xcox8A(N)) > tdmSG-2xLynk(N); tdmScarlet3-H2B(C),rna(mStayGold-mitochondria) > tdmSG-membrane; tdmScarlet3-histone,mitochondria; membrane; histone,staygold; sg; scarlet3,DH,10/28/25,,3114,1548,1440,18,108,pdqm-5(302),pdqm-133(324),,mgco-1,direct,direct,pdqm-5(302); pdqm-133(324),rna(mgco-1) > tg(pdqm-5)302; tg(pdqm-133)324,staygold; sg; scarlet3,rna(mitochondria) > membrane; histone,rna(staygold) > sg; scarlet3
Korra_Foundation/20251029_mem-histone/fish5_24hpf_roi1,direct_50,rna(mgco-1) > tg(pdqm-5)302; tg(pdqm-133)324,rna(mStayGold-2Xcox8A(N)) > tdmSG-2xLynk(N); tdmScarlet3-H2B(C),rna(mStayGold-mitochondria) > tdmSG-membrane; tdmScarlet3-histone,mitochondria; membrane; histone,staygold; sg; scarlet3,DH,10/28/25,,3114,1548,1440,18,108,pdqm-5(302),pdqm-133(324),,mgco-1,direct,direct,pdqm-5(302); pdqm-133(324),rna(mgco-1) > tg(pdqm-5)302; tg(pdqm-133)324,staygold; sg; scarlet3,rna(mitochondria) > membrane; histone,rna(staygold) > sg; scarlet3
Korra_Foundation/20251029_mem-histone/fish5_24hpf_roi2,direct_50,rna(mgco-1) > tg(pdqm-5)302; tg(pdqm-133)324,rna(mStayGold-2Xcox8A(N)) > tdmSG-2xLynk(N); tdmScarlet3-H2B(C),rna(mStayGold-mitochondria) > tdmSG-membrane; tdmScarlet3-histone,mitochondria; membrane; histone,staygold; sg; scarlet3,DH,10/28/25,,3114,1548,1440,18,108,pdqm-5(302),pdqm-133(324),,mgco-1,direct,direct,pdqm-5(302); pdqm-133(324),rna(mgco-1) > tg(pdqm-5)302; tg(pdqm-133)324,staygold; sg; scarlet3,rna(mitochondria) > membrane; histone,rna(staygold) > sg; scarlet3
Korra_Foundation/20251106_mem-mito/fish1_48hpf_roi1,direct_49,rna(mgco-1) > tg(pdqm-82)315,rna(mStayGold-2Xcox8A(N)) > tdmChilada-2xLynk(N),rna(mStayGold-mitochondria) > tdmChilada-membrane,mitochondria; membrane,staygold; chilada,DH,11/4/25,,827,412,384,4,27,,pdqm-82(315),,mgco-1,direct,direct,pdqm-82(315),rna(mgco-1) > tg(pdqm-82)315,staygold; chilada,rna(mitochondria) > membrane,rna(staygold) > chilada
Korra_Foundation/20251106_mem-mito/fish1_48hpf_roi2,direct_49,rna(mgco-1) > tg(pdqm-82)315,rna(mStayGold-2Xcox8A(N)) > tdmChilada-2xLynk(N),rna(mStayGold-mitochondria) > tdmChilada-membrane,mitochondria; membrane,staygold; chilada,DH,11/4/25,,820,408,384,4,24,,pdqm-82(315),,mgco-1,direct,direct,pdqm-82(315),rna(mgco-1) > tg(pdqm-82)315,staygold; chilada,rna(mitochondria) > membrane,rna(staygold) > chilada
Korra_Foundation/20251106_mem-mito/fish1_48hpf_roi3,direct_49,rna(mgco-1) > tg(pdqm-82)315,rna(mStayGold-2Xcox8A(N)) > tdmChilada-2xLynk(N),rna(mStayGold-mitochondria) > tdmChilada-membrane,mitochondria; membrane,staygold; chilada,DH,11/4/25,,820,408,384,4,24,,pdqm-82(315),,mgco-1,direct,direct,pdqm-82(315),rna(mgco-1) > tg(pdqm-82)315,staygold; chilada,rna(mitochondria) > membrane,rna(staygold) > chilada
Korra_Foundation/20251106_mem-mito/fish1_48hpf_roi4,direct_49,rna(mgco-1) > tg(pdqm-82)315,rna(mStayGold-2Xcox8A(N)) > tdmChilada-2xLynk(N),rna(mStayGold-mitochondria) > tdmChilada-membrane,mitochondria; membrane,staygold; chilada,DH,11/4/25,,820,408,384,4,24,,pdqm-82(315),,mgco-1,direct,direct,pdqm-82(315),rna(mgco-1) > tg(pdqm-82)315,staygold; chilada,rna(mitochondria) > membrane,rna(staygold) > chilada
Korra_Foundation/20251106_mem-mito/fish1_48hpf_roi5,direct_49,rna(mgco-1) > tg(pdqm-82)315,rna(mStayGold-2Xcox8A(N)) > tdmChilada-2xLynk(N),rna(mStayGold-mitochondria) > tdmChilada-membrane,mitochondria; membrane,staygold; chilada,DH,11/4/25,,820,408,384,4,24,,pdqm-82(315),,mgco-1,direct,direct,pdqm-82(315),rna(mgco-1) > tg(pdqm-82)315,staygold; chilada,rna(mitochondria) > membrane,rna(staygold) > chilada
Korra_Foundation/20251106_mem-mito/fish2_48hpf_roi1,direct_49,rna(mgco-1) > tg(pdqm-82)315,rna(mStayGold-2Xcox8A(N)) > tdmChilada-2xLynk(N),rna(mStayGold-mitochondria) > tdmChilada-membrane,mitochondria; membrane,staygold; chilada,DH,11/4/25,,1076,536,512,4,24,,pdqm-82(315),,mgco-1,direct,direct,pdqm-82(315),rna(mgco-1) > tg(pdqm-82)315,staygold; chilada,rna(mitochondria) > membrane,rna(staygold) > chilada
Korra_Foundation/20251106_mem-mito/fish2_48hpf_roi2,direct_49,rna(mgco-1) > tg(pdqm-82)315,rna(mStayGold-2Xcox8A(N)) > tdmChilada-2xLynk(N),rna(mStayGold-mitochondria) > tdmChilada-membrane,mitochondria; membrane,staygold; chilada,DH,11/4/25,,1076,536,512,4,24,,pdqm-82(315),,mgco-1,direct,direct,pdqm-82(315),rna(mgco-1) > tg(pdqm-82)315,staygold; chilada,rna(mitochondria) > membrane,rna(staygold) > chilada
Korra_Foundation/20251106_mem-mito/fish2_48hpf_roi3,direct_49,rna(mgco-1) > tg(pdqm-82)315,rna(mStayGold-2Xcox8A(N)) > tdmChilada-2xLynk(N),rna(mStayGold-mitochondria) > tdmChilada-membrane,mitochondria; membrane,staygold; chilada,DH,11/4/25,,1076,536,512,4,24,,pdqm-82(315),,mgco-1,direct,direct,pdqm-82(315),rna(mgco-1) > tg(pdqm-82)315,staygold; chilada,rna(mitochondria) > membrane,rna(staygold) > chilada
Korra_Foundation/20251106_mem-mito/fish2_48hpf_roi4,direct_49,rna(mgco-1) > tg(pdqm-82)315,rna(mStayGold-2Xcox8A(N)) > tdmChilada-2xLynk(N),rna(mStayGold-mitochondria) > tdmChilada-membrane,mitochondria; membrane,staygold; chilada,DH,11/4/25,,1076,536,512,4,24,,pdqm-82(315),,mgco-1,direct,direct,pdqm-82(315),rna(mgco-1) > tg(pdqm-82)315,staygold; chilada,rna(mitochondria) > membrane,rna(staygold) > chilada
Korra_Foundation/20251106_mem-mito/fish2_48hpf_roi5,direct_49,rna(mgco-1) > tg(pdqm-82)315,rna(mStayGold-2Xcox8A(N)) > tdmChilada-2xLynk(N),rna(mStayGold-mitochondria) > tdmChilada-membrane,mitochondria; membrane,staygold; chilada,DH,11/4/25,,1076,536,512,4,24,,pdqm-82(315),,mgco-1,direct,direct,pdqm-82(315),rna(mgco-1) > tg(pdqm-82)315,staygold; chilada,rna(mitochondria) > membrane,rna(staygold) > chilada
Korra_Foundation/20251107_mem-centrioles/fish2_72hpf_roi1,manual_18,rna(mgco-58),rna(mStayGold-centrin2(C)),rna(mStayGold-Centrioles),Centrioles,staygold,,,,26,13,0,0,13,,,,mgco-58,direct_by_clue_map,manual,,rna(mgco-58),staygold,rna(Centrioles),rna(staygold)
Korra_Foundation/20251110_mem-histone/fish1_48hpf_roi1,direct_46,tg(pdqm-5)301; tg(pdqm-133)324,tdmSG-2xLynk(N); tdmScarlet3-H2B(C),tdmSG-membrane; tdmScarlet3-histone,membrane; histone,sg; scarlet3,DH,11/8/25,,142,66,6,10,60,pdqm-5(301),pdqm-133(324),,,direct,direct,pdqm-5(301); pdqm-133(324),tg(pdqm-5)301; tg(pdqm-133)324,sg; scarlet3,membrane; histone,sg; scarlet3
Korra_Foundation/20251110_mem-histone/fish1_48hpf_roi2,direct_46,tg(pdqm-5)301; tg(pdqm-133)324,tdmSG-2xLynk(N); tdmScarlet3-H2B(C),tdmSG-membrane; tdmScarlet3-histone,membrane; histone,sg; scarlet3,DH,11/8/25,,2076,1032,960,12,72,pdqm-5(301),pdqm-133(324),,,direct,direct,pdqm-5(301); pdqm-133(324),tg(pdqm-5)301; tg(pdqm-133)324,sg; scarlet3,membrane; histone,sg; scarlet3
Korra_Foundation/20251110_mem-histone/fish2_48hpf_roi1,direct_46,tg(pdqm-5)301; tg(pdqm-133)324,tdmSG-2xLynk(N); tdmScarlet3-H2B(C),tdmSG-membrane; tdmScarlet3-histone,membrane; histone,sg; scarlet3,DH,11/8/25,,324,150,6,24,144,pdqm-5(301),pdqm-133(324),,,direct,direct,pdqm-5(301); pdqm-133(324),tg(pdqm-5)301; tg(pdqm-133)324,sg; scarlet3,membrane; histone,sg; scarlet3
Korra_Foundation/20251110_mem-histone/fish2_48hpf_roi1-2,direct_46,tg(pdqm-5)301; tg(pdqm-133)324,tdmSG-2xLynk(N); tdmScarlet3-H2B(C),tdmSG-membrane; tdmScarlet3-histone,membrane; histone,sg; scarlet3,DH,11/8/25,,7740,3720,1920,300,1800,pdqm-5(301),pdqm-133(324),,,direct,direct,pdqm-5(301); pdqm-133(324),tg(pdqm-5)301; tg(pdqm-133)324,sg; scarlet3,membrane; histone,sg; scarlet3
Korra_Foundation/20251110_mem-histone/fish3_48hpf_roi1,direct_46,tg(pdqm-5)301; tg(pdqm-133)324,tdmSG-2xLynk(N); tdmScarlet3-H2B(C),tdmSG-membrane; tdmScarlet3-histone,membrane; histone,sg; scarlet3,DH,11/8/25,,18980,9120,4680,740,4440,pdqm-5(301),pdqm-133(324),,,direct,direct,pdqm-5(301); pdqm-133(324),tg(pdqm-5)301; tg(pdqm-133)324,sg; scarlet3,membrane; histone,sg; scarlet3
Korra_Foundation/20251110_mem-histone/fish4_48hpf_roi1,direct_46,tg(pdqm-5)301; tg(pdqm-133)324,tdmSG-2xLynk(N); tdmScarlet3-H2B(C),tdmSG-membrane; tdmScarlet3-histone,membrane; histone,sg; scarlet3,DH,11/8/25,,856,400,72,48,336,pdqm-5(301),pdqm-133(324),,,direct,direct,pdqm-5(301); pdqm-133(324),tg(pdqm-5)301; tg(pdqm-133)324,sg; scarlet3,membrane; histone,sg; scarlet3
Korra_Foundation/20251112_mem-mito/fish2_48hpf_roi1,direct_43,plasmid(mgco-1) > tg(pdqm-136)325,plasmid(mStayGold-2Xcox8A(N)) > tdmScarlet3-2xLynk(N),plasmid(mStayGold-mitochondria) > tdmScarlet3-membrane,mitochondria; membrane,staygold; scarlet3,DH,11/10/25,,1384,688,640,8,48,,pdqm-136(325),mgco-1,,direct,direct,pdqm-136(325),plasmid(mgco-1) > tg(pdqm-136)325,staygold; scarlet3,plasmid(mitochondria) > membrane,plasmid(staygold) > scarlet3
Korra_Foundation/20251112_mem-mito/fish2_48hpf_roi2,direct_43,plasmid(mgco-1) > tg(pdqm-136)325,plasmid(mStayGold-2Xcox8A(N)) > tdmScarlet3-2xLynk(N),plasmid(mStayGold-mitochondria) > tdmScarlet3-membrane,mitochondria; membrane,staygold; scarlet3,DH,11/10/25,,1384,688,640,8,48,,pdqm-136(325),mgco-1,,direct,direct,pdqm-136(325),plasmid(mgco-1) > tg(pdqm-136)325,staygold; scarlet3,plasmid(mitochondria) > membrane,plasmid(staygold) > scarlet3
Korra_Foundation/20251112_mem-mito/fish2_48hpf_roi3,direct_43,plasmid(mgco-1) > tg(pdqm-136)325,plasmid(mStayGold-2Xcox8A(N)) > tdmScarlet3-2xLynk(N),plasmid(mStayGold-mitochondria) > tdmScarlet3-membrane,mitochondria; membrane,staygold; scarlet3,DH,11/10/25,,1402,697,640,8,57,,pdqm-136(325),mgco-1,,direct,direct,pdqm-136(325),plasmid(mgco-1) > tg(pdqm-136)325,staygold; scarlet3,plasmid(mitochondria) > membrane,plasmid(staygold) > scarlet3
Korra_Foundation/20251112_mem-mito/fish3_48hpf_roi1,direct_43,plasmid(mgco-1) > tg(pdqm-136)325,plasmid(mStayGold-2Xcox8A(N)) > tdmScarlet3-2xLynk(N),plasmid(mStayGold-mitochondria) > tdmScarlet3-membrane,mitochondria; membrane,staygold; scarlet3,DH,11/10/25,,1324,660,640,0,24,,pdqm-136(325),mgco-1,,direct,direct,pdqm-136(325),plasmid(mgco-1) > tg(pdqm-136)325,staygold; scarlet3,plasmid(mitochondria) > membrane,plasmid(staygold) > scarlet3
Korra_Foundation/20251112_mem-mito/fish3_48hpf_roi2,direct_43,plasmid(mgco-1) > tg(pdqm-136)325,plasmid(mStayGold-2Xcox8A(N)) > tdmScarlet3-2xLynk(N),plasmid(mStayGold-mitochondria) > tdmScarlet3-membrane,mitochondria; membrane,staygold; scarlet3,DH,11/10/25,,1324,660,640,0,24,,pdqm-136(325),mgco-1,,direct,direct,pdqm-136(325),plasmid(mgco-1) > tg(pdqm-136)325,staygold; scarlet3,plasmid(mitochondria) > membrane,plasmid(staygold) > scarlet3
Korra_Foundation/20251112_mem-mito/fish3_48hpf_roi3,direct_43,plasmid(mgco-1) > tg(pdqm-136)325,plasmid(mStayGold-2Xcox8A(N)) > tdmScarlet3-2xLynk(N),plasmid(mStayGold-mitochondria) > tdmScarlet3-membrane,mitochondria; membrane,staygold; scarlet3,DH,11/10/25,,1324,660,640,0,24,,pdqm-136(325),mgco-1,,direct,direct,pdqm-136(325),plasmid(mgco-1) > tg(pdqm-136)325,staygold; scarlet3,plasmid(mitochondria) > membrane,plasmid(staygold) > scarlet3
Korra_Foundation/20251112_mem-mito/fish3_48hpf_roi4,direct_43,plasmid(mgco-1) > tg(pdqm-136)325,plasmid(mStayGold-2Xcox8A(N)) > tdmScarlet3-2xLynk(N),plasmid(mStayGold-mitochondria) > tdmScarlet3-membrane,mitochondria; membrane,staygold; scarlet3,DH,11/10/25,,1324,660,640,0,24,,pdqm-136(325),mgco-1,,direct,direct,pdqm-136(325),plasmid(mgco-1) > tg(pdqm-136)325,staygold; scarlet3,plasmid(mitochondria) > membrane,plasmid(staygold) > scarlet3
Korra_Foundation/20251112_mem-mito/fish4_48hpf_roi1,direct_43,plasmid(mgco-1) > tg(pdqm-136)325,plasmid(mStayGold-2Xcox8A(N)) > tdmScarlet3-2xLynk(N),plasmid(mStayGold-mitochondria) > tdmScarlet3-membrane,mitochondria; membrane,staygold; scarlet3,DH,11/10/25,,1324,660,640,0,24,,pdqm-136(325),mgco-1,,direct,direct,pdqm-136(325),plasmid(mgco-1) > tg(pdqm-136)325,staygold; scarlet3,plasmid(mitochondria) > membrane,plasmid(staygold) > scarlet3
Korra_Foundation/20251112_mem-mito/fish4_48hpf_roi2,direct_43,plasmid(mgco-1) > tg(pdqm-136)325,plasmid(mStayGold-2Xcox8A(N)) > tdmScarlet3-2xLynk(N),plasmid(mStayGold-mitochondria) > tdmScarlet3-membrane,mitochondria; membrane,staygold; scarlet3,DH,11/10/25,,1324,660,640,0,24,,pdqm-136(325),mgco-1,,direct,direct,pdqm-136(325),plasmid(mgco-1) > tg(pdqm-136)325,staygold; scarlet3,plasmid(mitochondria) > membrane,plasmid(staygold) > scarlet3
Korra_Foundation/20251112_mem-mito/fish4_48hpf_roi3,direct_43,plasmid(mgco-1) > tg(pdqm-136)325,plasmid(mStayGold-2Xcox8A(N)) > tdmScarlet3-2xLynk(N),plasmid(mStayGold-mitochondria) > tdmScarlet3-membrane,mitochondria; membrane,staygold; scarlet3,DH,11/10/25,,1324,660,640,0,24,,pdqm-136(325),mgco-1,,direct,direct,pdqm-136(325),plasmid(mgco-1) > tg(pdqm-136)325,staygold; scarlet3,plasmid(mitochondria) > membrane,plasmid(staygold) > scarlet3
Korra_Foundation/20251113_mem-histone/fish1_120hpf_roi1,direct_42,tg(pdqm-5)301; tg(pdqm-133)324,tdmSG-2xLynk(N); tdmScarlet3-H2B(C),tdmSG-membrane; tdmScarlet3-histone,membrane; histone,sg; scarlet3,DH,11/8/25,,3042,1439,780,164,659,pdqm-5(301),pdqm-133(324),,,direct,direct,pdqm-5(301); pdqm-133(324),tg(pdqm-5)301; tg(pdqm-133)324,sg; scarlet3,membrane; histone,sg; scarlet3
Korra_Foundation/20251113_mem-histone/fish2_120hpf_roi1,direct_42,tg(pdqm-5)301; tg(pdqm-133)324,tdmSG-2xLynk(N); tdmScarlet3-H2B(C),tdmSG-membrane; tdmScarlet3-histone,membrane; histone,sg; scarlet3,DH,11/8/25,,14461,6866,3950,729,2916,pdqm-5(301),pdqm-133(324),,,direct,direct,pdqm-5(301); pdqm-133(324),tg(pdqm-5)301; tg(pdqm-133)324,sg; scarlet3,membrane; histone,sg; scarlet3
Korra_Foundation/20251114_mem-mito_mount1/fish1_24hpf_roi1,manual_5,rna(mgco-1) > tg(pdqm-82)315,rna(mStayGold-2Xcox8A(N)) > tdmChilada-2xLynk(N),rna(mStayGold-mitochondria) > tdmChilada-membrane,mitochondria; membrane,staygold; chilada,,,,1145,569,524,4,48,pdqm-82,,,mgco-1,direct_by_clue_map,manual,pdqm-82,rna(mgco-1) > tg(pdqm-82)315,staygold; chilada,rna(mitochondria) > membrane,rna(staygold) > chilada
Korra_Foundation/20251114_mem-mito_mount1/fish1_24hpf_roi2,manual_5,rna(mgco-1) > tg(pdqm-82)315,rna(mStayGold-2Xcox8A(N)) > tdmChilada-2xLynk(N),rna(mStayGold-mitochondria) > tdmChilada-membrane,mitochondria; membrane,staygold; chilada,,,,1076,536,512,4,24,pdqm-82,,,mgco-1,direct_by_clue_map,manual,pdqm-82,rna(mgco-1) > tg(pdqm-82)315,staygold; chilada,rna(mitochondria) > membrane,rna(staygold) > chilada
Korra_Foundation/20251114_mem-mito_mount1/fish2_24hpf_roi1,manual_5,rna(mgco-1) > tg(pdqm-82)315,rna(mStayGold-2Xcox8A(N)) > tdmChilada-2xLynk(N),rna(mStayGold-mitochondria) > tdmChilada-membrane,mitochondria; membrane,staygold; chilada,,,,1076,536,512,4,24,pdqm-82,,,mgco-1,direct_by_clue_map,manual,pdqm-82,rna(mgco-1) > tg(pdqm-82)315,staygold; chilada,rna(mitochondria) > membrane,rna(staygold) > chilada
Korra_Foundation/20251114_mem-mito_mount1/fish2_24hpf_roi2,manual_5,rna(mgco-1) > tg(pdqm-82)315,rna(mStayGold-2Xcox8A(N)) > tdmChilada-2xLynk(N),rna(mStayGold-mitochondria) > tdmChilada-membrane,mitochondria; membrane,staygold; chilada,,,,1076,536,512,4,24,pdqm-82,,,mgco-1,direct_by_clue_map,manual,pdqm-82,rna(mgco-1) > tg(pdqm-82)315,staygold; chilada,rna(mitochondria) > membrane,rna(staygold) > chilada
Korra_Foundation/20251114_mem-mito_mount1/fish2_24hpf_roi3,manual_5,rna(mgco-1) > tg(pdqm-82)315,rna(mStayGold-2Xcox8A(N)) > tdmChilada-2xLynk(N),rna(mStayGold-mitochondria) > tdmChilada-membrane,mitochondria; membrane,staygold; chilada,,,,1076,536,512,4,24,pdqm-82,,,mgco-1,direct_by_clue_map,manual,pdqm-82,rna(mgco-1) > tg(pdqm-82)315,staygold; chilada,rna(mitochondria) > membrane,rna(staygold) > chilada
Korra_Foundation/20251114_mem-mito_mount1/fish3_24hpf_roi1,manual_5,rna(mgco-1) > tg(pdqm-82)315,rna(mStayGold-2Xcox8A(N)) > tdmChilada-2xLynk(N),rna(mStayGold-mitochondria) > tdmChilada-membrane,mitochondria; membrane,staygold; chilada,,,,1076,536,512,4,24,pdqm-82,,,mgco-1,direct_by_clue_map,manual,pdqm-82,rna(mgco-1) > tg(pdqm-82)315,staygold; chilada,rna(mitochondria) > membrane,rna(staygold) > chilada
Korra_Foundation/20251114_mem-mito_mount1/fish3_24hpf_roi2,manual_5,rna(mgco-1) > tg(pdqm-82)315,rna(mStayGold-2Xcox8A(N)) > tdmChilada-2xLynk(N),rna(mStayGold-mitochondria) > tdmChilada-membrane,mitochondria; membrane,staygold; chilada,,,,1076,536,512,4,24,pdqm-82,,,mgco-1,direct_by_clue_map,manual,pdqm-82,rna(mgco-1) > tg(pdqm-82)315,staygold; chilada,rna(mitochondria) > membrane,rna(staygold) > chilada
Korra_Foundation/20251114_mem-mito_mount1/fish3_24hpf_roi3,manual_5,rna(mgco-1) > tg(pdqm-82)315,rna(mStayGold-2Xcox8A(N)) > tdmChilada-2xLynk(N),rna(mStayGold-mitochondria) > tdmChilada-membrane,mitochondria; membrane,staygold; chilada,,,,1076,536,512,4,24,pdqm-82,,,mgco-1,direct_by_clue_map,manual,pdqm-82,rna(mgco-1) > tg(pdqm-82)315,staygold; chilada,rna(mitochondria) > membrane,rna(staygold) > chilada
Korra_Foundation/20251114_mem-mito_mount1/fish4_24hpf_roi1,manual_5,rna(mgco-1) > tg(pdqm-82)315,rna(mStayGold-2Xcox8A(N)) > tdmChilada-2xLynk(N),rna(mStayGold-mitochondria) > tdmChilada-membrane,mitochondria; membrane,staygold; chilada,,,,1076,536,512,4,24,pdqm-82,,,mgco-1,direct_by_clue_map,manual,pdqm-82,rna(mgco-1) > tg(pdqm-82)315,staygold; chilada,rna(mitochondria) > membrane,rna(staygold) > chilada
Korra_Foundation/20251114_mem-mito_mount1/fish4_24hpf_roi2,manual_5,rna(mgco-1) > tg(pdqm-82)315,rna(mStayGold-2Xcox8A(N)) > tdmChilada-2xLynk(N),rna(mStayGold-mitochondria) > tdmChilada-membrane,mitochondria; membrane,staygold; chilada,,,,1076,536,512,4,24,pdqm-82,,,mgco-1,direct_by_clue_map,manual,pdqm-82,rna(mgco-1) > tg(pdqm-82)315,staygold; chilada,rna(mitochondria) > membrane,rna(staygold) > chilada
Korra_Foundation/20251114_mem-mito_mount1/fish4_24hpf_roi3,manual_5,rna(mgco-1) > tg(pdqm-82)315,rna(mStayGold-2Xcox8A(N)) > tdmChilada-2xLynk(N),rna(mStayGold-mitochondria) > tdmChilada-membrane,mitochondria; membrane,staygold; chilada,,,,308,152,128,4,24,pdqm-82,,,mgco-1,direct_by_clue_map,manual,pdqm-82,rna(mgco-1) > tg(pdqm-82)315,staygold; chilada,rna(mitochondria) > membrane,rna(staygold) > chilada
Korra_Foundation/20251114_mem-mito_mount2/fish1_24hpf_roi1,manual_4,rna(mgco-1) > tg(pdqm-82)315,rna(mStayGold-2Xcox8A(N)) > tdmChilada-2xLynk(N),rna(mStayGold-mitochondria) > tdmChilada-membrane,mitochondria; membrane,staygold; chilada,,,,1076,536,512,4,24,pdqm-82,,,mgco-1,direct_by_clue_map,manual,pdqm-82,rna(mgco-1) > tg(pdqm-82)315,staygold; chilada,rna(mitochondria) > membrane,rna(staygold) > chilada
Korra_Foundation/20251114_mem-mito_mount2/fish1_24hpf_roi2,manual_4,rna(mgco-1) > tg(pdqm-82)315,rna(mStayGold-2Xcox8A(N)) > tdmChilada-2xLynk(N),rna(mStayGold-mitochondria) > tdmChilada-membrane,mitochondria; membrane,staygold; chilada,,,,1076,536,512,4,24,pdqm-82,,,mgco-1,direct_by_clue_map,manual,pdqm-82,rna(mgco-1) > tg(pdqm-82)315,staygold; chilada,rna(mitochondria) > membrane,rna(staygold) > chilada
Korra_Foundation/20251114_mem-mito_mount2/fish2_24hpf_roi1,manual_4,rna(mgco-1) > tg(pdqm-82)315,rna(mStayGold-2Xcox8A(N)) > tdmChilada-2xLynk(N),rna(mStayGold-mitochondria) > tdmChilada-membrane,mitochondria; membrane,staygold; chilada,,,,1076,536,512,4,24,pdqm-82,,,mgco-1,direct_by_clue_map,manual,pdqm-82,rna(mgco-1) > tg(pdqm-82)315,staygold; chilada,rna(mitochondria) > membrane,rna(staygold) > chilada
Korra_Foundation/20251114_mem-mito_mount2/fish2_24hpf_roi2,manual_4,rna(mgco-1) > tg(pdqm-82)315,rna(mStayGold-2Xcox8A(N)) > tdmChilada-2xLynk(N),rna(mStayGold-mitochondria) > tdmChilada-membrane,mitochondria; membrane,staygold; chilada,,,,1076,536,512,4,24,pdqm-82,,,mgco-1,direct_by_clue_map,manual,pdqm-82,rna(mgco-1) > tg(pdqm-82)315,staygold; chilada,rna(mitochondria) > membrane,rna(staygold) > chilada
Korra_Foundation/20251114_mem-mito_mount2/fish4_24hpf_roi1,manual_4,rna(mgco-1) > tg(pdqm-82)315,rna(mStayGold-2Xcox8A(N)) > tdmChilada-2xLynk(N),rna(mStayGold-mitochondria) > tdmChilada-membrane,mitochondria; membrane,staygold; chilada,,,,1076,536,512,4,24,pdqm-82,,,mgco-1,direct_by_clue_map,manual,pdqm-82,rna(mgco-1) > tg(pdqm-82)315,staygold; chilada,rna(mitochondria) > membrane,rna(staygold) > chilada
Korra_Foundation/20251114_mem-mito_mount2/fish4_24hpf_roi2,manual_4,rna(mgco-1) > tg(pdqm-82)315,rna(mStayGold-2Xcox8A(N)) > tdmChilada-2xLynk(N),rna(mStayGold-mitochondria) > tdmChilada-membrane,mitochondria; membrane,staygold; chilada,,,,1076,536,512,4,24,pdqm-82,,,mgco-1,direct_by_clue_map,manual,pdqm-82,rna(mgco-1) > tg(pdqm-82)315,staygold; chilada,rna(mitochondria) > membrane,rna(staygold) > chilada
Korra_Foundation/20251114_mem-mito_mount2/fish4_24hpf_roi3,manual_4,rna(mgco-1) > tg(pdqm-82)315,rna(mStayGold-2Xcox8A(N)) > tdmChilada-2xLynk(N),rna(mStayGold-mitochondria) > tdmChilada-membrane,mitochondria; membrane,staygold; chilada,,,,1076,536,512,4,24,pdqm-82,,,mgco-1,direct_by_clue_map,manual,pdqm-82,rna(mgco-1) > tg(pdqm-82)315,staygold; chilada,rna(mitochondria) > membrane,rna(staygold) > chilada
Korra_Foundation/20251114_mem-mito_mount2/fish5_24hpf_roi1,manual_4,rna(mgco-1) > tg(pdqm-82)315,rna(mStayGold-2Xcox8A(N)) > tdmChilada-2xLynk(N),rna(mStayGold-mitochondria) > tdmChilada-membrane,mitochondria; membrane,staygold; chilada,,,,1076,536,512,4,24,pdqm-82,,,mgco-1,direct_by_clue_map,manual,pdqm-82,rna(mgco-1) > tg(pdqm-82)315,staygold; chilada,rna(mitochondria) > membrane,rna(staygold) > chilada
Korra_Foundation/20251114_mem-mito_mount2/fish5_24hpf_roi2,manual_4,rna(mgco-1) > tg(pdqm-82)315,rna(mStayGold-2Xcox8A(N)) > tdmChilada-2xLynk(N),rna(mStayGold-mitochondria) > tdmChilada-membrane,mitochondria; membrane,staygold; chilada,,,,1076,536,512,4,24,pdqm-82,,,mgco-1,direct_by_clue_map,manual,pdqm-82,rna(mgco-1) > tg(pdqm-82)315,staygold; chilada,rna(mitochondria) > membrane,rna(staygold) > chilada
Korra_Foundation/20251114_mem-mito_mount2/fish5_24hpf_roi3,manual_4,rna(mgco-1) > tg(pdqm-82)315,rna(mStayGold-2Xcox8A(N)) > tdmChilada-2xLynk(N),rna(mStayGold-mitochondria) > tdmChilada-membrane,mitochondria; membrane,staygold; chilada,,,,1076,536,512,4,24,pdqm-82,,,mgco-1,direct_by_clue_map,manual,pdqm-82,rna(mgco-1) > tg(pdqm-82)315,staygold; chilada,rna(mitochondria) > membrane,rna(staygold) > chilada
Korra_Foundation/20251114_mem-mito_mount2/fish6_24hpf_roi1,manual_4,rna(mgco-1) > tg(pdqm-82)315,rna(mStayGold-2Xcox8A(N)) > tdmChilada-2xLynk(N),rna(mStayGold-mitochondria) > tdmChilada-membrane,mitochondria; membrane,staygold; chilada,,,,1076,536,512,4,24,pdqm-82,,,mgco-1,direct_by_clue_map,manual,pdqm-82,rna(mgco-1) > tg(pdqm-82)315,staygold; chilada,rna(mitochondria) > membrane,rna(staygold) > chilada
Korra_Foundation/20251114_mem-mito_mount2/fish6_24hpf_roi2,manual_4,rna(mgco-1) > tg(pdqm-82)315,rna(mStayGold-2Xcox8A(N)) > tdmChilada-2xLynk(N),rna(mStayGold-mitochondria) > tdmChilada-membrane,mitochondria; membrane,staygold; chilada,,,,1076,536,512,4,24,pdqm-82,,,mgco-1,direct_by_clue_map,manual,pdqm-82,rna(mgco-1) > tg(pdqm-82)315,staygold; chilada,rna(mitochondria) > membrane,rna(staygold) > chilada
Korra_Foundation/20251117_mem-histone/fish1_48hpf_roi1,direct_39,tg(pdqm-5)302; tg(pdqm-133)324,tdmSG-2xLynk(N); tdmScarlet3-H2B(C),tdmSG-membrane; tdmScarlet3-histone,membrane; histone,sg; scarlet3,DH,11/15/25,,15027,7166,4386,695,2780,pdqm-5(302),pdqm-133(324),,,direct,direct,pdqm-5(302); pdqm-133(324),tg(pdqm-5)302; tg(pdqm-133)324,sg; scarlet3,membrane; histone,sg; scarlet3
Korra_Foundation/20251121_mem-histone/fish1_48hpf_roi1,direct_38,tg(pdqm-5)301; tg(pdqm-133)324,tdmSG-2xLynk(N); tdmScarlet3-H2B(C),tdmSG-membrane; tdmScarlet3-histone,membrane; histone,sg; scarlet3,DH,11/19/25,,801,378,198,45,180,pdqm-5(301),pdqm-133(324),,,direct,direct,pdqm-5(301); pdqm-133(324),tg(pdqm-5)301; tg(pdqm-133)324,sg; scarlet3,membrane; histone,sg; scarlet3
Korra_Foundation/20251121_mem-histone/fish1_48hpf_roi1-2,direct_38,tg(pdqm-5)301; tg(pdqm-133)324,tdmSG-2xLynk(N); tdmScarlet3-H2B(C),tdmSG-membrane; tdmScarlet3-histone,membrane; histone,sg; scarlet3,DH,11/19/25,,541,254,116,34,137,pdqm-5(301),pdqm-133(324),,,direct,direct,pdqm-5(301); pdqm-133(324),tg(pdqm-5)301; tg(pdqm-133)324,sg; scarlet3,membrane; histone,sg; scarlet3
Korra_Foundation/20251121_mem-histone/fish1_48hpf_roi2,direct_38,tg(pdqm-5)301; tg(pdqm-133)324,tdmSG-2xLynk(N); tdmScarlet3-H2B(C),tdmSG-membrane; tdmScarlet3-histone,membrane; histone,sg; scarlet3,DH,11/19/25,,44921,21483,13668,1950,7820,pdqm-5(301),pdqm-133(324),,,direct,direct,pdqm-5(301); pdqm-133(324),tg(pdqm-5)301; tg(pdqm-133)324,sg; scarlet3,membrane; histone,sg; scarlet3
Korra_Foundation/20251121_mem-histone/fish2_48hpf_roi1,direct_38,tg(pdqm-5)301; tg(pdqm-133)324,tdmSG-2xLynk(N); tdmScarlet3-H2B(C),tdmSG-membrane; tdmScarlet3-histone,membrane; histone,sg; scarlet3,DH,11/19/25,,2045,925,170,170,780,pdqm-5(301),pdqm-133(324),,,direct,direct,pdqm-5(301); pdqm-133(324),tg(pdqm-5)301; tg(pdqm-133)324,sg; scarlet3,membrane; histone,sg; scarlet3
Korra_Foundation/20251124_mem-histone/fish1_72hpf_roi1,direct_37,tg(pdqm-5)301; tg(pdqm-133)324,tdmSG-2xLynk(N); tdmScarlet3-H2B(C),tdmSG-membrane; tdmScarlet3-histone,membrane; histone,sg; scarlet3,LHUH,11/21/25,,27304,13652,13652,0,0,pdqm-5(301),pdqm-133(324),,,direct,direct,pdqm-5(301); pdqm-133(324),tg(pdqm-5)301; tg(pdqm-133)324,sg; scarlet3,membrane; histone,sg; scarlet3
Korra_Foundation/20251125_mem-histone/fish1_96hpf_roi1,direct_35,tg(pdqm-5)301; tg(pdqm-133)324,tdmSG-2xLynk(N); tdmScarlet3-H2B(C),tdmSG-membrane; tdmScarlet3-histone,membrane; histone,sg; scarlet3,LHUH,11/21/25,,80,38,26,0,16,pdqm-5(301),pdqm-133(324),,,direct,direct,pdqm-5(301); pdqm-133(324),tg(pdqm-5)301; tg(pdqm-133)324,sg; scarlet3,membrane; histone,sg; scarlet3
Korra_Foundation/20251125_mem-histone/fish1_96hpf_roi1-2,direct_35,tg(pdqm-5)301; tg(pdqm-133)324,tdmSG-2xLynk(N); tdmScarlet3-H2B(C),tdmSG-membrane; tdmScarlet3-histone,membrane; histone,sg; scarlet3,LHUH,11/21/25,,2848,1364,884,120,480,pdqm-5(301),pdqm-133(324),,,direct,direct,pdqm-5(301); pdqm-133(324),tg(pdqm-5)301; tg(pdqm-133)324,sg; scarlet3,membrane; histone,sg; scarlet3
Korra_Foundation/20251125_mem-histone/fish1_96hpf_roi1-3,direct_35,tg(pdqm-5)301; tg(pdqm-133)324,tdmSG-2xLynk(N); tdmScarlet3-H2B(C),tdmSG-membrane; tdmScarlet3-histone,membrane; histone,sg; scarlet3,LHUH,11/21/25,,678,324,208,26,120,pdqm-5(301),pdqm-133(324),,,direct,direct,pdqm-5(301); pdqm-133(324),tg(pdqm-5)301; tg(pdqm-133)324,sg; scarlet3,membrane; histone,sg; scarlet3
Korra_Foundation/20251125_mem-histone/fish1_96hpf_roi1-4,direct_35,tg(pdqm-5)301; tg(pdqm-133)324,tdmSG-2xLynk(N); tdmScarlet3-H2B(C),tdmSG-membrane; tdmScarlet3-histone,membrane; histone,sg; scarlet3,LHUH,11/21/25,,8554,4264,4160,26,104,pdqm-5(301),pdqm-133(324),,,direct,direct,pdqm-5(301); pdqm-133(324),tg(pdqm-5)301; tg(pdqm-133)324,sg; scarlet3,membrane; histone,sg; scarlet3
Korra_Foundation/20251126_mem-histone/fish1_120hpf_roi1,direct_33,tg(pdqm-5)301; tg(pdqm-133)324,tdmSG-2xLynk(N); tdmScarlet3-H2B(C),tdmSG-membrane; tdmScarlet3-histone,membrane; histone,sg; scarlet3,LHUH,11/21/25,,40600,20274,20118,0,208,pdqm-5(301),pdqm-133(324),,,direct,direct,pdqm-5(301); pdqm-133(324),tg(pdqm-5)301; tg(pdqm-133)324,sg; scarlet3,membrane; histone,sg; scarlet3
Korra_Foundation/20251126_mem-histone/fish2_120hpf_roi1,direct_33,tg(pdqm-5)301; tg(pdqm-133)324,tdmSG-2xLynk(N); tdmScarlet3-H2B(C),tdmSG-membrane; tdmScarlet3-histone,membrane; histone,sg; scarlet3,LHUH,11/21/25,,240,120,120,0,0,pdqm-5(301),pdqm-133(324),,,direct,direct,pdqm-5(301); pdqm-133(324),tg(pdqm-5)301; tg(pdqm-133)324,sg; scarlet3,membrane; histone,sg; scarlet3
Korra_Foundation/20251128_mem-histone/fish1_120hpf_roi1,direct_31,tg(pdqm-5)302; tg(pdqm-133)324,tdmSG-2xLynk(N); tdmScarlet3-H2B(C),tdmSG-membrane; tdmScarlet3-histone,membrane; histone,sg; scarlet3,DH,11/26/25,,10192,5096,5096,0,0,pdqm-5(302),pdqm-133(324),,,direct,direct,pdqm-5(302); pdqm-133(324),tg(pdqm-5)302; tg(pdqm-133)324,sg; scarlet3,membrane; histone,sg; scarlet3
Korra_Foundation/20251128_mem-histone/fish2_120hpf_roi1,direct_31,tg(pdqm-5)302; tg(pdqm-133)324,tdmSG-2xLynk(N); tdmScarlet3-H2B(C),tdmSG-membrane; tdmScarlet3-histone,membrane; histone,sg; scarlet3,DH,11/26/25,,10192,5096,5096,0,0,pdqm-5(302),pdqm-133(324),,,direct,direct,pdqm-5(302); pdqm-133(324),tg(pdqm-5)302; tg(pdqm-133)324,sg; scarlet3,membrane; histone,sg; scarlet3
Korra_Foundation/20251202_mem-cytosolic/fish1_24hpf_roi1,direct_28,plasmid(pdqm-141) > tg(pdqm-136)325,plasmid(mGold2t) > tdmScarlet3-2xLynk(N),plasmid(mGold2t-cytosol) > tdmScarlet3-membrane,cytosol; membrane,gold2t; scarlet3,DH,12/1/25,,3276,1638,1638,0,0,,pdqm-136(325),pdqm-141,,direct,direct,pdqm-136(325),plasmid(pdqm-141) > tg(pdqm-136)325,gold2t; scarlet3,plasmid(cytosol) > membrane,plasmid(gold2t) > scarlet3
Korra_Foundation/20251202_mem-cytosolic/fish1_24hpf_roi2,direct_28,plasmid(pdqm-141) > tg(pdqm-136)325,plasmid(mGold2t) > tdmScarlet3-2xLynk(N),plasmid(mGold2t-cytosol) > tdmScarlet3-membrane,cytosol; membrane,gold2t; scarlet3,DH,12/1/25,,5634,2817,2817,0,0,,pdqm-136(325),pdqm-141,,direct,direct,pdqm-136(325),plasmid(pdqm-141) > tg(pdqm-136)325,gold2t; scarlet3,plasmid(cytosol) > membrane,plasmid(gold2t) > scarlet3
Korra_Foundation/20251202_mem-cytosolic/fish4_24hpf_roi1,direct_28,plasmid(pdqm-141) > tg(pdqm-136)325,plasmid(mGold2t) > tdmScarlet3-2xLynk(N),plasmid(mGold2t-cytosol) > tdmScarlet3-membrane,cytosol; membrane,gold2t; scarlet3,DH,12/1/25,,5632,2816,2816,0,0,,pdqm-136(325),pdqm-141,,direct,direct,pdqm-136(325),plasmid(pdqm-141) > tg(pdqm-136)325,gold2t; scarlet3,plasmid(cytosol) > membrane,plasmid(gold2t) > scarlet3
Korra_Foundation/20251202_mem-cytosolic/fish5_24hpf_roi1,direct_28,plasmid(pdqm-141) > tg(pdqm-136)325,plasmid(mGold2t) > tdmScarlet3-2xLynk(N),plasmid(mGold2t-cytosol) > tdmScarlet3-membrane,cytosol; membrane,gold2t; scarlet3,DH,12/1/25,,3072,1536,1536,0,0,,pdqm-136(325),pdqm-141,,direct,direct,pdqm-136(325),plasmid(pdqm-141) > tg(pdqm-136)325,gold2t; scarlet3,plasmid(cytosol) > membrane,plasmid(gold2t) > scarlet3
Korra_Foundation/20251202_mem-cytosolic/fish6_24hpf_roi1,direct_28,plasmid(pdqm-141) > tg(pdqm-136)325,plasmid(mGold2t) > tdmScarlet3-2xLynk(N),plasmid(mGold2t-cytosol) > tdmScarlet3-membrane,cytosol; membrane,gold2t; scarlet3,DH,12/1/25,,3072,1536,1536,0,0,,pdqm-136(325),pdqm-141,,direct,direct,pdqm-136(325),plasmid(pdqm-141) > tg(pdqm-136)325,gold2t; scarlet3,plasmid(cytosol) > membrane,plasmid(gold2t) > scarlet3
Korra_Foundation/20251203_mem-cytosolic/fish1_48hpf_roi1,direct_27,plasmid(pdqm-141) > tg(pdqm-136)325,plasmid(mGold2t) > tdmScarlet3-2xLynk(N),plasmid(mGold2t-cytosol) > tdmScarlet3-membrane,cytosol; membrane,gold2t; scarlet3,DH,12/1/25,,6782,3391,3391,0,0,,pdqm-136(325),pdqm-141,,direct,direct,pdqm-136(325),plasmid(pdqm-141) > tg(pdqm-136)325,gold2t; scarlet3,plasmid(cytosol) > membrane,plasmid(gold2t) > scarlet3
Korra_Foundation/20251203_mem-cytosolic/fish2_48hpf_roi1,direct_27,plasmid(pdqm-141) > tg(pdqm-136)325,plasmid(mGold2t) > tdmScarlet3-2xLynk(N),plasmid(mGold2t-cytosol) > tdmScarlet3-membrane,cytosol; membrane,gold2t; scarlet3,DH,12/1/25,,6720,3360,3360,0,0,,pdqm-136(325),pdqm-141,,direct,direct,pdqm-136(325),plasmid(pdqm-141) > tg(pdqm-136)325,gold2t; scarlet3,plasmid(cytosol) > membrane,plasmid(gold2t) > scarlet3
Korra_Foundation/20251203_mem-cytosolic/fish3_48hpf_roi1,direct_27,plasmid(pdqm-141) > tg(pdqm-136)325,plasmid(mGold2t) > tdmScarlet3-2xLynk(N),plasmid(mGold2t-cytosol) > tdmScarlet3-membrane,cytosol; membrane,gold2t; scarlet3,DH,12/1/25,,6720,3360,3360,0,0,,pdqm-136(325),pdqm-141,,direct,direct,pdqm-136(325),plasmid(pdqm-141) > tg(pdqm-136)325,gold2t; scarlet3,plasmid(cytosol) > membrane,plasmid(gold2t) > scarlet3
Korra_Foundation/20251203_mem-cytosolic/fish4_48hpf_roi1,direct_27,plasmid(pdqm-141) > tg(pdqm-136)325,plasmid(mGold2t) > tdmScarlet3-2xLynk(N),plasmid(mGold2t-cytosol) > tdmScarlet3-membrane,cytosol; membrane,gold2t; scarlet3,DH,12/1/25,,5440,2720,2720,0,0,,pdqm-136(325),pdqm-141,,direct,direct,pdqm-136(325),plasmid(pdqm-141) > tg(pdqm-136)325,gold2t; scarlet3,plasmid(cytosol) > membrane,plasmid(gold2t) > scarlet3
Korra_Foundation/20251204_mem_histone/fish1_72hpf_roi1,direct_25,tg(pdqm-133)324; tg(pdqm-5)302,tdmScarlet3-H2B(C); tdmSG-2xLynk(N),tdmScarlet3-histone; tdmSG-membrane,histone; membrane,scarlet3; sg,DH,12/1/25,,1352,672,640,8,32,pdqm-133(324),pdqm-5(302),,,direct,direct,pdqm-133(324); pdqm-5(302),tg(pdqm-133)324; tg(pdqm-5)302,scarlet3; sg,histone; membrane,scarlet3; sg
Korra_Foundation/20251204_mem_histone/fish1_72hpf_roi2,direct_25,tg(pdqm-133)324; tg(pdqm-5)302,tdmScarlet3-H2B(C); tdmSG-2xLynk(N),tdmScarlet3-histone; tdmSG-membrane,histone; membrane,scarlet3; sg,DH,12/1/25,,1352,672,640,8,32,pdqm-133(324),pdqm-5(302),,,direct,direct,pdqm-133(324); pdqm-5(302),tg(pdqm-133)324; tg(pdqm-5)302,scarlet3; sg,histone; membrane,scarlet3; sg
Korra_Foundation/20251204_mem_histone/fish1_72hpf_roi3,direct_25,tg(pdqm-133)324; tg(pdqm-5)302,tdmScarlet3-H2B(C); tdmSG-2xLynk(N),tdmScarlet3-histone; tdmSG-membrane,histone; membrane,scarlet3; sg,DH,12/1/25,,1352,672,640,8,32,pdqm-133(324),pdqm-5(302),,,direct,direct,pdqm-133(324); pdqm-5(302),tg(pdqm-133)324; tg(pdqm-5)302,scarlet3; sg,histone; membrane,scarlet3; sg
Korra_Foundation/20251204_mem_histone/fish1_72hpf_roi4,direct_25,tg(pdqm-133)324; tg(pdqm-5)302,tdmScarlet3-H2B(C); tdmSG-2xLynk(N),tdmScarlet3-histone; tdmSG-membrane,histone; membrane,scarlet3; sg,DH,12/1/25,,1352,672,640,8,32,pdqm-133(324),pdqm-5(302),,,direct,direct,pdqm-133(324); pdqm-5(302),tg(pdqm-133)324; tg(pdqm-5)302,scarlet3; sg,histone; membrane,scarlet3; sg
Korra_Foundation/20251204_mem_histone/fish1_72hpf_roi5,direct_25,tg(pdqm-133)324; tg(pdqm-5)302,tdmScarlet3-H2B(C); tdmSG-2xLynk(N),tdmScarlet3-histone; tdmSG-membrane,histone; membrane,scarlet3; sg,DH,12/1/25,,1352,672,640,8,32,pdqm-133(324),pdqm-5(302),,,direct,direct,pdqm-133(324); pdqm-5(302),tg(pdqm-133)324; tg(pdqm-5)302,scarlet3; sg,histone; membrane,scarlet3; sg
Korra_Foundation/20251204_mem_histone/fish1_72hpf_roi6,direct_25,tg(pdqm-133)324; tg(pdqm-5)302,tdmScarlet3-H2B(C); tdmSG-2xLynk(N),tdmScarlet3-histone; tdmSG-membrane,histone; membrane,scarlet3; sg,DH,12/1/25,,1352,672,640,8,32,pdqm-133(324),pdqm-5(302),,,direct,direct,pdqm-133(324); pdqm-5(302),tg(pdqm-133)324; tg(pdqm-5)302,scarlet3; sg,histone; membrane,scarlet3; sg
Korra_Foundation/20251204_mem_histone/fish1_72hpf_roi7,direct_25,tg(pdqm-133)324; tg(pdqm-5)302,tdmScarlet3-H2B(C); tdmSG-2xLynk(N),tdmScarlet3-histone; tdmSG-membrane,histone; membrane,scarlet3; sg,DH,12/1/25,,1352,672,640,8,32,pdqm-133(324),pdqm-5(302),,,direct,direct,pdqm-133(324); pdqm-5(302),tg(pdqm-133)324; tg(pdqm-5)302,scarlet3; sg,histone; membrane,scarlet3; sg
Korra_Foundation/20251204_mem_histone/fish1_72hpf_roi8,direct_25,tg(pdqm-133)324; tg(pdqm-5)302,tdmScarlet3-H2B(C); tdmSG-2xLynk(N),tdmScarlet3-histone; tdmSG-membrane,histone; membrane,scarlet3; sg,DH,12/1/25,,1352,672,640,8,32,pdqm-133(324),pdqm-5(302),,,direct,direct,pdqm-133(324); pdqm-5(302),tg(pdqm-133)324; tg(pdqm-5)302,scarlet3; sg,histone; membrane,scarlet3; sg
Korra_Foundation/20251204_mem_histone/fish1_72hpf_roi9,direct_25,tg(pdqm-133)324; tg(pdqm-5)302,tdmScarlet3-H2B(C); tdmSG-2xLynk(N),tdmScarlet3-histone; tdmSG-membrane,histone; membrane,scarlet3; sg,DH,12/1/25,,1352,672,640,8,32,pdqm-133(324),pdqm-5(302),,,direct,direct,pdqm-133(324); pdqm-5(302),tg(pdqm-133)324; tg(pdqm-5)302,scarlet3; sg,histone; membrane,scarlet3; sg
Korra_Foundation/20251204_mem_histone/fish3_72hpf_roi1,direct_25,tg(pdqm-133)324; tg(pdqm-5)302,tdmScarlet3-H2B(C); tdmSG-2xLynk(N),tdmScarlet3-histone; tdmSG-membrane,histone; membrane,scarlet3; sg,DH,12/1/25,,1352,672,640,8,32,pdqm-133(324),pdqm-5(302),,,direct,direct,pdqm-133(324); pdqm-5(302),tg(pdqm-133)324; tg(pdqm-5)302,scarlet3; sg,histone; membrane,scarlet3; sg
Korra_Foundation/20251204_mem_histone/fish3_72hpf_roi2,direct_25,tg(pdqm-133)324; tg(pdqm-5)302,tdmScarlet3-H2B(C); tdmSG-2xLynk(N),tdmScarlet3-histone; tdmSG-membrane,histone; membrane,scarlet3; sg,DH,12/1/25,,1352,672,640,8,32,pdqm-133(324),pdqm-5(302),,,direct,direct,pdqm-133(324); pdqm-5(302),tg(pdqm-133)324; tg(pdqm-5)302,scarlet3; sg,histone; membrane,scarlet3; sg
Korra_Foundation/20251205_mem-histone/fish1_96hpf_roi1,manual_2,tg(pdqm-5)301; tg(pdqm-133)324,tdmSG-2xLynk(N); tdmScarlet3-H2B(C),tdmSG-membrane; tdmScarlet3-histone,membrane; histone,sg; scarlet3,,,,1352,672,640,8,32,pdqm-5(301),pdqm-133(324),,,direct_by_clue_map,manual,pdqm-5(301); pdqm-133(324),tg(pdqm-5)301; tg(pdqm-133)324,sg; scarlet3,membrane; histone,sg; scarlet3
Korra_Foundation/20251205_mem-histone/fish1_96hpf_roi2,manual_2,tg(pdqm-5)301; tg(pdqm-133)324,tdmSG-2xLynk(N); tdmScarlet3-H2B(C),tdmSG-membrane; tdmScarlet3-histone,membrane; histone,sg; scarlet3,,,,1352,672,640,8,32,pdqm-5(301),pdqm-133(324),,,direct_by_clue_map,manual,pdqm-5(301); pdqm-133(324),tg(pdqm-5)301; tg(pdqm-133)324,sg; scarlet3,membrane; histone,sg; scarlet3
Korra_Foundation/20251205_mem-histone/fish1_96hpf_roi3,manual_2,tg(pdqm-5)301; tg(pdqm-133)324,tdmSG-2xLynk(N); tdmScarlet3-H2B(C),tdmSG-membrane; tdmScarlet3-histone,membrane; histone,sg; scarlet3,,,,1352,672,640,8,32,pdqm-5(301),pdqm-133(324),,,direct_by_clue_map,manual,pdqm-5(301); pdqm-133(324),tg(pdqm-5)301; tg(pdqm-133)324,sg; scarlet3,membrane; histone,sg; scarlet3
Korra_Foundation/20251205_mem-histone/fish2_96hpf_roi1,manual_2,tg(pdqm-5)301; tg(pdqm-133)324,tdmSG-2xLynk(N); tdmScarlet3-H2B(C),tdmSG-membrane; tdmScarlet3-histone,membrane; histone,sg; scarlet3,,,,1352,672,640,8,32,pdqm-5(301),pdqm-133(324),,,direct_by_clue_map,manual,pdqm-5(301); pdqm-133(324),tg(pdqm-5)301; tg(pdqm-133)324,sg; scarlet3,membrane; histone,sg; scarlet3
Korra_Foundation/20251205_mem-histone/fish2_96hpf_roi2,manual_2,tg(pdqm-5)301; tg(pdqm-133)324,tdmSG-2xLynk(N); tdmScarlet3-H2B(C),tdmSG-membrane; tdmScarlet3-histone,membrane; histone,sg; scarlet3,,,,1352,672,640,8,32,pdqm-5(301),pdqm-133(324),,,direct_by_clue_map,manual,pdqm-5(301); pdqm-133(324),tg(pdqm-5)301; tg(pdqm-133)324,sg; scarlet3,membrane; histone,sg; scarlet3
Korra_Foundation/20251205_mem-histone/fish2_96hpf_roi3,manual_2,tg(pdqm-5)301; tg(pdqm-133)324,tdmSG-2xLynk(N); tdmScarlet3-H2B(C),tdmSG-membrane; tdmScarlet3-histone,membrane; histone,sg; scarlet3,,,,1352,672,640,8,32,pdqm-5(301),pdqm-133(324),,,direct_by_clue_map,manual,pdqm-5(301); pdqm-133(324),tg(pdqm-5)301; tg(pdqm-133)324,sg; scarlet3,membrane; histone,sg; scarlet3
Korra_Foundation/20251208_mem-histone/fish1_24hpf_roi1,direct_20,tg(pdqm-5)301; tg(pdqm-133)324,tdmSG-2xLynk(N); tdmScarlet3-H2B(C),tdmSG-membrane; tdmScarlet3-histone,membrane; histone,sg; scarlet3,VTUHD,12/7/25,,2535,1260,1200,15,60,pdqm-5(301),pdqm-133(324),,,direct,direct,pdqm-5(301); pdqm-133(324),tg(pdqm-5)301; tg(pdqm-133)324,sg; scarlet3,membrane; histone,sg; scarlet3
Korra_Foundation/20251208_mem-histone/fish1_24hpf_roi1-2,direct_20,tg(pdqm-5)301; tg(pdqm-133)324,tdmSG-2xLynk(N); tdmScarlet3-H2B(C),tdmSG-membrane; tdmScarlet3-histone,membrane; histone,sg; scarlet3,VTUHD,12/7/25,,7275,3630,3570,15,60,pdqm-5(301),pdqm-133(324),,,direct,direct,pdqm-5(301); pdqm-133(324),tg(pdqm-5)301; tg(pdqm-133)324,sg; scarlet3,membrane; histone,sg; scarlet3
Korra_Foundation/20251208_mem-histone/fish4_24hpf_roi2,direct_20,tg(pdqm-5)301; tg(pdqm-133)324,tdmSG-2xLynk(N); tdmScarlet3-H2B(C),tdmSG-membrane; tdmScarlet3-histone,membrane; histone,sg; scarlet3,VTUHD,12/7/25,,3018,1479,1254,45,240,pdqm-5(301),pdqm-133(324),,,direct,direct,pdqm-5(301); pdqm-133(324),tg(pdqm-5)301; tg(pdqm-133)324,sg; scarlet3,membrane; histone,sg; scarlet3
Korra_Foundation/20251209_mem-histone/fish1_24hpf_roi1,direct_19,tg(pdqm-5)301; tg(pdqm-133)324,tdmSG-2xLynk(N); tdmScarlet3-H2B(C),tdmSG-membrane; tdmScarlet3-histone,membrane; histone,sg; scarlet3,DH,12/8/25,,8745,4356,4224,33,132,pdqm-5(301),pdqm-133(324),,,direct,direct,pdqm-5(301); pdqm-133(324),tg(pdqm-5)301; tg(pdqm-133)324,sg; scarlet3,membrane; histone,sg; scarlet3
Korra_Foundation/20251209_mem-histone/fish2_24hpf_roi1,direct_19,tg(pdqm-5)301; tg(pdqm-133)324,tdmSG-2xLynk(N); tdmScarlet3-H2B(C),tdmSG-membrane; tdmScarlet3-histone,membrane; histone,sg; scarlet3,DH,12/8/25,,231,99,0,0,132,pdqm-5(301),pdqm-133(324),,,direct,direct,pdqm-5(301); pdqm-133(324),tg(pdqm-5)301; tg(pdqm-133)324,sg; scarlet3,membrane; histone,sg; scarlet3
Korra_Foundation/20251209_mem-histone/fish3_48hpf_roi1,direct_19,tg(pdqm-5)301; tg(pdqm-133)324,tdmSG-2xLynk(N); tdmScarlet3-H2B(C),tdmSG-membrane; tdmScarlet3-histone,membrane; histone,sg; scarlet3,DH,12/8/25,,3014,1496,1408,22,88,pdqm-5(301),pdqm-133(324),,,direct,direct,pdqm-5(301); pdqm-133(324),tg(pdqm-5)301; tg(pdqm-133)324,sg; scarlet3,membrane; histone,sg; scarlet3
Korra_Foundation/20251210_mem-histone/fish1_48hpf_roi1,direct_17,tg(pdqm-5)302; tg(pdqm-133)324,tdmSG-2xLynk(N); tdmScarlet3-H2B(C),tdmSG-membrane; tdmScarlet3-histone,membrane; histone,sg; scarlet3,DH,12/8/25,,5552,2763,2659,26,104,pdqm-5(302),pdqm-133(324),,,direct,direct,pdqm-5(302); pdqm-133(324),tg(pdqm-5)302; tg(pdqm-133)324,sg; scarlet3,membrane; histone,sg; scarlet3
Korra_Foundation/20251210_mem-histone/fish2_48hpf_roi1,direct_17,tg(pdqm-5)302; tg(pdqm-133)324,tdmSG-2xLynk(N); tdmScarlet3-H2B(C),tdmSG-membrane; tdmScarlet3-histone,membrane; histone,sg; scarlet3,DH,12/8/25,,2184,1079,975,26,104,pdqm-5(302),pdqm-133(324),,,direct,direct,pdqm-5(302); pdqm-133(324),tg(pdqm-5)302; tg(pdqm-133)324,sg; scarlet3,membrane; histone,sg; scarlet3
Korra_Foundation/20251210_mem-histone/fish2_48hpf_roi2,direct_17,tg(pdqm-5)302; tg(pdqm-133)324,tdmSG-2xLynk(N); tdmScarlet3-H2B(C),tdmSG-membrane; tdmScarlet3-histone,membrane; histone,sg; scarlet3,DH,12/8/25,,5226,2600,2496,26,104,pdqm-5(302),pdqm-133(324),,,direct,direct,pdqm-5(302); pdqm-133(324),tg(pdqm-5)302; tg(pdqm-133)324,sg; scarlet3,membrane; histone,sg; scarlet3
Korra_Foundation/20251210_mem-histone/fish3_48hpf_roi1,direct_17,tg(pdqm-5)302; tg(pdqm-133)324,tdmSG-2xLynk(N); tdmScarlet3-H2B(C),tdmSG-membrane; tdmScarlet3-histone,membrane; histone,sg; scarlet3,DH,12/8/25,,12380,6156,5884,68,272,pdqm-5(302),pdqm-133(324),,,direct,direct,pdqm-5(302); pdqm-133(324),tg(pdqm-5)302; tg(pdqm-133)324,sg; scarlet3,membrane; histone,sg; scarlet3
Korra_Foundation/20251211_mem-histone/fish1_72hpf_roi1,direct_13,tg(pdqm-5)302; tg(pdqm-133)324,tdmSG-2xLynk(N); tdmScarlet3-H2B(C),tdmSG-membrane; tdmScarlet3-histone,membrane; histone,sg; scarlet3,LHDH,12/8/25,,10078,5012,4800,50,216,pdqm-5(302),pdqm-133(324),,,direct,direct,pdqm-5(302); pdqm-133(324),tg(pdqm-5)302; tg(pdqm-133)324,sg; scarlet3,membrane; histone,sg; scarlet3
Korra_Foundation/20251211_mem-histone/fish2_72hpf_roi1,direct_13,tg(pdqm-5)302; tg(pdqm-133)324,tdmSG-2xLynk(N); tdmScarlet3-H2B(C),tdmSG-membrane; tdmScarlet3-histone,membrane; histone,sg; scarlet3,LHDH,12/8/25,,7839,3900,3744,39,156,pdqm-5(302),pdqm-133(324),,,direct,direct,pdqm-5(302); pdqm-133(324),tg(pdqm-5)302; tg(pdqm-133)324,sg; scarlet3,membrane; histone,sg; scarlet3
Korra_Foundation/20251212_mem-histone/fish1_72hpf_roi1,direct_12,tg(pdqm-5)302; tg(pdqm-133)324,tdmSG-2xLynk(N); tdmScarlet3-H2B(C),tdmSG-membrane; tdmScarlet3-histone,membrane; histone,sg; scarlet3,LHDH,12/8/25,,3514,1726,1473,63,252,pdqm-5(302),pdqm-133(324),,,direct,direct,pdqm-5(302); pdqm-133(324),tg(pdqm-5)302; tg(pdqm-133)324,sg; scarlet3,membrane; histone,sg; scarlet3
Korra_Foundation/20251212_mem-histone/fish2_72hpf_roi1,direct_12,tg(pdqm-5)302; tg(pdqm-133)324,tdmSG-2xLynk(N); tdmScarlet3-H2B(C),tdmSG-membrane; tdmScarlet3-histone,membrane; histone,sg; scarlet3,LHDH,12/8/25,,23985,11700,9360,585,2340,pdqm-5(302),pdqm-133(324),,,direct,direct,pdqm-5(302); pdqm-133(324),tg(pdqm-5)302; tg(pdqm-133)324,sg; scarlet3,membrane; histone,sg; scarlet3
Korra_Foundation/20251212_mem-histone/fish3_72hpf_roi1,direct_12,tg(pdqm-5)302; tg(pdqm-133)324,tdmSG-2xLynk(N); tdmScarlet3-H2B(C),tdmSG-membrane; tdmScarlet3-histone,membrane; histone,sg; scarlet3,LHDH,12/8/25,,20910,10200,8160,510,2040,pdqm-5(302),pdqm-133(324),,,direct,direct,pdqm-5(302); pdqm-133(324),tg(pdqm-5)302; tg(pdqm-133)324,sg; scarlet3,membrane; histone,sg; scarlet3
Korra_Foundation/20251216_mem-histone/fish1_24hpf_roi1,direct_10,tg(pdqm-5)301; tg(pdqm-133)324,tdmSG-2xLynk(N); tdmScarlet3-H2B(C),tdmSG-membrane; tdmScarlet3-histone,membrane; histone,sg; scarlet3,DH,12/15/25,,4616,2301,2240,14,61,pdqm-5(301),pdqm-133(324),,,direct,direct,pdqm-5(301); pdqm-133(324),tg(pdqm-5)301; tg(pdqm-133)324,sg; scarlet3,membrane; histone,sg; scarlet3
Korra_Foundation/20251216_mem-histone/fish2_24hpf_roi1,direct_10,tg(pdqm-5)301; tg(pdqm-133)324,tdmSG-2xLynk(N); tdmScarlet3-H2B(C),tdmSG-membrane; tdmScarlet3-histone,membrane; histone,sg; scarlet3,DH,12/15/25,,3060,1520,1440,20,80,pdqm-5(301),pdqm-133(324),,,direct,direct,pdqm-5(301); pdqm-133(324),tg(pdqm-5)301; tg(pdqm-133)324,sg; scarlet3,membrane; histone,sg; scarlet3
Korra_Foundation/20251216_mem-histone/fish3_24hpf_roi1,direct_10,tg(pdqm-5)301; tg(pdqm-133)324,tdmSG-2xLynk(N); tdmScarlet3-H2B(C),tdmSG-membrane; tdmScarlet3-histone,membrane; histone,sg; scarlet3,DH,12/15/25,,1756,872,824,12,48,pdqm-5(301),pdqm-133(324),,,direct,direct,pdqm-5(301); pdqm-133(324),tg(pdqm-5)301; tg(pdqm-133)324,sg; scarlet3,membrane; histone,sg; scarlet3
Korra_Foundation/20251216_mem-histone/fish4_24hpf_roi1,direct_10,tg(pdqm-5)301; tg(pdqm-133)324,tdmSG-2xLynk(N); tdmScarlet3-H2B(C),tdmSG-membrane; tdmScarlet3-histone,membrane; histone,sg; scarlet3,DH,12/15/25,,3948,1968,1920,12,48,pdqm-5(301),pdqm-133(324),,,direct,direct,pdqm-5(301); pdqm-133(324),tg(pdqm-5)301; tg(pdqm-133)324,sg; scarlet3,membrane; histone,sg; scarlet3
Korra_Foundation/20251216_mem-histone/fish5_24hpf_roi1,direct_10,tg(pdqm-5)301; tg(pdqm-133)324,tdmSG-2xLynk(N); tdmScarlet3-H2B(C),tdmSG-membrane; tdmScarlet3-histone,membrane; histone,sg; scarlet3,DH,12/15/25,,5922,2952,2880,18,72,pdqm-5(301),pdqm-133(324),,,direct,direct,pdqm-5(301); pdqm-133(324),tg(pdqm-5)301; tg(pdqm-133)324,sg; scarlet3,membrane; histone,sg; scarlet3
Korra_Foundation/20251217_mem-histone/fish1_48hpf_roi1,direct_7,tg(pdqm-5)302; tg(pdqm-133)324,tdmSG-2xLynk(N); tdmScarlet3-H2B(C),tdmSG-membrane; tdmScarlet3-histone,membrane; histone,sg; scarlet3,DH,12/15/25,,18929,9414,9001,102,412,pdqm-5(302),pdqm-133(324),,,direct,direct,pdqm-5(302); pdqm-133(324),tg(pdqm-5)302; tg(pdqm-133)324,sg; scarlet3,membrane; histone,sg; scarlet3
Korra_Foundation/20251218_mem-histone/fish1_72hpf_roi1,manual_2,tg(pdqm-5)301; tg(pdqm-133)324,tdmSG-2xLynk(N); tdmScarlet3-H2B(C),tdmSG-membrane; tdmScarlet3-histone,membrane; histone,sg; scarlet3,,,,4743,2364,2304,15,60,pdqm-5(301),pdqm-133(324),,,direct_by_clue_map,manual,pdqm-5(301); pdqm-133(324),tg(pdqm-5)301; tg(pdqm-133)324,sg; scarlet3,membrane; histone,sg; scarlet3
Korra_Foundation/20251218_mem-histone/fish1_72hpf_roi2,manual_2,tg(pdqm-5)301; tg(pdqm-133)324,tdmSG-2xLynk(N); tdmScarlet3-H2B(C),tdmSG-membrane; tdmScarlet3-histone,membrane; histone,sg; scarlet3,,,,4743,2364,2304,15,60,pdqm-5(301),pdqm-133(324),,,direct_by_clue_map,manual,pdqm-5(301); pdqm-133(324),tg(pdqm-5)301; tg(pdqm-133)324,sg; scarlet3,membrane; histone,sg; scarlet3
Korra_Foundation/20251218_mem-histone/fish1_72hpf_roi3,manual_2,tg(pdqm-5)301; tg(pdqm-133)324,tdmSG-2xLynk(N); tdmScarlet3-H2B(C),tdmSG-membrane; tdmScarlet3-histone,membrane; histone,sg; scarlet3,,,,4743,2364,2304,15,60,pdqm-5(301),pdqm-133(324),,,direct_by_clue_map,manual,pdqm-5(301); pdqm-133(324),tg(pdqm-5)301; tg(pdqm-133)324,sg; scarlet3,membrane; histone,sg; scarlet3
Korra_Foundation/20251218_mem-histone/fish2_72hpf_roi1_eye,manual_2,tg(pdqm-5)301; tg(pdqm-133)324,tdmSG-2xLynk(N); tdmScarlet3-H2B(C),tdmSG-membrane; tdmScarlet3-histone,membrane; histone,sg; scarlet3,,,,3990,1987,1920,15,68,pdqm-5(301),pdqm-133(324),,,direct_by_clue_map,manual,pdqm-5(301); pdqm-133(324),tg(pdqm-5)301; tg(pdqm-133)324,sg; scarlet3,membrane; histone,sg; scarlet3
Korra_Foundation/20251218_mem-histone/fish3_72hpf_roi1,manual_2,tg(pdqm-5)301; tg(pdqm-133)324,tdmSG-2xLynk(N); tdmScarlet3-H2B(C),tdmSG-membrane; tdmScarlet3-histone,membrane; histone,sg; scarlet3,,,,1735,860,800,15,60,pdqm-5(301),pdqm-133(324),,,direct_by_clue_map,manual,pdqm-5(301); pdqm-133(324),tg(pdqm-5)301; tg(pdqm-133)324,sg; scarlet3,membrane; histone,sg; scarlet3
Korra_Foundation/20251218_mem-histone/fish3_72hpf_roi2,manual_2,tg(pdqm-5)301; tg(pdqm-133)324,tdmSG-2xLynk(N); tdmScarlet3-H2B(C),tdmSG-membrane; tdmScarlet3-histone,membrane; histone,sg; scarlet3,,,,1735,860,800,15,60,pdqm-5(301),pdqm-133(324),,,direct_by_clue_map,manual,pdqm-5(301); pdqm-133(324),tg(pdqm-5)301; tg(pdqm-133)324,sg; scarlet3,membrane; histone,sg; scarlet3
Korra_Foundation/20251218_mem-histone/fish3_72hpf_roi3,manual_2,tg(pdqm-5)301; tg(pdqm-133)324,tdmSG-2xLynk(N); tdmScarlet3-H2B(C),tdmSG-membrane; tdmScarlet3-histone,membrane; histone,sg; scarlet3,,,,1735,860,800,15,60,pdqm-5(301),pdqm-133(324),,,direct_by_clue_map,manual,pdqm-5(301); pdqm-133(324),tg(pdqm-5)301; tg(pdqm-133)324,sg; scarlet3,membrane; histone,sg; scarlet3
Korra_Foundation/20251222_mem-histone/fish1_72hpf_roi1,manual_2,tg(pdqm-5)301; tg(pdqm-133)324,tdmSG-2xLynk(N); tdmScarlet3-H2B(C),tdmSG-membrane; tdmScarlet3-histone,membrane; histone,sg; scarlet3,,,,10492,5232,5120,28,112,pdqm-5(301),pdqm-133(324),,,direct_by_clue_map,manual,pdqm-5(301); pdqm-133(324),tg(pdqm-5)301; tg(pdqm-133)324,sg; scarlet3,membrane; histone,sg; scarlet3
Korra_Foundation/20251222_mem-histone/fish2_72hpf_roi1,manual_2,tg(pdqm-5)301; tg(pdqm-133)324,tdmSG-2xLynk(N); tdmScarlet3-H2B(C),tdmSG-membrane; tdmScarlet3-histone,membrane; histone,sg; scarlet3,,,,10042,4979,4643,84,336,pdqm-5(301),pdqm-133(324),,,direct_by_clue_map,manual,pdqm-5(301); pdqm-133(324),tg(pdqm-5)301; tg(pdqm-133)324,sg; scarlet3,membrane; histone,sg; scarlet3